artist_id,artist_name,artist_popularity,country,genre_id
1,!nvite,41,Unknown,34.0
2,"""Puppy Dog Pals"" Cast",60,Unknown,26.0
3,"""Weird Al"" Yankovic",58,Unknown,27.0
4,#Kids,34,Unknown,26.0
5,$affie,43,Unknown,34.0
6,&ME,50,Unknown,43.0
7,'Falsettos' 2016 Broadway Company,30,Unknown,31.0
8,'Til Tuesday,28,Unknown,59.0
9,(DOLCH),22,Unknown,64.0
10,(G)I-DLE,80,Unknown,104.0
11,(Hed) P.E.,28,Unknown,
12,-M-,33,Unknown,96.0
13,04 Limited Sazabys,32,Unknown,103.0
14,1 Trait Danger,21,Unknown,27.0
15,10 Years,60,Unknown,70.0
16,10-FEET,34,Unknown,103.0
17,100 Blaze,0,Unknown,96.0
18,1019,38,Unknown,97.0
19,102 Boyz,39,Unknown,97.0
20,10cc,71,Unknown,2.0
21,10cm,61,Unknown,11.0
22,110,41,Unknown,116.0
23,12 Stones,60,Unknown,70.0
24,1200 Micrograms,41,Unknown,61.0
25,1280 Almas,37,Unknown,80.0
26,12AM,47,Unknown,7.0
27,12th Planet,47,Unknown,47.0
28,13,19,Unknown,41.0
29,13 Block,32,Unknown,96.0
30,1349,20,Unknown,64.0
31,13th Floor Elevators,54,Unknown,52.0
32,163,38,Unknown,116.0
33,16BL,47,Unknown,61.0
34,175R,39,Unknown,103.0
35,1782,19,Unknown,73.0
36,1788-L,35,Unknown,41.0
37,19,39,Unknown,102.0
38,1986zig,0,Unknown,97.0
39,1988,35,Unknown,51.0
40,1991,60,Unknown,46.0
41,1995,33,Unknown,96.0
42,1PLIKÉ140,0,Unknown,96.0
43,2 Best Enemies,22,Unknown,53.0
44,2 Blyga Läppar,45,Unknown,114.0
45,2 Brothers On The 4th Floor,65,Unknown,10.0
46,2 minutos,43,Unknown,80.0
47,2002,24,Unknown,22.0
48,22 Void Beats,38,Unknown,51.0
49,220 KID,68,Unknown,54.0
50,22Gz,67,Unknown,6.0
51,23Till,35,Unknown,114.0
52,24SJU,23,Unknown,67.0
53,24kGoldn,83,Unknown,16.0
54,250 kg kärlek,44,Unknown,114.0
55,25th Annual Putnam County Spelling Bee Original Cast,34,Unknown,31.0
56,2Baba,44,Unknown,86.0
57,2Pac,81,Unknown,3.0
58,2R,23,Unknown,94.0
59,2T,49,Unknown,3.0
60,2gaudy,51,Unknown,36.0
61,2nd Grade,21,Unknown,78.0
62,3 Doors Down,80,Unknown,63.0
63,3 Hürel,28,Unknown,79.0
64,3 Pill Morning,28,Unknown,77.0
65,3 Steps Ahead,24,Unknown,10.0
66,3030,52,Unknown,92.0
67,31 Minutos,46,Unknown,106.0
68,311,38,Unknown,76.0
69,32 Leaves,53,Unknown,70.0
70,347aidan,76,Unknown,36.0
71,36 Crazyfists,56,Unknown,69.0
72,38 Special,3,Unknown,18.0
73,3FORCE,41,Unknown,41.0
74,3LAU,59,Unknown,51.0
75,3OH!3,65,Unknown,80.0
76,3TEETH,45,Unknown,
77,3x7 Veintiuna,42,Unknown,19.0
78,4 Tune Fairytales,25,Unknown,10.0
79,4*TOWN (From Disney and Pixar’s Turning Red),60,Unknown,9.0
80,40 Below Summer,25,Unknown,
81,44phantom,69,Unknown,66.0
82,450,31,Unknown,86.0
83,48th St. Collective,0,Unknown,5.0
84,4Keus Gang,32,Unknown,96.0
85,4ever Falling,47,Unknown,66.0
86,4hero,54,Unknown,46.0
87,4i20,44,Unknown,61.0
88,4to28,50,Unknown,34.0
89,4yye,35,Unknown,114.0
90,5 Adım,37,Unknown,116.0
91,5 Seconds of Summer,81,Unknown,42.0
92,5 a Seco,48,Unknown,109.0
93,50 Cent,83,Unknown,1.0
94,509-E,48,Unknown,92.0
95,50landing,46,Unknown,66.0
96,53 Thieves,55,Unknown,40.0
97,6 Dogs,56,Unknown,66.0
98,6091,45,Unknown,50.0
99,6EJOU,25,Unknown,60.0
100,6ix9ine,78,Unknown,66.0
101,6o,46,Unknown,66.0
102,6t6,35,Unknown,86.0
103,7 Minutoz,47,Unknown,6.0
104,7!!,63,Unknown,91.0
105,7Horse,51,Unknown,2.0
106,7evin7ins,56,Unknown,36.0
107,7ru7h,48,Unknown,66.0
108,8 Graves,54,Unknown,2.0
109,8 Kalacas,32,Unknown,89.0
110,80purppp,79,Unknown,40.0
111,831,63,Unknown,108.0
112,88GLAM,63,Unknown,7.0
113,89ine,45,Unknown,40.0
114,8Kays,50,Unknown,51.0
115,8percent,66,Unknown,40.0
116,8th Sin,42,Unknown,61.0
117,9 Lazy 9,53,Unknown,62.0
118,91 All Stars,34,Unknown,96.0
119,916frosty,59,Unknown,66.0
120,92914,61,Unknown,40.0
121,9mm Parabellum Bullet,57,Unknown,71.0
122,9smkr,47,Unknown,36.0
123,:Wumpscut:,20,Unknown,
124,=LOVE,38,Unknown,101.0
125,? & The Mysterians,40,Unknown,52.0
126,A Banda Mais Bonita da Cidade,41,Unknown,109.0
127,A Dama,54,Unknown,
128,A Day To Remember,70,Unknown,77.0
129,A Família,48,Unknown,92.0
130,A Feast for Kings,23,Unknown,77.0
131,A Fine Frenzy,57,Unknown,24.0
132,A Flock Of Seagulls,63,Unknown,59.0
133,A Forest Mighty Black,47,Unknown,62.0
134,A Great Big World,74,Unknown,24.0
135,A Life Once Lost,23,Unknown,65.0
136,A Mose,20,Unknown,90.0
137,A Niu,26,Unknown,108.0
138,A Number Of Names,29,Unknown,44.0
139,A R I Z O N A,0,Unknown,11.0
140,A Rocket To The Moon,60,Unknown,63.0
141,A Si,57,Unknown,108.0
142,A Skylit Drive,26,Unknown,77.0
143,A Tribe Called Quest,70,Unknown,72.0
144,A Vida Music,39,Unknown,28.0
145,A Wilhelm Scream,31,Unknown,72.0
146,A Winged Victory for the Sullen,59,Unknown,37.0
147,A$AP Rocky,82,Unknown,1.0
148,A*S*Y*S,56,Unknown,60.0
149,A-Lin,62,Unknown,108.0
150,A-Lusion,21,Unknown,53.0
151,A-Mei Chang,57,Unknown,108.0
152,A-do,54,Unknown,108.0
153,A. G. Cook,47,Unknown,41.0
154,A. Kanyakumari,43,Unknown,21.0
155,A.B.I,18,Unknown,107.0
156,A.CHAL,61,Unknown,7.0
157,A.M.C,50,Unknown,46.0
158,A.M.R,54,Unknown,51.0
159,A.N.I.M.A.L.,33,Unknown,73.0
160,A.R. Rahman,79,Unknown,15.0
161,A.Skillz,17,Unknown,38.0
162,A1 x J1,75,Unknown,40.0
163,AA Apres-Ski!,29,Unknown,45.0
164,ABBA,83,Unknown,114.0
165,ABC,64,Unknown,59.0
166,ABC Kids,31,Unknown,26.0
167,AC Slater,55,Unknown,43.0
168,AC/DC,85,Unknown,71.0
169,ACE COLLECTION,50,Unknown,91.0
170,ACN Music.,57,Unknown,91.0
171,ACxDC,12,Unknown,68.0
172,ADK Srirascol,41,Unknown,107.0
173,ADL,48,Unknown,92.0
174,AFI,72,Unknown,25.0
175,AFK,36,Unknown,48.0
176,AFKAP,60,Unknown,1.0
177,AGA,51,Unknown,94.0
178,AGLORY,37,Unknown,41.0
179,AHOSHI,45,Unknown,34.0
180,AHYRE,47,Unknown,19.0
181,AI,38,Unknown,102.0
182,AILEE,66,Unknown,104.0
183,AIRMANN,41,Unknown,41.0
184,AIROD,49,Unknown,60.0
185,AJ Ghent [ j-ent ],25,Unknown,20.0
186,AJ Mitchell,69,Unknown,50.0
187,AJJ,58,Unknown,24.0
188,AJR,80,Unknown,83.0
189,AK-69,38,Unknown,102.0
190,AKA AKA,52,Unknown,56.0
191,AKB48,50,Unknown,101.0
192,AKKI (DE),56,Unknown,60.0
193,AL-90,47,Unknown,37.0
194,ALEX,49,Unknown,41.0
195,ALEXANDRE APOSAN,30,Unknown,69.0
196,ALI,69,Unknown,7.0
197,ALMAR,43,Unknown,109.0
198,ALPHA 9,55,Unknown,58.0
199,AMAN,55,Unknown,98.0
200,AMARIA BB,71,Unknown,42.0
201,AMK,36,Unknown,66.0
202,AMONGST THE ASHES,3,Unknown,99.0
203,ANAVITÓRIA,49,Unknown,19.0
204,ANDY SVGE,21,Unknown,53.0
205,ANNA,53,Unknown,56.0
206,ANUQRAM,36,Unknown,58.0
207,AO Cubo,46,Unknown,92.0
208,AP Dhillon,83,Unknown,1.0
209,APOLLYON.,59,Unknown,40.0
210,ARIETE,1,Unknown,74.0
211,ARMNHMR,52,Unknown,47.0
212,ARTBAT,63,Unknown,51.0
213,ARTY,67,Unknown,49.0
214,ASCA,58,Unknown,91.0
215,ASIAN KUNG-FU GENERATION,64,Unknown,91.0
216,ASMR HD,40,Unknown,35.0
217,ASTN,76,Unknown,40.0
218,ATB,79,Unknown,97.0
219,ATEEZ,74,Unknown,104.0
220,ATFC,26,Unknown,43.0
221,ATLiens,51,Unknown,47.0
222,ATR,21,Unknown,90.0
223,ATTLAS,55,Unknown,51.0
224,AURORA,79,Unknown,16.0
225,AVIRA,48,Unknown,58.0
226,AVIWKILA,59,Unknown,102.0
227,AVOID,24,Unknown,77.0
228,AYLIVA,53,Unknown,97.0
229,Aadesh Goud,42,Unknown,98.0
230,Aamir Khan,51,Unknown,19.0
231,Aaren Hughes,62,Unknown,23.0
232,Aaron Carl,14,Unknown,44.0
233,Aaron Espe,65,Unknown,24.0
234,Aaron Karo,20,Unknown,27.0
235,Aaron Keyes,54,Unknown,117.0
236,Aaron Kwok,24,Unknown,94.0
237,Aaron Shirk,40,Unknown,47.0
238,Aaron Shust,54,Unknown,117.0
239,Aaron Smith,78,Unknown,39.0
240,Aaron Tveit,55,Unknown,31.0
241,Aaron Watson,41,Unknown,18.0
242,Aaron Wilburn,24,Unknown,27.0
243,Aaryan Shah,79,Unknown,7.0
244,Aastha Gill,65,Unknown,16.0
245,Aazar,56,Unknown,51.0
246,Ababeel,33,Unknown,107.0
247,Abandoned,46,Unknown,47.0
248,Abayomy Afrobeat Orquestra,25,Unknown,90.0
249,Abbath,16,Unknown,64.0
250,Abby Cates,58,Unknown,32.0
251,Abdon Mech,36,Unknown,32.0
252,Abdul Hannan,66,Unknown,11.0
253,Abdullah Siddiqui,55,Unknown,11.0
254,Abel Korzeniowski,58,Unknown,37.0
255,Abel Pintos,45,Unknown,19.0
256,Abelation,40,Unknown,48.0
257,Aberdeen,19,Unknown,41.0
258,Aberola,26,Unknown,24.0
259,Abfahrt Hinwil,13,Unknown,55.0
260,Abhijeet,64,Unknown,15.0
261,Abhilasha Sinha,46,Unknown,98.0
262,Abin Fang,60,Unknown,108.0
263,Aborted,17,Unknown,68.0
264,Above & Beyond,56,Unknown,58.0
265,Abraham Mateo,74,Unknown,88.0
266,Abram,26,Unknown,113.0
267,Absofacto,68,Unknown,11.0
268,Absolute Valentine,56,Unknown,41.0
269,Abstract Void,17,Unknown,64.0
270,Absu,17,Unknown,64.0
271,Abyss & Judge,20,Unknown,53.0
272,Academy of St. Martin in the Fields,0,Unknown,93.0
273,Accept,61,Unknown,73.0
274,Access to Arasaka,8,Unknown,55.0
275,Ace Aura,43,Unknown,47.0
276,Ace Ventura,48,Unknown,61.0
277,Acerina Y Su Danzonera,41,Unknown,82.0
278,AcesToAces,62,Unknown,3.0
279,Achillea,45,Unknown,22.0
280,Achint,54,Unknown,19.0
281,Achu,59,Unknown,15.0
282,Aché Cubano,30,Unknown,110.0
283,Acid Arab,41,Unknown,69.0
284,Acid Ghost,57,Unknown,52.0
285,Acid Horse,22,Unknown,
286,Acid Pauli,48,Unknown,56.0
287,Acil Servis,38,Unknown,116.0
288,Acnatro,31,Unknown,43.0
289,Acoustic Guitar Collective,45,Unknown,24.0
290,Acoustic Syndicate,20,Unknown,17.0
291,AcousticTrench,42,Unknown,24.0
292,Acranius,21,Unknown,65.0
293,Acti,20,Unknown,53.0
294,Activator,37,Unknown,53.0
295,Actress,57,Unknown,37.0
296,Acústicos & Valvulados,46,Unknown,92.0
297,Ad Dios,27,Unknown,22.0
298,Ada,18,Unknown,56.0
299,Ada Falcón,19,Unknown,115.0
300,Ada Zhuang,23,Unknown,108.0
301,Adalberto Santiago,31,Unknown,110.0
302,Adalberto Álvarez y su Son,29,Unknown,110.0
303,Adam Beyer,53,Unknown,56.0
304,Adam Calhoun,44,Unknown,18.0
305,Adam Cheng,50,Unknown,94.0
306,Adam Christopher,55,Unknown,24.0
307,Adam F,21,Unknown,46.0
308,Adam Ferrara,25,Unknown,27.0
309,Adam Freeland,39,Unknown,38.0
310,Adam French,53,Unknown,19.0
311,Adam Guettel,21,Unknown,31.0
312,Adam Jensen,68,Unknown,63.0
313,Adam Johnson,12,Unknown,55.0
314,Adam Melchor,60,Unknown,19.0
315,Adam Mitchell,55,Unknown,9.0
316,Adam Oh,57,Unknown,36.0
317,Adam Pascal,21,Unknown,31.0
318,Adam Sandler,22,Unknown,27.0
319,Adam Steffey,23,Unknown,17.0
320,Adam Ten,39,Unknown,60.0
321,Adam Turley,53,Unknown,40.0
322,Adamlar,38,Unknown,116.0
323,Adan La Amenaza,50,Unknown,87.0
324,Adana Twins,42,Unknown,43.0
325,Adaro,49,Unknown,53.0
326,Adarsh Rao,51,Unknown,98.0
327,Adason Lo,21,Unknown,94.0
328,Adassa,0,Unknown,87.0
329,Addict.,53,Unknown,40.0
330,Addy,50,Unknown,98.0
331,Adele,85,Unknown,93.0
332,Adeline Verver,66,Unknown,35.0
333,Adelitas Way,64,Unknown,70.0
334,Adem & Murat,53,Unknown,116.0
335,Adema,29,Unknown,70.0
336,Aden x Asme,34,Unknown,67.0
337,Adhemar De Campos,48,Unknown,92.0
338,Adhvik,57,Unknown,104.0
339,Aditya A,81,Unknown,74.0
340,Aditya Rikhari,68,Unknown,16.0
341,Aditya Yadav,64,Unknown,16.0
342,Adlomusic,36,Unknown,91.0
343,Adnan Sami,62,Unknown,15.0
344,Ado,77,Unknown,102.0
345,Adolescent's Orquesta,77,Unknown,110.0
346,Adolescents,31,Unknown,72.0
347,Adolphe Adam,43,Unknown,29.0
348,Adolphson & Falk,38,Unknown,114.0
349,Adon,48,Unknown,96.0
350,Adoniran Barbosa,41,Unknown,109.0
351,Adonis,7,Unknown,39.0
352,Adoo,34,Unknown,67.0
353,Ados,40,Unknown,116.0
354,Adrenalize,58,Unknown,53.0
355,Adrian Barba,37,Unknown,91.0
356,Adriana Arydes,45,Unknown,92.0
357,Adriana Calcanhotto,41,Unknown,109.0
358,Adriana Partimpim,45,Unknown,109.0
359,Adriana Varela,31,Unknown,115.0
360,Adriatique,50,Unknown,43.0
361,Adryana E A Rapaziada,52,Unknown,
362,Advait,42,Unknown,98.0
363,Advaita,34,Unknown,19.0
364,Adventure Club,51,Unknown,47.0
365,Adventurer,42,Unknown,72.0
366,Adzmilli,59,Unknown,40.0
367,Aeoliah,24,Unknown,22.0
368,Aerosmith,82,Unknown,71.0
369,Aesma Daeva,24,Unknown,67.0
370,Aesthetic Perfection,24,Unknown,
371,Aestivum,62,Unknown,23.0
372,Aether,53,Unknown,40.0
373,Aevum,20,Unknown,29.0
374,Aexcit,62,Unknown,43.0
375,Afgan,47,Unknown,107.0
376,Afgrund,11,Unknown,68.0
377,Africania,26,Unknown,90.0
378,Afro B,64,Unknown,86.0
379,Afro Nursery Rhymes,8,Unknown,
380,Afrocidade,29,Unknown,90.0
381,Afrojack,69,Unknown,49.0
382,Afroman,74,Unknown,27.0
383,After Forever,22,Unknown,67.0
384,After The Burial,57,Unknown,65.0
385,AfterU,45,Unknown,60.0
386,Aftercoma,28,Unknown,72.0
387,Against Me!,33,Unknown,81.0
388,Against The Current,56,Unknown,81.0
389,Agalloch,12,Unknown,64.0
390,Agam,44,Unknown,98.0
391,Agathocles,19,Unknown,68.0
392,Age Of Love,64,Unknown,61.0
393,Agents Of Time,53,Unknown,60.0
394,Agepê,42,Unknown,111.0
395,Ageu Soares,25,Unknown,69.0
396,Agnee,43,Unknown,98.0
397,Agnes Chiang,21,Unknown,94.0
398,Agnes Nunes,49,Unknown,109.0
399,Agnostic Mountain Gospel Choir,20,Unknown,67.0
400,Agnus Dei,49,Unknown,92.0
401,Agora,27,Unknown,113.0
402,Agoraphobic Nosebleed,19,Unknown,68.0
403,Agoria,55,Unknown,51.0
404,Agrypnie,18,Unknown,64.0
405,Agua Mantra,25,Unknown,117.0
406,Aguanile,28,Unknown,110.0
407,Agustín Amigó,46,Unknown,24.0
408,Agustín Barrios Mangoré,34,Unknown,20.0
409,Agustín Irusta,31,Unknown,115.0
410,Ahee,45,Unknown,47.0
411,Ahiyan,46,Unknown,116.0
412,Ahmed Helmy,0,Unknown,61.0
413,Ahmet Aslan,39,Unknown,116.0
414,Ahmet Kilic,50,Unknown,69.0
415,Ahmoudou Madassane,42,Unknown,20.0
416,Ahoora,0,Unknown,99.0
417,Ai Milly,31,Unknown,86.0
418,Aidan,49,Unknown,36.0
419,Aidan Bissett,72,Unknown,32.0
420,Aidan Hawken,48,Unknown,24.0
421,Aidonia,27,Unknown,86.0
422,Aim,50,Unknown,62.0
423,Aim To Head,37,Unknown,41.0
424,Aimer,77,Unknown,91.0
425,Aimyon,65,Unknown,24.0
426,Ainbusk,38,Unknown,114.0
427,Aine Minogue,24,Unknown,22.0
428,Air,63,Unknown,37.0
429,Airbase,52,Unknown,61.0
430,Airbourne,69,Unknown,71.0
431,Airship Express,57,Unknown,35.0
432,Ais Ezhel,48,Unknown,116.0
433,Aitana,78,Unknown,105.0
434,Aizat Amdan,56,Unknown,107.0
435,Ajattara,22,Unknown,64.0
436,Ajay Gogavale,58,Unknown,15.0
437,Ajay Singha,43,Unknown,98.0
438,Ajay-Atul,65,Unknown,1.0
439,Ajda Pekkan,45,Unknown,116.0
440,Ajebutter22,58,Unknown,86.0
441,Ajey Nagar (CarryMinati),61,Unknown,1.0
442,Ajja,35,Unknown,61.0
443,Ajoy Chakrabarty,36,Unknown,21.0
444,Ak,22,Unknown,107.0
445,Akalé Wubé,49,Unknown,90.0
446,Akanksha Bhandari,59,Unknown,98.0
447,Akanksha Sethi,54,Unknown,98.0
448,Akari Kito,54,Unknown,91.0
449,Akatu,55,Unknown,111.0
450,Akcent,51,Unknown,45.0
451,Akhil,74,Unknown,1.0
452,Akhil Sachdeva,75,Unknown,16.0
453,Akin Jensen,40,Unknown,67.0
454,Akina Nakamori,41,Unknown,101.0
455,Akira Kosemura,58,Unknown,37.0
456,Akitsa,23,Unknown,64.0
457,Akon,81,Unknown,42.0
458,Akora,47,Unknown,69.0
459,Aksan,40,Unknown,116.0
460,Akull,62,Unknown,1.0
461,Akuma,39,Unknown,97.0
462,Al B. Sure!,33,Unknown,45.0
463,Al Di Meola,49,Unknown,20.0
464,Al Green,31,Unknown,2.0
465,Al Hirt,24,Unknown,22.0
466,Al Madrigal,27,Unknown,27.0
467,Al Storm,18,Unknown,10.0
468,Ala Jaza,28,Unknown,110.0
469,Alabama Shakes,56,Unknown,2.0
470,Alain Chamfort,32,Unknown,96.0
471,Alan Bibey,20,Unknown,17.0
472,Alan Cumming,20,Unknown,31.0
473,Alan Fitzpatrick,52,Unknown,56.0
474,Alan Jackson,72,Unknown,18.0
475,Alan Menken,62,Unknown,9.0
476,Alan Tam,50,Unknown,94.0
477,Alan Walker,80,Unknown,50.0
478,Alanis Morissette,1,Unknown,32.0
479,Alanna Ubach,56,Unknown,9.0
480,Alaska Y Dinarama,67,Unknown,113.0
481,Albatraoz,42,Unknown,114.0
482,Albatross,43,Unknown,11.0
483,Albers Kuhnhart,18,Unknown,56.0
484,Albert Au,20,Unknown,94.0
485,Albert Collins,54,Unknown,24.0
486,Albert King,58,Unknown,24.0
487,Alberto Barros,31,Unknown,110.0
488,Alberto Castillo,29,Unknown,115.0
489,Alberto Echagüe,16,Unknown,115.0
490,Alberto Gambino,59,Unknown,113.0
491,Alberto Gomez,17,Unknown,115.0
492,Alberto Marino,24,Unknown,115.0
493,Alberto Morán,22,Unknown,115.0
494,Alberto Podestá,25,Unknown,115.0
495,Alberto Stylee,40,Unknown,106.0
496,Alberto Urso,27,Unknown,29.0
497,Alberto Vazquez,44,Unknown,6.0
498,Albin Johnsén,37,Unknown,114.0
499,Albin Lee Meldau,38,Unknown,114.0
500,Albin Myers,32,Unknown,58.0
501,Albin Svensson,65,Unknown,23.0
502,Albita,31,Unknown,110.0
503,Alcest,49,Unknown,64.0
504,Alceu Valença,49,Unknown,109.0
505,Alcione,39,Unknown,111.0
506,Alda Célia,41,Unknown,28.0
507,Aldair Playboy,54,Unknown,95.0
508,AleXa,63,Unknown,104.0
509,Alec Benjamin,85,Unknown,50.0
510,Alec Troniq,19,Unknown,56.0
511,Alef,49,Unknown,51.0
512,Alegre All Stars,27,Unknown,110.0
513,Alejandro Escovedo,24,Unknown,78.0
514,Alejandro Fernández,0,Unknown,105.0
515,Alejandro González,44,Unknown,87.0
516,Alejandro Sanz,76,Unknown,105.0
517,Alejo,82,Unknown,105.0
518,Aleks Syntek,0,Unknown,63.0
519,Aleksey Glyzin,41,Unknown,59.0
520,Aleksy Wysocki,33,Unknown,23.0
521,Alelock,32,Unknown,66.0
522,Alemão Do Forró,42,Unknown,95.0
523,Alesana,25,Unknown,77.0
524,Alessandra Salles,51,Unknown,92.0
525,Alessandro Safina,30,Unknown,29.0
526,Alessandro Scarlatti,24,Unknown,29.0
527,Alessia Cara,78,Unknown,42.0
528,Alesso,85,Unknown,42.0
529,Alestorm,29,Unknown,93.0
530,Alex & Daniel,35,Unknown,51.0
531,Alex & Sierra,77,Unknown,16.0
532,Alex Adair,57,Unknown,43.0
533,Alex Anwandter,42,Unknown,51.0
534,Alex Baker,53,Unknown,96.0
535,Alex Brightman,66,Unknown,31.0
536,Alex Campos,42,Unknown,88.0
537,Alex Ceesay,37,Unknown,114.0
538,Alex Chilton,31,Unknown,78.0
539,Alex Cortiz,18,Unknown,62.0
540,Alex Cruz,64,Unknown,43.0
541,Alex D' Castro,32,Unknown,110.0
542,Alex D'Castro,29,Unknown,110.0
543,Alex Gaudino,75,Unknown,45.0
544,Alex Heffes,22,Unknown,93.0
545,Alex Hepburn,59,Unknown,93.0
546,Alex Hobson,56,Unknown,43.0
547,Alex Keeper,61,Unknown,96.0
548,Alex M.O.R.P.H.,45,Unknown,97.0
549,Alex Preston,2,Unknown,43.0
550,Alex Schulz,52,Unknown,43.0
551,Alex Sensation,1,Unknown,106.0
552,Alex Sevenrings,44,Unknown,36.0
553,Alex Spite,41,Unknown,69.0
554,Alex Stein,37,Unknown,60.0
555,Alex To,46,Unknown,94.0
556,Alex Ubago,37,Unknown,113.0
557,Alex e Alex,39,Unknown,28.0
558,Alex1,63,Unknown,40.0
559,Alexander Abreu,30,Unknown,110.0
560,Alexander Alar,34,Unknown,60.0
561,Alexander Hristov,45,Unknown,69.0
562,Alexander Klaws,28,Unknown,31.0
563,Alexander Luchs,57,Unknown,23.0
564,Alexander Merlin,54,Unknown,43.0
565,Alexander O'Neal,32,Unknown,45.0
566,Alexander Popov,53,Unknown,58.0
567,Alexander Vertinsky,28,Unknown,30.0
568,Alexandra Shipp,56,Unknown,31.0
569,Alexandra Wilcke,22,Unknown,9.0
570,Alexandre Desplat,61,Unknown,96.0
571,Alexandre Pires,46,Unknown,
572,Alexi Murdoch,59,Unknown,93.0
573,Alexia Mathieu,51,Unknown,20.0
574,Alexis Ffrench,60,Unknown,37.0
575,Alexis Troy,56,Unknown,97.0
576,Alexis y Fido,1,Unknown,105.0
577,Alexisonfire,32,Unknown,72.0
578,Alextbh,53,Unknown,40.0
579,Alf Robertson,38,Unknown,114.0
580,Alfaaz,60,Unknown,1.0
581,Alfie Boe,27,Unknown,29.0
582,Alfonso Pahino,26,Unknown,113.0
583,Alfred Carcieri,22,Unknown,27.0
584,Alfred Heinrichs,29,Unknown,43.0
585,Alfred Hui,50,Unknown,94.0
586,Alfred Janders,59,Unknown,23.0
587,Alfredo Catalani,27,Unknown,29.0
588,Alfredo De Angelis,29,Unknown,115.0
589,Alfredo Gobbi,25,Unknown,115.0
590,Alfredo Kraus,23,Unknown,29.0
591,Ali Azmat,63,Unknown,16.0
592,Ali Bakgor,55,Unknown,43.0
593,Ali Farka Touré,19,Unknown,90.0
594,Ali Gatie,80,Unknown,1.0
595,Ali Katı,41,Unknown,116.0
596,Ali Meydanioğlu,39,Unknown,116.0
597,Ali Ostovar,1,Unknown,99.0
598,Ali Phi,7,Unknown,99.0
599,Ali Siddiq,22,Unknown,27.0
600,Ali Zafar,73,Unknown,15.0
601,Alicai Harley,43,Unknown,86.0
602,Alice B,27,Unknown,67.0
603,Alice Babs,41,Unknown,102.0
604,Alice Cooper,74,Unknown,71.0
605,Alice In Chains,75,Unknown,63.0
606,Alice Ripley,29,Unknown,31.0
607,Alice Russell,50,Unknown,93.0
608,Alicia Keys,80,Unknown,7.0
609,Alida Sørby,55,Unknown,23.0
610,Alien Ant Farm,76,Unknown,70.0
611,Alien Sex Fiend,23,Unknown,67.0
612,Alien8ed,41,Unknown,74.0
613,Alif,36,Unknown,19.0
614,Alif Tree,18,Unknown,62.0
615,Alignment,6,Unknown,60.0
616,Aline Barros,53,Unknown,92.0
617,Alinka,27,Unknown,39.0
618,Alireza Mashayekhi,1,Unknown,99.0
619,Alison Brown,22,Unknown,17.0
620,Alison Krauss,54,Unknown,17.0
621,Alison Krauss & Union Station,64,Unknown,17.0
622,Alison Moyet,24,Unknown,59.0
623,Alison Wonderland,59,Unknown,51.0
624,Alix Perez,23,Unknown,46.0
625,Alka Yagnik,73,Unknown,104.0
626,Alkaline,43,Unknown,86.0
627,Alkehol,38,Unknown,80.0
628,Alkpote,34,Unknown,96.0
629,All 4 Kids,53,Unknown,26.0
630,All About Eve,22,Unknown,67.0
631,All Angels,22,Unknown,29.0
632,All Good Things,65,Unknown,2.0
633,All Ok,52,Unknown,104.0
634,All Sons & Daughters,60,Unknown,117.0
635,All That Remains,65,Unknown,77.0
636,All Time Low,77,Unknown,80.0
637,Alla Bayanova,1,Unknown,30.0
638,Allame,45,Unknown,116.0
639,Allan Holdsworth,3,Unknown,20.0
640,Allan Soderbergh,45,Unknown,20.0
641,Alle Farben,69,Unknown,43.0
642,Allen Toussaint,0,Unknown,2.0
643,Allen Watts,42,Unknown,58.0
644,Allessa,0,Unknown,45.0
645,Alligatoah,41,Unknown,97.0
646,Allison,41,Unknown,80.0
647,Allman Brothers Band,72,Unknown,2.0
648,Allman Brown,54,Unknown,24.0
649,Allo Darlin',19,Unknown,41.0
650,Allyawan,29,Unknown,86.0
651,Almafuerte,41,Unknown,73.0
652,Almanac,29,Unknown,61.0
653,Almeyda,29,Unknown,86.0
654,Almighty,39,Unknown,106.0
655,Almir Bezerra,38,Unknown,102.0
656,Almir Guineto,40,Unknown,111.0
657,Almir Sater,50,Unknown,19.0
658,Almklausi,32,Unknown,45.0
659,Almo X,33,Unknown,34.0
660,Aloe Blacc,0,Unknown,7.0
661,Alogte Oho & His Sounds of Joy,18,Unknown,90.0
662,Alok,84,Unknown,50.0
663,Alone At Last,40,Unknown,66.0
664,Alonzo,79,Unknown,96.0
665,Alonzo Bodden,22,Unknown,27.0
666,Alpha,19,Unknown,62.0
667,Alpha Portal,43,Unknown,61.0
668,Alpha Wann,35,Unknown,96.0
669,Alpha Wolf,58,Unknown,72.0
670,Alphaville,72,Unknown,59.0
671,Alphawezen,40,Unknown,62.0
672,Alphaxone,19,Unknown,99.0
673,Alpha²,20,Unknown,53.0
674,Alphonse Puthren,25,Unknown,107.0
675,Alptam,40,Unknown,98.0
676,Alquimia La Sonora Del XXI,36,Unknown,110.0
677,Alrahim Wright III,59,Unknown,40.0
678,Alt Bloom,58,Unknown,40.0
679,Altamira,45,Unknown,92.0
680,Alter Bridge,67,Unknown,63.0
681,Altero,56,Unknown,96.0
682,Althaír & Alexandre,45,Unknown,112.0
683,Althea And Donna,37,Unknown,47.0
684,Altijd Larstig & Rob Gasd'rop,32,Unknown,53.0
685,Alugiana,47,Unknown,92.0
686,Alvaro Diaz,75,Unknown,105.0
687,Alvaro Soler,3,Unknown,105.0
688,Alvin & The Chipmunks,55,Unknown,26.0
689,Alvin Lee,40,Unknown,2.0
690,Alvino Rey,22,Unknown,20.0
691,Alvize Fantacone,55,Unknown,23.0
692,Always Never,54,Unknown,7.0
693,Aly & Fila,46,Unknown,58.0
694,Além do Véu,40,Unknown,28.0
695,AmPm,53,Unknown,100.0
696,Amaal Mallik,71,Unknown,15.0
697,Amaarae,79,Unknown,25.0
698,Amado Batista,53,Unknown,112.0
699,Amadou & Mariam,0,Unknown,2.0
700,Amaia Montero,0,Unknown,113.0
701,Amal Antony Agustin,39,Unknown,107.0
702,Amanajé Sound System,26,Unknown,47.0
703,Amanda Ferrari,48,Unknown,92.0
704,Amanda Holden,19,Unknown,29.0
705,Amanda Jenssen,35,Unknown,114.0
706,Amanda Loyola,41,Unknown,28.0
707,Amanda Wanessa,40,Unknown,28.0
708,Amandeep Singh,45,Unknown,98.0
709,Amantej Hundal,59,Unknown,1.0
710,Amar Arshi,69,Unknown,16.0
711,Amar Sandhu,61,Unknown,1.0
712,Amaral,60,Unknown,113.0
713,Amaranthe,63,Unknown,67.0
714,Amartya Bobo Rahut,46,Unknown,98.0
715,Amatsuki,2,Unknown,91.0
716,Amaury Vassili,25,Unknown,29.0
717,Amaya Hnos,34,Unknown,110.0
718,Amb,21,Unknown,38.0
719,Ambeon,22,Unknown,67.0
720,Amber Efe,54,Unknown,31.0
721,Amber Leigh Irish,57,Unknown,24.0
722,Amber Mark,0,Unknown,11.0
723,Amber Run,74,Unknown,19.0
724,Ambient Nature White Noise,37,Unknown,35.0
725,Ambient Rain,42,Unknown,35.0
726,Amduscia,25,Unknown,
727,Amel Bent,33,Unknown,96.0
728,Amelie Lens,52,Unknown,56.0
729,Amelinha,47,Unknown,95.0
730,Amelita Baltar,28,Unknown,115.0
731,America,76,Unknown,18.0
732,American Authors,79,Unknown,11.0
733,American Football,60,Unknown,66.0
734,American Head Charge,23,Unknown,
735,Ametsub,15,Unknown,55.0
736,Ami Mishra,70,Unknown,16.0
737,Ami Warning,39,Unknown,97.0
738,Amilcar Boscan,39,Unknown,110.0
739,Amilcare Ponchielli,56,Unknown,29.0
740,Amindi,53,Unknown,86.0
741,Amir,58,Unknown,96.0
742,Amir Obe,61,Unknown,7.0
743,Amira Willighagen,24,Unknown,29.0
744,Amistades Peligrosas,27,Unknown,113.0
745,Amit Trivedi,71,Unknown,15.0
746,Ammy Virk,63,Unknown,16.0
747,Amnesys,19,Unknown,10.0
748,Amon Amarth,63,Unknown,65.0
749,Amon Tobin,49,Unknown,62.0
750,Amor de la luna,57,Unknown,35.0
751,Amores Tangos,21,Unknown,115.0
752,Amorphis,23,Unknown,65.0
753,Amos Lee,64,Unknown,24.0
754,Amplexos,23,Unknown,90.0
755,Amrit Maan,63,Unknown,1.0
756,Amy Adams,31,Unknown,9.0
757,Amy Liz,58,Unknown,26.0
758,Amy Macdonald,75,Unknown,32.0
759,Amy Samu,48,Unknown,26.0
760,Amy Spanger,30,Unknown,31.0
761,Amy Stroup,46,Unknown,24.0
762,Amy Wadge,28,Unknown,93.0
763,Amy Winehouse,81,Unknown,93.0
764,An On Bast,13,Unknown,55.0
765,AnGy KoRe,0,Unknown,56.0
766,Ana Belén,32,Unknown,113.0
767,Ana Carolina,40,Unknown,109.0
768,Ana Diaz,38,Unknown,114.0
769,Ana Gabriela,45,Unknown,92.0
770,Ana Mena,79,Unknown,113.0
771,Ana Torroja,33,Unknown,113.0
772,Ana Vilela,41,Unknown,109.0
773,Anaal Nathrakh,44,Unknown,64.0
774,Anabantha,30,Unknown,67.0
775,Anagramma,46,Unknown,69.0
776,Anal Cunt,19,Unknown,68.0
777,Anal Vomit,17,Unknown,64.0
778,Analog Context,33,Unknown,60.0
779,Analog Sunset,43,Unknown,34.0
780,Analy,39,Unknown,9.0
781,Anand Bhaskar Collective,45,Unknown,98.0
782,Anand Raj Anand,63,Unknown,15.0
783,Anarbor,66,Unknown,66.0
784,Anarcute,38,Unknown,81.0
785,Anarkia Tropikal,37,Unknown,89.0
786,Anathema,48,Unknown,67.0
787,Anatoliy Aleksandrovich,0,Unknown,30.0
788,Anberlin,0,Unknown,80.0
789,Ancient Astronauts,49,Unknown,62.0
790,Ancient Bards,25,Unknown,67.0
791,And One,24,Unknown,
792,Andain,52,Unknown,61.0
793,Andando Descalzo,32,Unknown,89.0
794,Anddy Caicedo,33,Unknown,110.0
795,Anderex,25,Unknown,53.0
796,Anders Aldgård,21,Unknown,9.0
797,Anders Glenmark,36,Unknown,114.0
798,Anders Hatlo,27,Unknown,9.0
799,Anderson & Vei da Pisadinha,45,Unknown,95.0
800,Anderson East,48,Unknown,2.0
801,Anderson Freire,50,Unknown,92.0
802,Anderson Neiff,58,Unknown,3.0
803,Anderson Rangel,39,Unknown,28.0
804,Andi Kiss,38,Unknown,57.0
805,Andi Latte,35,Unknown,57.0
806,Andi Smith,23,Unknown,27.0
807,Andien,42,Unknown,102.0
808,Andra Day,73,Unknown,7.0
809,Andre,32,Unknown,45.0
810,Andrea Binotto,58,Unknown,23.0
811,Andrea Bocelli,67,Unknown,21.0
812,Andrea Burns,20,Unknown,31.0
813,Andrea Fontes,40,Unknown,28.0
814,Andrea Monet,61,Unknown,23.0
815,Andrea Roma,44,Unknown,56.0
816,Andreas Bieber,22,Unknown,31.0
817,Andreas Borkental,44,Unknown,20.0
818,Andreas Dalvik,47,Unknown,20.0
819,Andreas Fulterer,29,Unknown,45.0
820,Andreas Gabalier,35,Unknown,57.0
821,Andreas Lawo,28,Unknown,57.0
822,Andreas Scholl,25,Unknown,29.0
823,Andreas Vollenweider,26,Unknown,22.0
824,Andreea D,51,Unknown,106.0
825,Andrew Baena,50,Unknown,77.0
826,Andrew Bayer,38,Unknown,58.0
827,Andrew Belle,65,Unknown,24.0
828,Andrew Bird,0,Unknown,19.0
829,Andrew Foy,56,Unknown,24.0
830,Andrew Garfield,67,Unknown,31.0
831,Andrew Gold,71,Unknown,78.0
832,Andrew Lloyd Webber,62,Unknown,31.0
833,Andrew Marlin,23,Unknown,17.0
834,Andrew McMahon in the Wilderness,61,Unknown,23.0
835,Andrew Norelli,23,Unknown,27.0
836,Andrew Orvedahl,24,Unknown,27.0
837,Andrew Rayel,57,Unknown,58.0
838,Andrew Ripp,55,Unknown,24.0
839,Andrew Tan,56,Unknown,108.0
840,Andri Hart,23,Unknown,20.0
841,Andro,61,Unknown,1.0
842,Androma,54,Unknown,43.0
843,Andromida,4,Unknown,77.0
844,Andrzej Zaucha,34,Unknown,2.0
845,André Bauer,22,Unknown,31.0
846,André De Shields,22,Unknown,31.0
847,André Laplante,49,Unknown,23.0
848,André Leono,30,Unknown,9.0
849,André Renato,50,Unknown,
850,André Rieu,55,Unknown,29.0
851,André Sobota,37,Unknown,56.0
852,André Stade,30,Unknown,45.0
853,André Valadão,44,Unknown,92.0
854,André e Felipe,46,Unknown,92.0
855,Andrés,32,Unknown,72.0
856,Andrés Calamaro,45,Unknown,63.0
857,Andy & Lucas,66,Unknown,113.0
858,Andy Bar,25,Unknown,57.0
859,Andy C,54,Unknown,46.0
860,Andy El Unico,48,Unknown,19.0
861,Andy Gibb,22,Unknown,45.0
862,Andy Grammer,51,Unknown,83.0
863,Andy Griffith,44,Unknown,27.0
864,Andy Hendrickson,23,Unknown,27.0
865,Andy Hui,50,Unknown,94.0
866,Andy Karl,27,Unknown,31.0
867,Andy Lau,49,Unknown,94.0
868,Andy Luxx,0,Unknown,45.0
869,Andy McKee,41,Unknown,17.0
870,Andy Montañez,34,Unknown,110.0
871,Andy Moor,47,Unknown,58.0
872,Andy Parsons,23,Unknown,27.0
873,Andy Sandford,23,Unknown,27.0
874,Andy Stott,45,Unknown,41.0
875,Andy Tallent,54,Unknown,9.0
876,Andy Thorn,26,Unknown,17.0
877,Andy Z,31,Unknown,
878,Ane Brun,0,Unknown,32.0
879,Anenon,13,Unknown,55.0
880,Angara,52,Unknown,96.0
881,Angband,1,Unknown,99.0
882,Angel Canales,27,Unknown,110.0
883,Angel D'Agostino,19,Unknown,115.0
884,Angel Parra Trio,36,Unknown,103.0
885,Angel Y Khriz,0,Unknown,105.0
886,Angela Chang,53,Unknown,108.0
887,Angela Lansbury,59,Unknown,31.0
888,Angela Ro Ro,40,Unknown,109.0
889,Angelica Maria,42,Unknown,82.0
890,Angelina Cruz,38,Unknown,24.0
891,Angelmaker,50,Unknown,64.0
892,Angelo Ferreri,0,Unknown,43.0
893,Angelo Garcia,49,Unknown,32.0
894,Angeloh,21,Unknown,90.0
895,Angelov,46,Unknown,60.0
896,Angels of Liberty,22,Unknown,67.0
897,Angelspit,24,Unknown,
898,Angerfist,59,Unknown,72.0
899,Angrrsth,17,Unknown,64.0
900,Angry Johnny and the Killbillies,27,Unknown,67.0
901,Angus & Julia Stone,61,Unknown,19.0
902,Anibal Troilo y su orquesta,21,Unknown,115.0
903,Anika Moa,33,Unknown,26.0
904,Anil Adoor,26,Unknown,107.0
905,Anil Raveendran,40,Unknown,107.0
906,Anila Mirela,47,Unknown,20.0
907,Animadrop,45,Unknown,47.0
908,Animato,50,Unknown,61.0
909,Anime,50,Unknown,10.0
910,Anime Piano Dreamers,40,Unknown,91.0
911,Animelmack,43,Unknown,91.0
912,Animotion,57,Unknown,59.0
913,Anirudh Ravichander,76,Unknown,1.0
914,Anirudh Sharma,57,Unknown,98.0
915,Anis Don Demina,35,Unknown,114.0
916,Anita Baker,42,Unknown,5.0
917,Anita Mui,49,Unknown,94.0
918,Anitta,84,Unknown,3.0
919,Anivee,59,Unknown,74.0
920,Anja Schneider,52,Unknown,56.0
921,Anjelah Johnson,23,Unknown,27.0
922,Ankit Tiwari,77,Unknown,15.0
923,Ankle Grease,26,Unknown,24.0
924,Ankur Tewari,54,Unknown,98.0
925,Anly,59,Unknown,102.0
926,Ann Bai,54,Unknown,108.0
927,Ann Clue,50,Unknown,56.0
928,Ann Sweeten,24,Unknown,22.0
929,Anna Clyne,50,Unknown,93.0
930,Anna Hamilton,62,Unknown,24.0
931,Anna Jurksztowicz,26,Unknown,59.0
932,Anna Kitkowska,53,Unknown,20.0
933,Anna Landström,63,Unknown,23.0
934,Anna Luisa,38,Unknown,109.0
935,Anna Nalick,65,Unknown,24.0
936,Anna Netrebko,19,Unknown,29.0
937,Anna Ternheim,0,Unknown,114.0
938,Anna of the North,59,Unknown,50.0
939,Anna-Maria Zimmermann,32,Unknown,45.0
940,Annaleigh Ashford,22,Unknown,31.0
941,Anne Kihlstrom,37,Unknown,114.0
942,Anne Trenning,23,Unknown,22.0
943,Anne Vallayer,60,Unknown,23.0
944,Anne-Marie,82,Unknown,42.0
945,Annemieke van Dam,21,Unknown,31.0
946,AnnenMayKantereit,78,Unknown,97.0
947,Annie Lennox,65,Unknown,83.0
948,Annihilator,49,Unknown,65.0
949,Annix,19,Unknown,46.0
950,Anoraak,0,Unknown,59.0
951,Anoushbard,6,Unknown,99.0
952,Anoushka Maskey,44,Unknown,74.0
953,Ansiktet,41,Unknown,114.0
954,Anson Seabra,72,Unknown,32.0
955,Anstandslos & Durchgeknallt,35,Unknown,57.0
956,Ant Saunders,68,Unknown,40.0
957,Antennaah,45,Unknown,34.0
958,Anthony B,0,Unknown,86.0
959,Anthony Broughton,14,Unknown,
960,Anthony Green,33,Unknown,72.0
961,Anthony Hamilton,1,Unknown,7.0
962,Anthony Keyrouz,73,Unknown,49.0
963,Anthony Lazaro,52,Unknown,102.0
964,Anthony Ramos,40,Unknown,31.0
965,Anthony Rapp,29,Unknown,31.0
966,Anthony Rother,18,Unknown,56.0
967,Anthony Russo,49,Unknown,40.0
968,Anthony Shakir,5,Unknown,44.0
969,Anthony Wong,33,Unknown,94.0
970,Anthrax,1,Unknown,63.0
971,Anthropological,59,Unknown,35.0
972,Antibalas,16,Unknown,90.0
973,Antichrist Siege Machine,19,Unknown,64.0
974,Antidoping,34,Unknown,89.0
975,Antigama,18,Unknown,68.0
976,Antillas,48,Unknown,61.0
977,Anton Ishutin,2,Unknown,69.0
978,Anton Powers,61,Unknown,69.0
979,Antonio Bribiesca,29,Unknown,20.0
980,Antonio Caldara,20,Unknown,29.0
981,Antonio Carlos & Jocafi,35,Unknown,111.0
982,Antonio Cartagena,28,Unknown,110.0
983,Antonio Cirilo,44,Unknown,92.0
984,Antonio Garcia Isaac,53,Unknown,20.0
985,Antonio Jesús Asiáin Sanz,21,Unknown,117.0
986,Antonio José,62,Unknown,113.0
987,Antonio Orozco,62,Unknown,113.0
988,Antonio Tarragó Ros,42,Unknown,19.0
989,Antonio Vega,41,Unknown,113.0
990,Antonio Vivaldi,65,Unknown,21.0
991,Antonio y Joel Con Labranza,30,Unknown,110.0
992,Antony & Gabriel,50,Unknown,112.0
993,Antonín Dvořák,0,Unknown,21.0
994,Antti Paakkonen,22,Unknown,9.0
995,Antônio Carlos Jobim,1,Unknown,92.0
996,Anu Malik,63,Unknown,15.0
997,Anuel AA,81,Unknown,105.0
998,Anupam Mukherjee,39,Unknown,32.0
999,Anupam Roy,62,Unknown,98.0
1000,Anuradha Paudwal,58,Unknown,104.0
1001,Anurag Vashisht,57,Unknown,98.0
1002,Anuv Jain,76,Unknown,98.0
1003,Anxiety Attacks!,48,Unknown,66.0
1004,Anxious,31,Unknown,72.0
1005,Any Given Day,24,Unknown,77.0
1006,Anya Marina,32,Unknown,24.0
1007,Anz,50,Unknown,41.0
1008,Aníbal Arias,18,Unknown,115.0
1009,Aníbal Troilo,31,Unknown,115.0
1010,Aníbal Troilo Y Su Orquesta Típica,28,Unknown,115.0
1011,Anıl Durmuş,39,Unknown,116.0
1012,Anıl Emre Daldal,75,Unknown,116.0
1013,Anıl Piyancı,47,Unknown,116.0
1014,Aoi Teshima,51,Unknown,24.0
1015,Aoife O'Donovan,59,Unknown,17.0
1016,Aoki Takamasa,12,Unknown,55.0
1017,Aonikenk,31,Unknown,73.0
1018,Apache Indian,49,Unknown,86.0
1019,Apartment 213,16,Unknown,68.0
1020,Apech,60,Unknown,35.0
1021,Apes of the State,30,Unknown,24.0
1022,Apex,38,Unknown,46.0
1023,Aphex Twin,64,Unknown,37.0
1024,Aphrodite,19,Unknown,38.0
1025,Aphrodite's Child,51,Unknown,79.0
1026,Apocalyptica,63,Unknown,76.0
1027,Apollo 440,54,Unknown,38.0
1028,Apollo Fresh,66,Unknown,91.0
1029,Apoorva Sreejith,42,Unknown,26.0
1030,Apoptygma Berzerk,25,Unknown,
1031,Appalachian Express,41,Unknown,17.0
1032,Appalachian Road Show,24,Unknown,17.0
1033,Apparat,60,Unknown,37.0
1034,April Baxter,60,Unknown,23.0
1035,Aqua Timez,58,Unknown,91.0
1036,Aqualung,53,Unknown,24.0
1037,Aquasky,15,Unknown,38.0
1038,Aquasky Vs Masterblaster,17,Unknown,38.0
1039,Aquilo,62,Unknown,19.0
1040,Ara Ketu,47,Unknown,
1041,Arash Azadi,0,Unknown,99.0
1042,Arash Pandi,0,Unknown,99.0
1043,Arc North,64,Unknown,49.0
1044,Arca,60,Unknown,41.0
1045,Arcangelo Corelli,2,Unknown,21.0
1046,Arch Enemy,60,Unknown,65.0
1047,Archagathus,20,Unknown,68.0
1048,Architechs,28,Unknown,52.0
1049,Architects,67,Unknown,76.0
1050,Architecture In Helsinki,44,Unknown,80.0
1051,Archive,52,Unknown,51.0
1052,Archspire,47,Unknown,65.0
1053,Arckanum,18,Unknown,64.0
1054,Arctic Monkeys,92,Unknown,52.0
1055,Arcturus,18,Unknown,64.0
1056,Arda Gezer,46,Unknown,116.0
1057,Arden Jones,64,Unknown,36.0
1058,Ardhito Pramono,71,Unknown,102.0
1059,Ardian Bujupi,52,Unknown,19.0
1060,Area 11,28,Unknown,
1061,Arek Kopaczewski,32,Unknown,45.0
1062,Arem Ozguc,68,Unknown,49.0
1063,Arena Louvor,40,Unknown,28.0
1064,Aretha Franklin,75,Unknown,2.0
1065,Argentino Ledesma,32,Unknown,115.0
1066,Argentino Luna,43,Unknown,19.0
1067,Argy,59,Unknown,56.0
1068,Ari Koivunen,22,Unknown,73.0
1069,Ari Shaffir,21,Unknown,27.0
1070,Aria,43,Unknown,73.0
1071,Ariana DeBose,59,Unknown,31.0
1072,Ariana Grande,85,USA,42.0
1073,Arianne,41,Unknown,28.0
1074,Ariel Ardit,28,Unknown,115.0
1075,Ariel Pink,56,Unknown,52.0
1076,Aries,65,Unknown,46.0
1077,Arijit Anand,56,Unknown,98.0
1078,Arijit Singh,74,Unknown,15.0
1079,Aril Brikha,30,Unknown,44.0
1080,Arin Ray,58,Unknown,40.0
1081,Arivu,58,Unknown,1.0
1082,Arja Saijonmaa,40,Unknown,114.0
1083,Arjan Dhillon,69,Unknown,16.0
1084,Arjun,61,Unknown,1.0
1085,Arjun Kanungo,70,Unknown,1.0
1086,Ark Patrol,71,Unknown,7.0
1087,Arkadiy Pogodin,0,Unknown,30.0
1088,Arkana,42,Unknown,47.0
1089,Arkania,28,Unknown,113.0
1090,Arko,71,Unknown,15.0
1091,Arkona,19,Unknown,64.0
1092,Arlindo Cruz,51,Unknown,
1093,Arm In Arm,38,Unknown,60.0
1094,Arma Blanca,26,Unknown,113.0
1095,Armaan Malik,76,Unknown,15.0
1096,Arman Aydin,58,Unknown,116.0
1097,Armand Amar,46,Unknown,37.0
1098,Armand Van Helden,65,Unknown,43.0
1099,Armandinho,47,Unknown,92.0
1100,Armando,27,Unknown,39.0
1101,Armando Filho,43,Unknown,92.0
1102,Armando Pontier,21,Unknown,115.0
1103,Armani White,89,Unknown,1.0
1104,Armağan Oruç,52,Unknown,49.0
1105,Armen Miran,50,Unknown,51.0
1106,Armin van Buuren,69,Unknown,49.0
1107,Armor For Sleep,29,Unknown,72.0
1108,Armored Dawn,54,Unknown,92.0
1109,Arne Qvick,37,Unknown,114.0
1110,Arnez J,23,Unknown,27.0
1111,Arno,37,Unknown,2.0
1112,Aromal Chekaver,43,Unknown,107.0
1113,Aron Edwards,56,Unknown,23.0
1114,Aron Wright,51,Unknown,24.0
1115,AronChupa,72,Unknown,114.0
1116,Arooj Aftab,51,Unknown,74.0
1117,Arovane,37,Unknown,55.0
1118,Arrebato,57,Unknown,113.0
1119,Arrested Youth,66,Unknown,63.0
1120,Arrol Corelli,42,Unknown,98.0
1121,Arsames,10,Unknown,99.0
1122,Arsonists Get All The Girls,22,Unknown,65.0
1123,Art Brut,27,Unknown,93.0
1124,Art Farmer,51,Unknown,5.0
1125,Art Frequency,19,Unknown,53.0
1126,Art Of Fighters,27,Unknown,10.0
1127,Art Popular,54,Unknown,
1128,ArtSaves,0,Unknown,99.0
1129,Artcell,28,Unknown,76.0
1130,Artefuckt,38,Unknown,97.0
1131,Artie Lange,23,Unknown,27.0
1132,Artifact,26,Unknown,53.0
1133,Artifacts,52,Unknown,72.0
1134,Artificial Intelligence,18,Unknown,46.0
1135,Artur Zmijewski,23,Unknown,9.0
1136,Artwork Sounds,30,Unknown,43.0
1137,Artz,45,Unknown,116.0
1138,Arude,46,Unknown,51.0
1139,Aruman,0,Unknown,99.0
1140,Arunraja Kamaraj,48,Unknown,74.0
1141,Arvid Lundquist,32,Unknown,67.0
1142,Arvid Nero,30,Unknown,67.0
1143,Arvind Raj,45,Unknown,107.0
1144,Arvingarna,41,Unknown,114.0
1145,Arvo Pärt,1,Unknown,21.0
1146,Aryan Sharma,44,Unknown,98.0
1147,Arz,73,Unknown,40.0
1148,As Baías,40,Unknown,109.0
1149,As I Lay Dying,60,Unknown,77.0
1150,Asaph Borba,41,Unknown,28.0
1151,Asas Livres,40,Unknown,95.0
1152,Asdrubar,38,Unknown,110.0
1153,Ase Manual,49,Unknown,41.0
1154,Aseem,26,Unknown,32.0
1155,Asef Akbari,0,Unknown,99.0
1156,Ash,61,Unknown,51.0
1157,Ash Code,28,Unknown,67.0
1158,Ash King,69,Unknown,15.0
1159,Asha Bhosle,61,Unknown,15.0
1160,Ashbury Heights,22,Unknown,
1161,Ashe,76,Unknown,50.0
1162,Asher,54,Unknown,51.0
1163,Ashes Of Soma,26,Unknown,70.0
1164,Ashes Remain,69,Unknown,63.0
1165,Ashh,32,Unknown,96.0
1166,Ashic Arun,26,Unknown,107.0
1167,Ashish Singh Rawat,49,Unknown,74.0
1168,Ashley Kutcher,70,Unknown,32.0
1169,Ashley McBryde,0,Unknown,18.0
1170,Ashley Monroe,0,Unknown,18.0
1171,Ashley Wallbridge,48,Unknown,61.0
1172,Ashnikko,72,Unknown,50.0
1173,Ashu Shukla,56,Unknown,98.0
1174,Ashwin Adwani,46,Unknown,98.0
1175,Asia,72,Unknown,71.0
1176,Asia 2001,32,Unknown,61.0
1177,Asiaboy 禁藥王 ＆ Lizi 栗子,23,Unknown,108.0
1178,Asil Slang,45,Unknown,116.0
1179,Asim Azhar,72,Unknown,16.0
1180,Aska Yang,56,Unknown,108.0
1181,Asking Alexandria,65,Unknown,76.0
1182,Asphalt Anton,29,Unknown,57.0
1183,Aspova,50,Unknown,116.0
1184,Assagai,17,Unknown,90.0
1185,Assemblage 23,23,Unknown,
1186,Asspera,36,Unknown,73.0
1187,Asta Kask,36,Unknown,114.0
1188,Astonvilla,33,Unknown,96.0
1189,Astor Piazzolla,34,Unknown,115.0
1190,Astral Projection,33,Unknown,61.0
1191,Astraye,38,Unknown,47.0
1192,Astrid S,71,Unknown,42.0
1193,Astrix,58,Unknown,61.0
1194,Astro Bunny,25,Unknown,108.0
1195,Astronoid,18,Unknown,64.0
1196,Astrud Gilberto,0,Unknown,92.0
1197,Astrus*,59,Unknown,40.0
1198,Astúlio Nunes,47,Unknown,92.0
1199,Asu Maralman,37,Unknown,102.0
1200,Asya,42,Unknown,116.0
1201,At The Gates,52,Unknown,65.0
1202,At17,36,Unknown,94.0
1203,Ata Ebtekar,1,Unknown,99.0
1204,Atari Teenage Riot,42,Unknown,72.0
1205,AtariJones,62,Unknown,40.0
1206,Ataxia,6,Unknown,44.0
1207,Atención Atención,30,Unknown,26.0
1208,Athena,47,Unknown,80.0
1209,Ati242,46,Unknown,116.0
1210,Atif Aslam,73,Unknown,15.0
1211,Atitude 67,51,Unknown,3.0
1212,Atlanta Rhythm Section,0,Unknown,2.0
1213,Atlantic Starr,62,Unknown,45.0
1214,Atmosphere Asmr,34,Unknown,35.0
1215,Atmozfears,57,Unknown,53.0
1216,Atom Kobayashi,27,Unknown,9.0
1217,Atomirotta,36,Unknown,2.0
1218,Atour,45,Unknown,51.0
1219,Atreyu,61,Unknown,63.0
1220,Atria,0,Unknown,99.0
1221,Atrocity,21,Unknown,67.0
1222,Atsuko Takezawa,29,Unknown,9.0
1223,Atta Isaacs,22,Unknown,20.0
1224,Attaque 77,44,Unknown,80.0
1225,Attila,29,Unknown,65.0
1226,Attom,52,Unknown,96.0
1227,Au/Ra,72,Unknown,49.0
1228,Au5,50,Unknown,47.0
1229,Audien,66,Unknown,58.0
1230,Audio,17,Unknown,46.0
1231,Audio Avenues,38,Unknown,34.0
1232,Audio Bullys,48,Unknown,38.0
1233,Audiofreq,23,Unknown,53.0
1234,Audioslave,78,Unknown,63.0
1235,Audiotricz,52,Unknown,53.0
1236,Audra McDonald,46,Unknown,31.0
1237,Audrey Assad,53,Unknown,117.0
1238,Audrey Mika,58,Unknown,40.0
1239,August,45,Unknown,66.0
1240,August Burns Red,54,Unknown,65.0
1241,August D. Valentine,22,Unknown,20.0
1242,August Flendahl,49,Unknown,20.0
1243,Augustana,63,Unknown,24.0
1244,Augustus Pablo,0,Unknown,47.0
1245,Augustín Magaldi,20,Unknown,115.0
1246,Aukai,55,Unknown,37.0
1247,Auli'i Cravalho,66,Unknown,9.0
1248,Aunty Donna,25,Unknown,27.0
1249,Aura Vortex,38,Unknown,61.0
1250,Aurelina Dourado,46,Unknown,92.0
1251,Aurora Rules,30,Unknown,72.0
1252,Austin Basham,60,Unknown,24.0
1253,Austin George,62,Unknown,36.0
1254,Austin Leeds,33,Unknown,58.0
1255,Austin Plaine,57,Unknown,24.0
1256,Austyn Johnson,63,Unknown,31.0
1257,Autechre,42,Unknown,55.0
1258,Authen,43,Unknown,98.0
1259,Authority Zero,34,Unknown,72.0
1260,Autograf,60,Unknown,43.0
1261,Automatic Tasty,23,Unknown,55.0
1262,Autopsy,19,Unknown,68.0
1263,Autoramas,38,Unknown,80.0
1264,Aux 88,8,Unknown,44.0
1265,Ava Decker,50,Unknown,23.0
1266,Ava Max,81,Unknown,42.0
1267,Avail Hollywood,37,Unknown,2.0
1268,Avalanch,30,Unknown,113.0
1269,Avalon,41,Unknown,61.0
1270,Avancada,64,Unknown,61.0
1271,Avantasia,51,Unknown,29.0
1272,Avanti Nagral,44,Unknown,98.0
1273,Avatar,56,Unknown,65.0
1274,Avenged Sevenfold,76,Unknown,25.0
1275,Aventura,83,Unknown,106.0
1276,Avernal,22,Unknown,65.0
1277,Aversions Crown,22,Unknown,64.0
1278,Avery Anna,64,Unknown,18.0
1279,Avhath,31,Unknown,64.0
1280,Avial,41,Unknown,98.0
1281,Aviana,50,Unknown,77.0
1282,Avicii,86,Unknown,42.0
1283,Avine Vinny,49,Unknown,95.0
1284,Avion,41,Unknown,36.0
1285,Aviões do Forró,52,Unknown,95.0
1286,Avoure,58,Unknown,60.0
1287,Avrosse,19,Unknown,56.0
1288,Avslappning Sound,37,Unknown,35.0
1289,Avslut,17,Unknown,64.0
1290,Awaken I Am,55,Unknown,77.0
1291,Awakend,45,Unknown,47.0
1292,Axel Bauer,31,Unknown,96.0
1293,Axel Fischer,24,Unknown,57.0
1294,Axel Flóvent,63,Unknown,19.0
1295,Axel Gillison,0,Unknown,23.0
1296,Axel Johansson,55,Unknown,49.0
1297,Axel Thesleff,63,Unknown,49.0
1298,Axero,0,Unknown,43.0
1299,Axis Of Despair,12,Unknown,68.0
1300,Axix,48,Unknown,11.0
1301,Axonn,48,Unknown,98.0
1302,Axwell,48,Unknown,45.0
1303,Axwell /\ Ingrosso,80,Unknown,42.0
1304,Aya Hirano,19,Unknown,101.0
1305,Ayano Kaneko,54,Unknown,102.0
1306,Ayben,39,Unknown,116.0
1307,Aydilge,50,Unknown,116.0
1308,Ayla,56,Unknown,61.0
1309,Ayla Algan,40,Unknown,116.0
1310,Ayla Dikmen,37,Unknown,116.0
1311,Ayna,49,Unknown,116.0
1312,Ayo Jay,60,Unknown,86.0
1313,Ayria,23,Unknown,
1314,Aysha Mathis,62,Unknown,35.0
1315,Ayten Alpman,42,Unknown,102.0
1316,Ayumikurikamaki,36,Unknown,101.0
1317,Ayush Panda,42,Unknown,98.0
1318,Ayushmann Khurrana,72,Unknown,15.0
1319,Azaan Sami Khan,70,Unknown,16.0
1320,Azarel,16,Unknown,90.0
1321,Azedia,33,Unknown,48.0
1322,Azee,54,Unknown,7.0
1323,Azhirock,1,Unknown,99.0
1324,Azooma,0,Unknown,99.0
1325,Azora Chin,28,Unknown,108.0
1326,Aztec Camera,23,Unknown,59.0
1327,Azucar Moreno,31,Unknown,113.0
1328,Azucar Negra,38,Unknown,110.0
1329,Azucena Maizani,20,Unknown,115.0
1330,Azuquita Y Su Orquesta Melao,27,Unknown,110.0
1331,Azur,50,Unknown,20.0
1332,Azurenity,36,Unknown,34.0
1333,Azzy,48,Unknown,92.0
1334,Ağaçkakan,40,Unknown,116.0
1335,Aşkın Nur Yengi,40,Unknown,116.0
1336,Aşık Veysel,45,Unknown,19.0
1337,B Praak,69,Unknown,16.0
1338,B'z,40,Unknown,102.0
1339,B-Front,25,Unknown,53.0
1340,B-Tribe,48,Unknown,22.0
1341,B-complex,49,Unknown,46.0
1342,B-qll,29,Unknown,45.0
1343,B.B. Jacques,37,Unknown,96.0
1344,B.B. King,64,Unknown,2.0
1345,B.Baby,35,Unknown,114.0
1346,B.I,69,Unknown,104.0
1347,B12,14,Unknown,55.0
1348,B2A,22,Unknown,53.0
1349,BABYMETAL,59,Unknown,101.0
1350,BADBADNOTGOOD,71,Unknown,5.0
1351,BAJOREK,29,Unknown,45.0
1352,BALLISTIK BOYZ from EXILE TRIBE,27,Unknown,100.0
1353,BAND JA NAIMON! MAXX NAKAYOSHI,21,Unknown,101.0
1354,BAND-MAID,52,Unknown,101.0
1355,BANKS,0,Unknown,11.0
1356,BANNERS,77,Unknown,11.0
1357,BANTU,19,Unknown,90.0
1358,BARBEE BOYS,37,Unknown,103.0
1359,BATE,46,Unknown,107.0
1360,BAYNK,64,Unknown,7.0
1361,BB Brunes,32,Unknown,96.0
1362,BB Jürgen,29,Unknown,57.0
1363,BBS Paranoicos,42,Unknown,71.0
1364,BCX,60,Unknown,43.0
1365,BCee,53,Unknown,46.0
1366,BEAUZ,63,Unknown,49.0
1367,BEC,40,Unknown,60.0
1368,BEIST,45,Unknown,18.0
1369,BETWEEN FRIENDS,69,Unknown,11.0
1370,BF/C,24,Unknown,67.0
1371,BG,47,Unknown,
1372,BH,42,Unknown,47.0
1373,BHZ,39,Unknown,97.0
1374,BIA,70,Unknown,105.0
1375,BIBI,69,Unknown,104.0
1376,BIGBANG,68,Unknown,104.0
1377,BILBAO,41,Unknown,97.0
1378,BIN,46,Unknown,3.0
1379,BJ The Chicago Kid,0,Unknown,25.0
1380,BK,56,Unknown,92.0
1381,BLACKPINK,87,South Korea,104.0
1382,BLOND:ISH,63,Unknown,43.0
1383,BLOOM,51,Unknown,51.0
1384,BLOSSOM DEARIE,0,Unknown,5.0
1385,BLOT!,27,Unknown,51.0
1386,BLUE ENCOUNT,65,Unknown,63.0
1387,BLVKSHP,58,Unknown,35.0
1388,BLÜ EYES,65,Unknown,32.0
1389,BOL4,74,Unknown,104.0
1390,BOP,16,Unknown,46.0
1391,BOØWY,41,Unknown,102.0
1392,BRADIO,59,Unknown,102.0
1393,BRAMANE,60,Unknown,36.0
1394,BRAZA,47,Unknown,92.0
1395,BRDigung,35,Unknown,80.0
1396,BRELAND,2,Unknown,18.0
1397,BROX,38,Unknown,97.0
1398,BRVMES,38,Unknown,41.0
1399,BT,20,Unknown,58.0
1400,BTS,85,South Korea,104.0
1401,BUMP OF CHICKEN,74,Unknown,102.0
1402,BURNOUT SYNDROMES,66,Unknown,91.0
1403,BVRNOUT,46,Unknown,51.0
1404,BY2,54,Unknown,108.0
1405,Baani Sandhu,64,Unknown,16.0
1406,Baaroot,7,Unknown,99.0
1407,Baauer,58,Unknown,51.0
1408,Baba Sehgal,56,Unknown,1.0
1409,Babasónicos,47,Unknown,63.0
1410,Babe Rainbow,57,Unknown,52.0
1411,Babert,0,Unknown,43.0
1412,Babik Reinhardt,45,Unknown,20.0
1413,Baby Do Brasil,45,Unknown,6.0
1414,Baby Lullaby,0,Unknown,35.0
1415,Baby Queen,62,Unknown,25.0
1416,Baby Rasta & Gringo,36,Unknown,110.0
1417,Baby Sensory,28,Unknown,26.0
1418,Baby Sleep,66,Unknown,35.0
1419,Baby Sleep Lullaby Academy,34,Unknown,35.0
1420,Baby Sleep Music,36,Unknown,35.0
1421,Baby Sleep Music & Sounds Library,33,Unknown,35.0
1422,Baby Sleep Sounds,36,Unknown,35.0
1423,Baby Sleep White Noise,36,Unknown,35.0
1424,Baby Sweet Dream,43,Unknown,35.0
1425,Baby Tate,0,Unknown,25.0
1426,BabyFirst,29,Unknown,26.0
1427,Babyboomboom,34,Unknown,
1428,Babyfather,16,Unknown,41.0
1429,Bacao Rhythm & Steel Band,49,Unknown,90.0
1430,Baccara,63,Unknown,45.0
1431,Bachelors of Science,16,Unknown,46.0
1432,Bachman-Turner Overdrive,72,Unknown,2.0
1433,Baciary,33,Unknown,45.0
1434,Bacilos,0,Unknown,105.0
1435,Back to Earth,20,Unknown,22.0
1436,Backdrop Falls,32,Unknown,72.0
1437,Backstreet Boys,81,Unknown,42.0
1438,Backstreet Girls,29,Unknown,82.0
1439,Bad Boy Bill,24,Unknown,39.0
1440,Bad Boys Blue,57,Unknown,45.0
1441,Bad Bunny,97,Puerto Rico,105.0
1442,Bad Cash Quartet,28,Unknown,67.0
1443,Bad Company,67,Unknown,2.0
1444,Bad Company UK,18,Unknown,46.0
1445,Bad English,65,Unknown,71.0
1446,Bad Gyal,2,Unknown,105.0
1447,Bad Livers,25,Unknown,17.0
1448,Bad Omens,71,Unknown,77.0
1449,Bad Wolves,69,Unknown,25.0
1450,Bad//Dreems,34,Unknown,52.0
1451,BadKidMacei,23,Unknown,
1452,Bade Ghulam Ali Khan,31,Unknown,21.0
1453,Badem,39,Unknown,116.0
1454,Baden Powell,27,Unknown,20.0
1455,Badfinger,67,Unknown,2.0
1456,Badflower,62,Unknown,70.0
1457,Badkidz,41,Unknown,98.0
1458,Badshah,74,Unknown,1.0
1459,Baflo,29,Unknown,45.0
1460,Bag Raiders,67,Unknown,45.0
1461,Bagno,30,Unknown,45.0
1462,Bahadır Sağlam,44,Unknown,116.0
1463,Bahamas,0,Unknown,19.0
1464,Bahiano,38,Unknown,89.0
1465,Bahramji,50,Unknown,50.0
1466,Bahramji & Maneesh De Moor,37,Unknown,40.0
1467,BaianaSystem,44,Unknown,90.0
1468,Bailey Jehl,56,Unknown,24.0
1469,Bailey Pelkman,54,Unknown,24.0
1470,Bailey Rushlow,53,Unknown,24.0
1471,Bailey Zimmerman,84,Unknown,18.0
1472,Bakers Eddy,33,Unknown,52.0
1473,Bakufu Slump,40,Unknown,103.0
1474,Bal-Sagoth,18,Unknown,64.0
1475,Bala,68,Unknown,16.0
1476,Bala Desejo,43,Unknown,109.0
1477,"Bala, Bombom e Chocolate",47,Unknown,
1478,Balan Kash,33,Unknown,107.0
1479,Balance And Composure,30,Unknown,70.0
1480,Balancear,37,Unknown,95.0
1481,Balbi El Chamako,48,Unknown,106.0
1482,Balek,28,Unknown,57.0
1483,Balkans,24,Unknown,52.0
1484,Balmorhea,61,Unknown,37.0
1485,Balsam Range,32,Unknown,17.0
1486,Baltimora,72,Unknown,45.0
1487,Bananarama,67,Unknown,45.0
1488,Bananas In Pyjamas,50,Unknown,26.0
1489,Band Of Skulls,33,Unknown,52.0
1490,Banda A Loba,40,Unknown,95.0
1491,Banda Autentica de Jerez,53,Unknown,6.0
1492,Banda Beijo,38,Unknown,111.0
1493,Banda Bostik,44,Unknown,76.0
1494,Banda Calypso,40,Unknown,95.0
1495,Banda Carnaval,44,Unknown,6.0
1496,Banda Cascavel,44,Unknown,95.0
1497,Banda Cuisillos,56,Unknown,6.0
1498,Banda Eva,46,Unknown,109.0
1499,Banda Giom,44,Unknown,92.0
1500,Banda Kassikó,40,Unknown,95.0
1501,Banda Kitara,37,Unknown,95.0
1502,Banda Los Recoditos,41,Unknown,6.0
1503,Banda Magníficos,54,Unknown,95.0
1504,Banda Rancho Viejo De Julio Aramburo La Bandononona,50,Unknown,6.0
1505,Banda Real,31,Unknown,110.0
1506,Banda Som e Louvor,39,Unknown,95.0
1507,Banda Styllus,39,Unknown,95.0
1508,Banda do Mar,42,Unknown,109.0
1509,Bandalos Chinos,44,Unknown,63.0
1510,Bandit,14,Unknown,68.0
1511,Bane,29,Unknown,72.0
1512,Banes World,61,Unknown,52.0
1513,Baneva,39,Unknown,116.0
1514,Bang Data,42,Unknown,90.0
1515,Bang!,24,Unknown,10.0
1516,Bankzitters,39,Unknown,53.0
1517,Banner Pilot,28,Unknown,78.0
1518,Bantunagojeje,19,Unknown,90.0
1519,Banty Foot,27,Unknown,100.0
1520,Baobinga,10,Unknown,38.0
1521,Bappi Lahiri,57,Unknown,15.0
1522,Baramant,0,Unknown,99.0
1523,Barathrum,17,Unknown,64.0
1524,Barbados,39,Unknown,114.0
1525,Barbara Cook,26,Unknown,31.0
1526,Barbara Higbie,20,Unknown,22.0
1527,Barbara Tucker,48,Unknown,39.0
1528,Barbra Streisand,68,Unknown,45.0
1529,Barely Alive,49,Unknown,47.0
1530,Barem,19,Unknown,56.0
1531,Barilari,34,Unknown,73.0
1532,Barlas & Mert,50,Unknown,116.0
1533,Barlow & Bear,56,Unknown,31.0
1534,Barney,54,Unknown,26.0
1535,Barney Isaacs,23,Unknown,20.0
1536,Barns Courtney,69,Unknown,63.0
1537,Baron Vaughn,23,Unknown,27.0
1538,Baroque Modernist,60,Unknown,35.0
1539,Barren Gates,66,Unknown,49.0
1540,Barreracudas,25,Unknown,52.0
1541,Barrerito,46,Unknown,112.0
1542,Barrett Wilbert Weed,63,Unknown,31.0
1543,Barrington Levy,56,Unknown,47.0
1544,Barry Carl,12,Unknown,
1545,Barry Fest,34,Unknown,53.0
1546,Barry Likumahuwa,33,Unknown,2.0
1547,Barry Manilow,69,Unknown,45.0
1548,Barry White,70,Unknown,45.0
1549,Bart Skils,31,Unknown,56.0
1550,Bartika Eam Rai,48,Unknown,11.0
1551,Bartosz Opania,19,Unknown,9.0
1552,Barão Vermelho,46,Unknown,92.0
1553,Barış Akarsu,40,Unknown,116.0
1554,Barış Kocatürk,42,Unknown,32.0
1555,Barış Manço,39,Unknown,79.0
1556,Base Alert,23,Unknown,10.0
1557,Base Ball Bear,52,Unknown,103.0
1558,Basebrothers,40,Unknown,114.0
1559,Baseck,10,Unknown,55.0
1560,Basement,65,Unknown,72.0
1561,Basho & Friends,17,Unknown,
1562,Basiani Ensemble,43,Unknown,19.0
1563,Basic Bastard,7,Unknown,44.0
1564,Basixx,53,Unknown,114.0
1565,Bass Chaserz,23,Unknown,53.0
1566,Bass Modulators,52,Unknown,53.0
1567,Bassa,16,Unknown,115.0
1568,Bassjackers,57,Unknown,58.0
1569,Bassnectar,53,Unknown,38.0
1570,Bastiancortesxv,40,Unknown,91.0
1571,Bastille,76,Unknown,83.0
1572,Bat For Lashes,25,Unknown,59.0
1573,Bathory,48,Unknown,64.0
1574,Batmobile,26,Unknown,79.0
1575,Battle Beast,55,Unknown,73.0
1576,Batu Akdeniz,44,Unknown,63.0
1577,Batu Onat,41,Unknown,43.0
1578,Batuflex,42,Unknown,116.0
1579,Batuhan Kordel,38,Unknown,116.0
1580,Batushka,43,Unknown,64.0
1581,Bauhaus,62,Unknown,67.0
1582,Bauri,9,Unknown,55.0
1583,Bawari Basanti,38,Unknown,32.0
1584,Bayaan,46,Unknown,98.0
1585,Bayer Full,34,Unknown,45.0
1586,Bayera,33,Unknown,45.0
1587,Bayka,55,Unknown,100.0
1588,Baymont Bross,17,Unknown,38.0
1589,Bayron Fire,45,Unknown,87.0
1590,Bayside,36,Unknown,66.0
1591,Bazil Alexander,32,Unknown,110.0
1592,Bazurto All Stars,33,Unknown,110.0
1593,Bazzi,76,Unknown,42.0
1594,Bağzıları,43,Unknown,116.0
1595,Be Svendsen,47,Unknown,43.0
1596,Bea Miller,71,Unknown,63.0
1597,Beach Bunny,82,Unknown,11.0
1598,Beach Fossils,67,Unknown,40.0
1599,Beach Goons,26,Unknown,52.0
1600,Beach House,73,Unknown,11.0
1601,Beach Slang,23,Unknown,78.0
1602,Beach Weather,90,Unknown,83.0
1603,Beamon,41,Unknown,66.0
1604,Beans on Toast,26,Unknown,24.0
1605,Bear Grillz,46,Unknown,47.0
1606,Bear's Den,0,Unknown,19.0
1607,Beartooth,65,Unknown,77.0
1608,Beast In Black,62,Unknown,73.0
1609,Beat Assassins,17,Unknown,38.0
1610,Beat Oven,49,Unknown,34.0
1611,Beat The System,29,Unknown,107.0
1612,BeatBo,51,Unknown,
1613,Beatcrooks,37,Unknown,53.0
1614,Beatnugget,49,Unknown,34.0
1615,Beatriz,40,Unknown,28.0
1616,Beatriz Luengo,33,Unknown,113.0
1617,Beatsole,53,Unknown,61.0
1618,Beatsteaks,39,Unknown,97.0
1619,Beau.,43,Unknown,91.0
1620,Beautiful Sleep,59,Unknown,35.0
1621,Beautiful Storms,60,Unknown,35.0
1622,Beave,59,Unknown,69.0
1623,Bebe,60,Unknown,113.0
1624,Bebe Neuwirth,27,Unknown,31.0
1625,Bebe Rexha,74,Unknown,42.0
1626,Bebeto,40,Unknown,111.0
1627,Becca Folkes,25,Unknown,90.0
1628,Becker,37,Unknown,61.0
1629,Becky G,85,Unknown,42.0
1630,Becky Hill,78,Unknown,42.0
1631,Beddy Rays,37,Unknown,52.0
1632,Bedo,40,Unknown,116.0
1633,Bedtijd,60,Unknown,35.0
1634,Bedtime Baby,55,Unknown,35.0
1635,Bee Gees,80,Unknown,45.0
1636,Beendo Z,76,Unknown,96.0
1637,Beenie Man,57,Unknown,86.0
1638,Before I Turn,22,Unknown,65.0
1639,Begum Akhtar,32,Unknown,21.0
1640,Behemoth,51,Unknown,64.0
1641,Being As An Ocean,53,Unknown,72.0
1642,Bekar,34,Unknown,96.0
1643,Belanova,0,Unknown,105.0
1644,Belchior,46,Unknown,109.0
1645,Beleza e Maravilha,47,Unknown,112.0
1646,Belfa,48,Unknown,40.0
1647,Belinda,0,Unknown,105.0
1648,Belinda Carlisle,69,Unknown,59.0
1649,Bell Marques,43,Unknown,95.0
1650,Bella Poarch,76,Unknown,25.0
1651,Belle,52,Unknown,91.0
1652,Belle and the Nursery Rhymes Band,55,Unknown,26.0
1653,Belleruche,62,Unknown,62.0
1654,Bellorum,45,Unknown,51.0
1655,Belmonte & Amaraí,46,Unknown,112.0
1656,Belo,52,Unknown,
1657,Belouis Some,25,Unknown,59.0
1658,Belphegor,42,Unknown,64.0
1659,Beltiner,37,Unknown,34.0
1660,Belzebubs,17,Unknown,64.0
1661,Ben Bailey,25,Unknown,27.0
1662,Ben Böhmer,67,Unknown,54.0
1663,Ben E. King,80,Unknown,6.0
1664,Ben Folds,31,Unknown,23.0
1665,Ben Folds Five,31,Unknown,23.0
1666,Ben Gold,47,Unknown,61.0
1667,Ben Howard,71,Unknown,93.0
1668,Ben Kessler,52,Unknown,40.0
1669,Ben Klock,45,Unknown,56.0
1670,Ben Lukas Boysen,49,Unknown,37.0
1671,Ben Mazué,37,Unknown,96.0
1672,Ben Pearce,54,Unknown,43.0
1673,Ben Phipps,38,Unknown,43.0
1674,Ben Platt,65,Unknown,31.0
1675,Ben Rector,65,Unknown,24.0
1676,Ben Sollee,40,Unknown,17.0
1677,Ben Woodward,55,Unknown,24.0
1678,Ben Zucker,37,Unknown,97.0
1679,Benab,33,Unknown,96.0
1680,Benediction,21,Unknown,65.0
1681,Benedixhion,53,Unknown,66.0
1682,Bengt Sändh,37,Unknown,114.0
1683,Beniamino Gigli,25,Unknown,29.0
1684,Benito Di Paula,51,Unknown,109.0
1685,Benja Bruijning,37,Unknown,9.0
1686,Benjamin Biolay,30,Unknown,96.0
1687,Benjamin Britten,0,Unknown,93.0
1688,Benjamin Darren,59,Unknown,43.0
1689,Benjamin Ingrosso,64,Unknown,114.0
1690,Bennett Coast,64,Unknown,40.0
1691,Benny,43,Unknown,113.0
1692,Benny Andersson,0,Unknown,114.0
1693,Benny Anderssons Orkester,36,Unknown,114.0
1694,Benny Benni,40,Unknown,106.0
1695,Benny Dayal,65,Unknown,1.0
1696,Benny Garner,60,Unknown,23.0
1697,Benny Goodman,0,Unknown,5.0
1698,Benny Martin,51,Unknown,9.0
1699,Benny Page,28,Unknown,46.0
1700,Benny The Butcher,63,Unknown,6.0
1701,Benoît Pioulard,46,Unknown,37.0
1702,Bensley,52,Unknown,46.0
1703,Benson Boone,86,Unknown,16.0
1704,Bent,50,Unknown,62.0
1705,Bentley Rhythm Ace,45,Unknown,38.0
1706,Beny Moré,44,Unknown,5.0
1707,Benziê,43,Unknown,109.0
1708,Beowülf,63,Unknown,40.0
1709,Ber,64,Unknown,32.0
1710,Berc Polat,46,Unknown,116.0
1711,Beret,76,Unknown,113.0
1712,Berg,51,Unknown,61.0
1713,Bergen,44,Unknown,116.0
1714,Berioska,52,Unknown,91.0
1715,Berlin,76,Unknown,59.0
1716,Berlin Minimal,19,Unknown,56.0
1717,Berliner Philharmoniker,1,Unknown,97.0
1718,Bernadette Peters,50,Unknown,31.0
1719,Bernard Adamus,40,Unknown,2.0
1720,Bernard Lavilliers,33,Unknown,96.0
1721,Bernhard Brink,36,Unknown,45.0
1722,Bernward Koch,51,Unknown,22.0
1723,Berry Goodman,36,Unknown,102.0
1724,Bersuit Vergarabat,45,Unknown,63.0
1725,Bert Jansch,15,Unknown,93.0
1726,Bert Kreischer,29,Unknown,27.0
1727,Bertocucci Feranzano,22,Unknown,10.0
1728,Beshenitar,1,Unknown,99.0
1729,Beside,37,Unknown,65.0
1730,Besmaya,62,Unknown,113.0
1731,Besomorph,61,Unknown,54.0
1732,Bess Atwell,53,Unknown,93.0
1733,Bestial Mockery,19,Unknown,64.0
1734,Beta Berk Bayındır,46,Unknown,116.0
1735,Beth Carvalho,44,Unknown,109.0
1736,Beth Gibbons,49,Unknown,62.0
1737,Beth Leavel,32,Unknown,31.0
1738,Bethel Music,66,Unknown,37.0
1739,Beto Diaz,37,Unknown,82.0
1740,Beto Guedes,49,Unknown,109.0
1741,Betrayer,25,Unknown,65.0
1742,Betraying The Martyrs,56,Unknown,65.0
1743,Better Call Soul,36,Unknown,34.0
1744,Better Than Ezra,29,Unknown,70.0
1745,Betterov,36,Unknown,97.0
1746,Betty Who,59,Unknown,50.0
1747,Between The Buried And Me,24,Unknown,65.0
1748,Beverley Knight,34,Unknown,93.0
1749,Bewitcher,21,Unknown,64.0
1750,Beyaz Kelebekler,34,Unknown,79.0
1751,Beyazz,40,Unknown,97.0
1752,Beyoncé,93,Unknown,42.0
1753,Beyond,60,Unknown,94.0
1754,Beyond The Guitar,37,Unknown,24.0
1755,Bezerra Da Silva,40,Unknown,111.0
1756,Bhalwaan,67,Unknown,1.0
1757,Bharan,42,Unknown,104.0
1758,Bharat Chauhan,49,Unknown,98.0
1759,Bharath Sajikumar,37,Unknown,107.0
1760,Bhavdeep Jaipurwale,36,Unknown,19.0
1761,Bhimsen Joshi,37,Unknown,21.0
1762,Bhoomi,41,Unknown,11.0
1763,Bhuvan Bam,56,Unknown,74.0
1764,BiS,27,Unknown,101.0
1765,BiSH,47,Unknown,91.0
1766,Bia Marques,43,Unknown,109.0
1767,Biba Dupont,60,Unknown,23.0
1768,Bibio,58,Unknown,37.0
1769,Bicep,74,Unknown,37.0
1770,Bickram Ghosh,33,Unknown,21.0
1771,Bidê ou Balde,43,Unknown,92.0
1772,Bierkapitän,26,Unknown,57.0
1773,Biesiada,29,Unknown,45.0
1774,Big & Rich,0,Unknown,18.0
1775,Big Audio Dynamite,27,Unknown,59.0
1776,Big Block Singsong,29,Unknown,26.0
1777,Big Boy,29,Unknown,72.0
1778,Big Brother & The Holding Company,69,Unknown,2.0
1779,Big Bud,15,Unknown,46.0
1780,Big Country Bluegrass,27,Unknown,17.0
1781,Big D and the Kids Table,35,Unknown,81.0
1782,Big Daddy & Rockin' Combo,23,Unknown,84.0
1783,Big Daddy Kane,0,Unknown,72.0
1784,Big Don,11,Unknown,
1785,Big Dope P,15,Unknown,41.0
1786,Big Four,19,Unknown,94.0
1787,Big Gigantic,62,Unknown,51.0
1788,Big Jay Oakerson,27,Unknown,27.0
1789,Big Joe Turner,27,Unknown,84.0
1790,Big L,64,Unknown,72.0
1791,Big Mama Thornton,57,Unknown,24.0
1792,Big Mountain,68,Unknown,87.0
1793,Big Mucci,22,Unknown,
1794,Big Pat,39,Unknown,97.0
1795,Big Pun,71,Unknown,72.0
1796,Big Red Machine,69,Unknown,19.0
1797,Big Sean,1,Unknown,1.0
1798,Big Soto,39,Unknown,106.0
1799,Big Star,54,Unknown,102.0
1800,Big Tiny Little,11,Unknown,4.0
1801,Big Ty,22,Unknown,90.0
1802,Big Up,45,Unknown,92.0
1803,Big Wild,0,Unknown,11.0
1804,Big Yayo,34,Unknown,2.0
1805,Big Youth,27,Unknown,47.0
1806,BigRicePiano,51,Unknown,91.0
1807,Biga*Ranx,34,Unknown,96.0
1808,Bigg Robb,33,Unknown,2.0
1809,Bigwig,29,Unknown,72.0
1810,Bihler,48,Unknown,47.0
1811,Bii,27,Unknown,108.0
1812,Bijay Anand Sahu,42,Unknown,111.0
1813,Bijou,33,Unknown,82.0
1814,Bikki Gurung,44,Unknown,11.0
1815,Bilal Saeed,67,Unknown,1.0
1816,Bile,19,Unknown,
1817,Bilici,40,Unknown,116.0
1818,Bill Charlap Trio,65,Unknown,5.0
1819,Bill Emerson,22,Unknown,17.0
1820,Bill Evans,59,Unknown,5.0
1821,Bill Evans Trio,60,Unknown,5.0
1822,Bill Frisell,0,Unknown,20.0
1823,Bill Haley,55,Unknown,82.0
1824,Bill Haley & His Comets,54,Unknown,82.0
1825,Bill Monroe,23,Unknown,17.0
1826,Bill Monroe & His Blue Grass Boys,25,Unknown,17.0
1827,Bill Thompson,19,Unknown,9.0
1828,Bill Withers,79,Unknown,3.0
1829,Billboard Baby Lullabies,25,Unknown,9.0
1830,Billfold,30,Unknown,72.0
1831,Billie Eilish,89,Unknown,50.0
1832,Billie Holiday,67,Unknown,2.0
1833,Billie Marten,63,Unknown,93.0
1834,Billo's,41,Unknown,102.0
1835,Billx,50,Unknown,96.0
1836,Billy Bueffer,56,Unknown,36.0
1837,Billy Childish,26,Unknown,52.0
1838,Billy Connolly,21,Unknown,27.0
1839,Billy Currington,0,Unknown,18.0
1840,Billy Dean,28,Unknown,17.0
1841,Billy Eichner,60,Unknown,9.0
1842,Billy F Gibbons,0,Unknown,2.0
1843,Billy Fury,51,Unknown,93.0
1844,Billy Gardell,24,Unknown,27.0
1845,Billy Idol,74,Unknown,71.0
1846,Billy Joel,79,Unknown,19.0
1847,Billy Ocean,70,Unknown,45.0
1848,Billy Porter,43,Unknown,31.0
1849,Billy Preston,63,Unknown,45.0
1850,Billy Ray Cyrus,68,Unknown,18.0
1851,Billy Soul Bonds,34,Unknown,2.0
1852,Billy Squier,0,Unknown,71.0
1853,Billy Talent,1,Unknown,81.0
1854,Binaural Beats,32,Unknown,35.0
1855,Binaural Beats Brain Waves Isochronic Tones Brain Wave Entrainment,32,Unknown,35.0
1856,Binaural Beats Brainwave Entrainment,38,Unknown,35.0
1857,Binaural Beats Sleep,34,Unknown,35.0
1858,Bingo Players,69,Unknown,58.0
1859,Binho Simões,55,Unknown,
1860,Binks Beatz,38,Unknown,96.0
1861,Binod Majhi,38,Unknown,111.0
1862,Binum,28,Unknown,100.0
1863,Biohazard,0,Unknown,69.0
1864,Biosphere,44,Unknown,37.0
1865,Bioweapon,20,Unknown,53.0
1866,Bipul Chettri,47,Unknown,11.0
1867,Biquini Cavadão,52,Unknown,92.0
1868,Bira Santos,32,Unknown,69.0
1869,Birat Bitz,47,Unknown,60.0
1870,Birdflesh,13,Unknown,68.0
1871,Birileri,46,Unknown,63.0
1872,Birkan Nasuhoğlu,43,Unknown,116.0
1873,Birsen Tezer,43,Unknown,103.0
1874,Bisa Kdei,52,Unknown,86.0
1875,Biscits,62,Unknown,43.0
1876,Bishop Briggs,75,Unknown,63.0
1877,Bishop Larry Trotter,42,Unknown,28.0
1878,Bissett,24,Unknown,69.0
1879,Bitkit,28,Unknown,61.0
1880,Bitstream,10,Unknown,55.0
1881,Bitter End,29,Unknown,72.0
1882,Bitter:Sweet,21,Unknown,62.0
1883,Biu do Piseiro,51,Unknown,95.0
1884,Bixiga 70,31,Unknown,90.0
1885,Biz Markie,0,Unknown,72.0
1886,Bizarrap,99,Unknown,1.0
1887,Bjarne Hendrik,57,Unknown,96.0
1888,Bjarni Erlingursson,60,Unknown,23.0
1889,Bjoern Torwellen,17,Unknown,56.0
1890,Björn Afzelius,38,Unknown,114.0
1891,Björn Holmgren,0,Unknown,114.0
1892,Björn Rosenström,42,Unknown,114.0
1893,Bjørg Stigbjørnson,59,Unknown,35.0
1894,Black,69,Unknown,59.0
1895,Black Alien,48,Unknown,92.0
1896,Black Atlass,65,Unknown,7.0
1897,Black Box Revelation,30,Unknown,52.0
1898,Black Coffee,59,Unknown,43.0
1899,Black Eyed Peas,4,Unknown,42.0
1900,Black Eyed Vermillion,30,Unknown,67.0
1901,Black Kids,32,Unknown,100.0
1902,Black Label Society,66,Unknown,69.0
1903,Black Lips,27,Unknown,52.0
1904,Black Loops,0,Unknown,43.0
1905,Black Messiah,20,Unknown,64.0
1906,Black Mountain,43,Unknown,79.0
1907,Black Pantera,32,Unknown,65.0
1908,Black Pistol Fire,53,Unknown,52.0
1909,Black Pumas,67,Unknown,7.0
1910,Black Raven,30,Unknown,84.0
1911,Black Rebel Motorcycle Club,59,Unknown,2.0
1912,Black Rob,0,Unknown,72.0
1913,Black Roots,26,Unknown,47.0
1914,Black Ryno,22,Unknown,100.0
1915,Black Sabbath,58,Unknown,71.0
1916,Black Stone Cherry,44,Unknown,70.0
1917,Black Sun Empire,23,Unknown,46.0
1918,Black Tambourine,20,Unknown,41.0
1919,Black Tiger Sex Machine,51,Unknown,47.0
1920,Black Uhuru,41,Unknown,47.0
1921,Black Veil Brides,71,Unknown,63.0
1922,BlackGummy,15,Unknown,41.0
1923,BlackRoy,44,Unknown,88.0
1924,Blackburri,46,Unknown,34.0
1925,Blackhaine,18,Unknown,41.0
1926,Blacklistt,28,Unknown,77.0
1927,Blackmen,29,Unknown,86.0
1928,Blackmill,52,Unknown,48.0
1929,Blackstreet,77,Unknown,100.0
1930,Bladerunner,21,Unknown,46.0
1931,Blaine,38,Unknown,36.0
1932,Blak Ryno,27,Unknown,86.0
1933,Blake,27,Unknown,113.0
1934,Blake Babies,21,Unknown,78.0
1935,Blake Baxter,18,Unknown,44.0
1936,Blake Rules,23,Unknown,
1937,Blake Shelton,66,Unknown,18.0
1938,Blame,18,Unknown,46.0
1939,Blame Jones,51,Unknown,24.0
1940,Blame it on Ed,31,Unknown,34.0
1941,Blamstrain,8,Unknown,55.0
1942,Blancmange,23,Unknown,59.0
1943,Blanco Palamera,48,Unknown,113.0
1944,Blanco White,66,Unknown,93.0
1945,Blank & Jones,55,Unknown,60.0
1946,Blanke,48,Unknown,47.0
1947,Blaqk Audio,25,Unknown,
1948,Blas Cantó,59,Unknown,113.0
1949,Blastoyz,53,Unknown,61.0
1950,Blazy,56,Unknown,61.0
1951,Ble0,36,Unknown,34.0
1952,Bleach,30,Unknown,72.0
1953,Bleachers,66,Unknown,11.0
1954,Bleed From Within,53,Unknown,65.0
1955,Bleeding Knees Club,28,Unknown,52.0
1956,Bleeding Through,23,Unknown,65.0
1957,Bleeker,59,Unknown,2.0
1958,Bleu Edmondson,43,Unknown,18.0
1959,Bleu Toucan,60,Unknown,96.0
1960,Blind Channel,59,Unknown,61.0
1961,Blind Faith,54,Unknown,2.0
1962,Blind Melon,76,Unknown,63.0
1963,Blind Pigs,33,Unknown,72.0
1964,Blind Witness,22,Unknown,65.0
1965,Blinded Hearts,57,Unknown,97.0
1966,Blinkie,41,Unknown,69.0
1967,Blippi,62,Unknown,26.0
1968,Bliss,37,Unknown,61.0
1969,Blitz,44,Unknown,6.0
1970,Blonde Redhead,60,Unknown,63.0
1971,Blondie,73,Unknown,78.0
1972,Blood Duster,13,Unknown,68.0
1973,Blood For Blood,30,Unknown,72.0
1974,Blood Incantation,25,Unknown,65.0
1975,Blood Orange,66,Unknown,40.0
1976,Blood Youth,24,Unknown,77.0
1977,Bloodbath,48,Unknown,64.0
1978,Bloodbound,52,Unknown,73.0
1979,Bloodhound Gang,0,Unknown,3.0
1980,Bloodred Hourglass,24,Unknown,65.0
1981,Bloodywood,52,Unknown,76.0
1982,Blue Boatz,43,Unknown,34.0
1983,Blue Feather,33,Unknown,45.0
1984,Blue Foundation,67,Unknown,51.0
1985,Blue Highway,30,Unknown,17.0
1986,Blue Magic,34,Unknown,45.0
1987,Blue Moon Rising,22,Unknown,17.0
1988,Blue Motyl,32,Unknown,34.0
1989,Blue October,48,Unknown,70.0
1990,Blue Stahli,55,Unknown,
1991,Blue States,49,Unknown,62.0
1992,Blue Swede,73,Unknown,114.0
1993,Blue Öyster Cult,76,Unknown,2.0
1994,Blueboy,17,Unknown,41.0
1995,Blueridge Mountain Bluegrass Band,22,Unknown,17.0
1996,Blues Delight,54,Unknown,2.0
1997,Blues Saraceno,55,Unknown,2.0
1998,BluntOne,60,Unknown,40.0
1999,Blunts & Blondes,51,Unknown,48.0
2000,Blur,78,Unknown,63.0
2001,Blurstem,54,Unknown,37.0
2002,Bluszcz,37,Unknown,51.0
2003,Blutengel,24,Unknown,67.0
2004,Blvk Sheep,38,Unknown,47.0
2005,Blå Tåget,35,Unknown,114.0
2006,Bo Diddley,56,Unknown,84.0
2007,Bo Kaspers Orkester,42,Unknown,102.0
2008,Bo Sundström,36,Unknown,102.0
2009,Boards of Canada,59,Unknown,37.0
2010,Bob & Lucille,23,Unknown,84.0
2011,Bob Dylan,73,Unknown,18.0
2012,Bob Luman,29,Unknown,82.0
2013,Bob Marley & The Wailers,78,Unknown,87.0
2014,Bob Moses,60,Unknown,51.0
2015,Bob Mould,25,Unknown,78.0
2016,Bob Saget,22,Unknown,27.0
2017,Bob Seger,74,Unknown,18.0
2018,Bob Sinclar,73,Unknown,45.0
2019,Bob Stevens,32,Unknown,89.0
2020,"Bobby ""Blue"" Bland",59,Unknown,2.0
2021,Bobby Brown,0,Unknown,3.0
2022,Bobby Chen,46,Unknown,108.0
2023,Bobby Cruz,38,Unknown,5.0
2024,Bobby Darin,68,Unknown,103.0
2025,Bobby Day,62,Unknown,2.0
2026,Bobby Driscoll,24,Unknown,9.0
2027,Bobby Goldsboro,60,Unknown,82.0
2028,Bobby Hicks,21,Unknown,17.0
2029,Bobby Osborne,23,Unknown,17.0
2030,Bobby Rosario,29,Unknown,110.0
2031,Bobby Rydell,54,Unknown,82.0
2032,Bobby Steggert,27,Unknown,31.0
2033,Bobby Timmons,39,Unknown,5.0
2034,Bobby Valentin,29,Unknown,110.0
2035,Bobby Vee,55,Unknown,82.0
2036,Bobby Vinton,54,Unknown,82.0
2037,Bobby Xavier,19,Unknown,107.0
2038,Bobbylene,25,Unknown,24.0
2039,Bobi,31,Unknown,45.0
2040,Bobo Shashi,56,Unknown,1.0
2041,Bobs & Lolo,52,Unknown,26.0
2042,Boc Scadet,8,Unknown,55.0
2043,Bochum Welt,36,Unknown,55.0
2044,Bodor Vencel,61,Unknown,23.0
2045,Body Void,19,Unknown,64.0
2046,Bodybox,30,Unknown,72.0
2047,Bodyjar,31,Unknown,72.0
2048,Bodylotion,21,Unknown,10.0
2049,Bodyrox,29,Unknown,45.0
2050,Bodysnatcher,48,Unknown,65.0
2051,Boehm,42,Unknown,43.0
2052,Bogdan Raczynski,47,Unknown,55.0
2053,Bohemia,68,Unknown,1.0
2054,Bohnes,67,Unknown,63.0
2055,Boi Foi Toch,39,Unknown,53.0
2056,Bokaloka,52,Unknown,
2057,Bola,15,Unknown,55.0
2058,Bola Johnson,44,Unknown,90.0
2059,Bolier,50,Unknown,43.0
2060,Bolt Thrower,46,Unknown,65.0
2061,Bom Gosto,57,Unknown,
2062,Bomba Estéreo,61,Unknown,51.0
2063,Bombai,57,Unknown,113.0
2064,Bombay Bandook,42,Unknown,98.0
2065,Bombay Bicycle Club,64,Unknown,63.0
2066,Bombay Jayashri,68,Unknown,21.0
2067,Bombay Sisters,33,Unknown,21.0
2068,Bombino,45,Unknown,20.0
2069,Bombo Rosa,21,Unknown,38.0
2070,Bombus,21,Unknown,67.0
2071,Bon Entendeur,64,Unknown,96.0
2072,Bon Iver,73,Unknown,19.0
2073,Bon Jovi,85,Unknown,76.0
2074,Bonde R300,54,Unknown,3.0
2075,Bonde do Brasil,39,Unknown,95.0
2076,Bonde do Forró,48,Unknown,95.0
2077,Bonde do gato preto,48,Unknown,95.0
2078,Bondi Cigars,32,Unknown,2.0
2079,Boney M.,72,Unknown,45.0
2080,Bonfire,52,Unknown,97.0
2081,Bonnie Raitt,65,Unknown,2.0
2082,Bonnie Tyler,77,Unknown,45.0
2083,Bonobo,60,Unknown,51.0
2084,Boogarins,27,Unknown,79.0
2085,Boogie T,26,Unknown,47.0
2086,Book Of Love,29,Unknown,59.0
2087,Booka Shade,56,Unknown,51.0
2088,Booker T. & the M.G.'s,0,Unknown,3.0
2089,Boom Buddies,32,Unknown,26.0
2090,Boom-Bastic,16,Unknown,10.0
2091,Boombox Cartel,59,Unknown,51.0
2092,Boomdabash,0,Unknown,87.0
2093,Boon Hui Lu,28,Unknown,108.0
2094,Bootstraps,46,Unknown,24.0
2095,Boozoo Bajou,54,Unknown,62.0
2096,Boreal Embla,64,Unknown,35.0
2097,Borgeous,47,Unknown,58.0
2098,Borgore,51,Unknown,47.0
2099,Bori & Suan,22,Unknown,67.0
2100,Boris Brejcha,64,Unknown,97.0
2101,Boris Shtokolov,0,Unknown,30.0
2102,Boris Way,66,Unknown,96.0
2103,Borknagar,18,Unknown,64.0
2104,Born Of Osiris,49,Unknown,65.0
2105,Borys LBD,35,Unknown,45.0
2106,Boss Axis,0,Unknown,56.0
2107,Bosse,36,Unknown,97.0
2108,Bossy,38,Unknown,116.0
2109,Boston,79,Unknown,18.0
2110,Boston 168,37,Unknown,47.0
2111,Boston Soundlabs,23,Unknown,
2112,Boston Symphony Orchestra,0,Unknown,21.0
2113,Bounce Patrol,48,Unknown,26.0
2114,Bount,37,Unknown,97.0
2115,Bounty Killer,23,Unknown,100.0
2116,Bowery Electric,44,Unknown,62.0
2117,Bowie Lam,44,Unknown,94.0
2118,Bowling For Soup,71,Unknown,80.0
2119,Boy Boy,30,Unknown,86.0
2120,Boy George,59,Unknown,59.0
2121,Boy Kiss Girl,26,Unknown,43.0
2122,Boy Robot,14,Unknown,55.0
2123,Boy is Fiction,10,Unknown,55.0
2124,Boyce Avenue,67,Unknown,24.0
2125,Boys,32,Unknown,45.0
2126,Boys Like Girls,66,Unknown,80.0
2127,Boys n Root,34,Unknown,89.0
2128,Boyscott,62,Unknown,52.0
2129,Boysetsfire,32,Unknown,72.0
2130,Boyz II Men,71,Unknown,6.0
2131,Boz Scaggs,0,Unknown,18.0
2132,Boza,75,Unknown,106.0
2133,Bracket,54,Unknown,86.0
2134,Brad Jacobsen,23,Unknown,22.0
2135,Brad Kane,51,Unknown,9.0
2136,Brad Mehldau,42,Unknown,5.0
2137,Brad Paisley,64,Unknown,18.0
2138,Brad Williams,22,Unknown,27.0
2139,Brad stank,54,Unknown,52.0
2140,Brainbox,63,Unknown,35.0
2141,Brainkicker,30,Unknown,53.0
2142,Brambles,55,Unknown,37.0
2143,Brandi Carlile,66,Unknown,24.0
2144,Brando,65,Unknown,43.0
2145,Brandon,57,Unknown,40.0
2146,Brandon Chase,57,Unknown,24.0
2147,Brandon Uranowitz,20,Unknown,31.0
2148,Brandy,0,Unknown,7.0
2149,Brasas do Forró,48,Unknown,95.0
2150,Brasil Guitar Duo,28,Unknown,20.0
2151,Bratz,31,Unknown,26.0
2152,Brave Girls,66,Unknown,104.0
2153,Bravesboy,36,Unknown,89.0
2154,Braxton,53,Unknown,58.0
2155,Brayke,47,Unknown,36.0
2156,Brazilian Girls,20,Unknown,62.0
2157,Brazo Wa Afrika,24,Unknown,43.0
2158,Bread,70,Unknown,19.0
2159,Break,19,Unknown,46.0
2160,Break The Box,10,Unknown,38.0
2161,Breakbot,61,Unknown,45.0
2162,Breakestra,26,Unknown,90.0
2163,Breakfast For Brunch,52,Unknown,34.0
2164,Breaking Benjamin,74,Unknown,25.0
2165,Breaking Grass,26,Unknown,17.0
2166,Breathe Carolina,41,Unknown,61.0
2167,Brenda Lee,71,Unknown,84.0
2168,Brendan James,51,Unknown,24.0
2169,Brennan Heart,62,Unknown,53.0
2170,Brennan Savage,68,Unknown,66.0
2171,Brennan Story,45,Unknown,36.0
2172,Brennen Grey,30,Unknown,60.0
2173,Brenno Reis & Marco Viola,43,Unknown,112.0
2174,Brent Carver,26,Unknown,31.0
2175,Brent Morgan,65,Unknown,32.0
2176,Bret Ernst,24,Unknown,27.0
2177,Brett Dennen,57,Unknown,24.0
2178,Brett Eldredge,61,Unknown,18.0
2179,Brett Young,75,Unknown,18.0
2180,Bri-C,50,Unknown,36.0
2181,Brian Crain,52,Unknown,22.0
2182,Brian Culbertson,0,Unknown,5.0
2183,Brian D'Arcy James,21,Unknown,31.0
2184,Brian Doerksen,51,Unknown,117.0
2185,Brian Eno,59,Unknown,37.0
2186,Brian Hyland,57,Unknown,82.0
2187,Brian Lyndon,60,Unknown,23.0
2188,Brian McKnight,0,Unknown,7.0
2189,Brian Posehn,27,Unknown,27.0
2190,Brian Regan,27,Unknown,27.0
2191,Brian Stokes Mitchell,28,Unknown,31.0
2192,Brian the Sun,55,Unknown,102.0
2193,Brigado Crew,47,Unknown,60.0
2194,Bright Visions,21,Unknown,53.0
2195,Brigitte,31,Unknown,96.0
2196,Brijesh Shrestha,44,Unknown,11.0
2197,Bring Me The Horizon,81,Unknown,76.0
2198,Brings,38,Unknown,97.0
2199,Brinsley Schwarz,31,Unknown,78.0
2200,Brisa Star,49,Unknown,95.0
2201,Brisk,16,Unknown,10.0
2202,Briston Maroney,0,Unknown,11.0
2203,British India,27,Unknown,52.0
2204,Britney Spears,79,Unknown,42.0
2205,Brittni Paiva,24,Unknown,20.0
2206,Broadside,60,Unknown,66.0
2207,Brock Ansiolitiko,34,Unknown,113.0
2208,Broder Daniel,32,Unknown,67.0
2209,Brodha V,63,Unknown,1.0
2210,Brodinski,0,Unknown,60.0
2211,Broilers,43,Unknown,97.0
2212,Broken Back,63,Unknown,96.0
2213,Brondo,37,Unknown,48.0
2214,Bronski Beat,73,Unknown,59.0
2215,Brooke Bentham,50,Unknown,93.0
2216,Brookes Brothers,19,Unknown,46.0
2217,Brooklyn Bounce,35,Unknown,60.0
2218,Brooks,51,Unknown,58.0
2219,Brooks & Dunn,71,Unknown,18.0
2220,Brother Dege,54,Unknown,67.0
2221,Brothers In Crime,17,Unknown,10.0
2222,Brothers of Metal,62,Unknown,73.0
2223,Brothomstates,10,Unknown,55.0
2224,Brous One,42,Unknown,97.0
2225,Broussaï,32,Unknown,96.0
2226,Brown Noise Baby Sleep,32,Unknown,35.0
2227,Brownout,22,Unknown,90.0
2228,Brray,1,Unknown,105.0
2229,Bruce Bruce,24,Unknown,27.0
2230,Bruce Channel,62,Unknown,82.0
2231,Bruce Dickinson,23,Unknown,71.0
2232,Bruce Faulconer,45,Unknown,91.0
2233,Bruce Hornsby,71,Unknown,23.0
2234,Bruce Molsky,23,Unknown,17.0
2235,Bruce Springsteen,78,Unknown,32.0
2236,Brujeria,25,Unknown,65.0
2237,Brummi Bryan,34,Unknown,57.0
2238,Bruna Karla,49,Unknown,92.0
2239,Bruna Olly,40,Unknown,28.0
2240,Bruninho & Davi,51,Unknown,112.0
2241,Brunner & Brunner,31,Unknown,45.0
2242,Bruno & Barretto,55,Unknown,112.0
2243,Bruno & Marrone,54,Unknown,112.0
2244,Bruno Gadiol,43,Unknown,3.0
2245,Bruno Mars,87,Unknown,42.0
2246,Bruno Martini,52,Unknown,92.0
2247,Brutal Truth,12,Unknown,68.0
2248,BrxkenBxy,55,Unknown,36.0
2249,Bryan & Katie Torwalt,56,Unknown,117.0
2250,Bryan Adams,82,Unknown,83.0
2251,Bryan Behr,43,Unknown,109.0
2252,Bryan Kearney,40,Unknown,58.0
2253,Bryan Sutton,22,Unknown,17.0
2254,Bryce Fox,66,Unknown,63.0
2255,Bryce Pinkham,28,Unknown,31.0
2256,Bryce Vine,0,Unknown,50.0
2257,Brylho,43,Unknown,92.0
2258,Bryn Terfel,19,Unknown,29.0
2259,Brytiago,1,Unknown,105.0
2260,Bubaseta,45,Unknown,87.0
2261,Buccaneer,28,Unknown,86.0
2262,Buckcherry,68,Unknown,70.0
2263,Buckethead,54,Unknown,76.0
2264,Bucovina,24,Unknown,64.0
2265,Buddy,34,Unknown,57.0
2266,Buddy Guy,57,Unknown,24.0
2267,Buddy Holly,65,Unknown,19.0
2268,Buddy Holly & The Crickets,54,Unknown,84.0
2269,Buena Onda Reggae Club,16,Unknown,90.0
2270,Buena Vista Social Club,22,Unknown,117.0
2271,Buerak,54,Unknown,81.0
2272,Buffalo Springfield,78,Unknown,2.0
2273,Buffalo Tom,21,Unknown,78.0
2274,Buggimaan,37,Unknown,107.0
2275,Buggin,30,Unknown,72.0
2276,Bugle,21,Unknown,86.0
2277,Bugs,29,Unknown,52.0
2278,Builder,25,Unknown,53.0
2279,Buju Banton,29,Unknown,86.0
2280,Bull Brigade,30,Unknown,72.0
2281,Bulldog,41,Unknown,80.0
2282,Bulldozer Project,25,Unknown,53.0
2283,Bullet Bane,35,Unknown,71.0
2284,Bullet For My Valentine,68,Unknown,63.0
2285,Bullseye Release,43,Unknown,34.0
2286,Bulutsuzluk Özlemi,33,Unknown,103.0
2287,Bunji Garlin,26,Unknown,86.0
2288,Bunkface,39,Unknown,107.0
2289,Bunny Hop Dance Party,9,Unknown,
2290,Bunny Wailer,56,Unknown,47.0
2291,Burak Cilt,39,Unknown,69.0
2292,Burak Yeter,72,Unknown,50.0
2293,Buray,62,Unknown,43.0
2294,Burcu Güneş,43,Unknown,32.0
2295,Buren Van De Brandweer,31,Unknown,53.0
2296,Burgerkill,37,Unknown,65.0
2297,Burial,53,Unknown,47.0
2298,Burn The Priest,58,Unknown,69.0
2299,Burna Boy,83,Unknown,42.0
2300,Burning Skies,13,Unknown,68.0
2301,Burning Spear,27,Unknown,47.0
2302,Burnt By The Sun,15,Unknown,68.0
2303,Burro Banton,27,Unknown,86.0
2304,Bury Tomorrow,58,Unknown,77.0
2305,Bury Your Dead,26,Unknown,65.0
2306,Burzum,52,Unknown,37.0
2307,Bush,63,Unknown,63.0
2308,Bushman,27,Unknown,86.0
2309,Busta Rhymes,70,Unknown,72.0
2310,Busted,0,Unknown,81.0
2311,Busy Signal,60,Unknown,86.0
2312,Butch,42,Unknown,56.0
2313,Butcher Babies,23,Unknown,69.0
2314,Butthole Surfers,64,Unknown,70.0
2315,Buyepongo,19,Unknown,90.0
2316,Buzz Fuzz,16,Unknown,10.0
2317,Byasadeb,31,Unknown,111.0
2318,Byejack,48,Unknown,94.0
2319,Bynmc,35,Unknown,91.0
2320,Byting,43,Unknown,18.0
2321,BØRNS,82,Unknown,83.0
2322,Béla Fleck,26,Unknown,17.0
2323,Bénabar,31,Unknown,96.0
2324,Böhse Onkelz,40,Unknown,97.0
2325,Bölzer,23,Unknown,64.0
2326,Bülent Ortaçgil,36,Unknown,103.0
2327,Bürdel King,26,Unknown,113.0
2328,Büyük Ev Ablukada,45,Unknown,63.0
2329,C AllStar,53,Unknown,94.0
2330,C&K,38,Unknown,102.0
2331,C-Kan,53,Unknown,105.0
2332,C-Ro,20,Unknown,56.0
2333,C. Sathya,60,Unknown,15.0
2334,C.O.F.F.I.N,33,Unknown,52.0
2335,C.R.O,39,Unknown,106.0
2336,C.V. Jørgensen,38,Unknown,102.0
2337,C.W. Stoneking,47,Unknown,24.0
2338,CA7RIEL,43,Unknown,51.0
2339,CABAL,22,Unknown,64.0
2340,CABLE,39,Unknown,41.0
2341,CALVO,59,Unknown,43.0
2342,CAN,53,Unknown,79.0
2343,CAPSULE,20,Unknown,100.0
2344,CASHEW,37,Unknown,41.0
2345,CASSIMM,2,Unknown,69.0
2346,CASTLEBEAT,58,Unknown,52.0
2347,CHANEY,56,Unknown,43.0
2348,CHANYEOL,73,Unknown,104.0
2349,CHEHON,60,Unknown,87.0
2350,CHEMISTRY,55,Unknown,102.0
2351,CHEN,67,Unknown,104.0
2352,CHIAKI SATO,0,Unknown,102.0
2353,CHIC,66,Unknown,45.0
2354,CHTHONIC,17,Unknown,64.0
2355,CHVRCHES,51,Unknown,59.0
2356,CHiCO with HoneyWorks,58,Unknown,91.0
2357,CID,64,Unknown,43.0
2358,CIMBA,38,Unknown,102.0
2359,CIRRRCLE,20,Unknown,100.0
2360,CIRRUS,42,Unknown,38.0
2361,CIV,29,Unknown,72.0
2362,CIVIC,25,Unknown,52.0
2363,CIVILIAN,43,Unknown,91.0
2364,CKY,32,Unknown,
2365,CL,66,Unknown,104.0
2366,CLMD,61,Unknown,54.0
2367,CLS,21,Unknown,46.0
2368,CLUBZ,35,Unknown,51.0
2369,CN,15,Unknown,55.0
2370,CNCO,73,Unknown,105.0
2371,COIN,72,Unknown,11.0
2372,COMPLEX,34,Unknown,103.0
2373,CONNY,46,Unknown,97.0
2374,COOLS,27,Unknown,84.0
2375,CORBAL,70,Unknown,40.0
2376,COUCOU CHLOE,52,Unknown,41.0
2377,COY,61,Unknown,96.0
2378,CPM 22,42,Unknown,66.0
2379,CRASPORE,60,Unknown,51.0
2380,CRO,0,Unknown,97.0
2381,CTS,32,Unknown,100.0
2382,CYNHN,33,Unknown,101.0
2383,Caballero,0,Unknown,96.0
2384,Caballero & JeanJass,34,Unknown,96.0
2385,Cabiria,26,Unknown,113.0
2386,Cabrito Vudú,39,Unknown,89.0
2387,Cacho Tirao,24,Unknown,20.0
2388,Cachorro Grande,40,Unknown,80.0
2389,Cachureos,38,Unknown,106.0
2390,Cacife Clandestino,45,Unknown,92.0
2391,Cacka Israelsson,34,Unknown,114.0
2392,Cadaveria,19,Unknown,64.0
2393,Cadena Perpetua,43,Unknown,76.0
2394,Cadmium,64,Unknown,49.0
2395,Caelando,58,Unknown,35.0
2396,Caesars,66,Unknown,114.0
2397,Caetano Veloso,44,Unknown,109.0
2398,Cafuné,83,Unknown,74.0
2399,Café Quijano,65,Unknown,113.0
2400,Café Tacvba,46,Unknown,63.0
2401,Cage The Elephant,79,Unknown,2.0
2402,Caifanes,48,Unknown,63.0
2403,Caillou,33,Unknown,26.0
2404,Caio Passos,49,Unknown,3.0
2405,Caissie Levy,53,Unknown,31.0
2406,Caius Biel,64,Unknown,35.0
2407,Caj Morgan,46,Unknown,24.0
2408,Cajmere,50,Unknown,39.0
2409,Caju Pra Baixo,57,Unknown,111.0
2410,Calango Aceso,36,Unknown,95.0
2411,Calcinha Preta,52,Unknown,95.0
2412,Caleb Santos,68,Unknown,24.0
2413,Calero LDN,26,Unknown,113.0
2414,Cali Flow Latino,29,Unknown,110.0
2415,Cali Y El Dandee,1,Unknown,50.0
2416,Caliajah,28,Unknown,113.0
2417,Calibre,24,Unknown,46.0
2418,Calibretto 13,26,Unknown,24.0
2419,Calil,61,Unknown,35.0
2420,Calin,38,Unknown,66.0
2421,Calippo,0,Unknown,43.0
2422,Calle 13,75,Unknown,90.0
2423,CalledOut Music,45,Unknown,90.0
2424,Callejeros,47,Unknown,63.0
2425,Callejon,30,Unknown,72.0
2426,Callum J Wright,54,Unknown,24.0
2427,Calming Eyes,65,Unknown,35.0
2428,Calming Sounds,36,Unknown,35.0
2429,Calmsound,41,Unknown,35.0
2430,Caloncho,0,Unknown,11.0
2431,Calvin Harris,89,Unknown,42.0
2432,Calyx & TeeBee,20,Unknown,46.0
2433,CamaSutra,32,Unknown,45.0
2434,Camel,51,Unknown,103.0
2435,CamelPhat,72,Unknown,43.0
2436,Camela,56,Unknown,113.0
2437,Cameo,65,Unknown,45.0
2438,Cameo Blush,41,Unknown,41.0
2439,Cameron Sinosa,68,Unknown,35.0
2440,Cameron's Bedtime Classics,21,Unknown,9.0
2441,Cami,5,Unknown,105.0
2442,Camiches,34,Unknown,66.0
2443,Camila Cabello,87,Unknown,42.0
2444,Camila Holanda,45,Unknown,92.0
2445,Camille Saint-Saëns,70,Unknown,21.0
2446,Camilo,78,Unknown,87.0
2447,Camilo Séptimo,44,Unknown,63.0
2448,Camisa de Vênus,47,Unknown,92.0
2449,Camo & Krooked,55,Unknown,46.0
2450,Camp Claude,60,Unknown,96.0
2451,Campedrinos,44,Unknown,19.0
2452,Campsite Dream,54,Unknown,43.0
2453,Camylio,67,Unknown,32.0
2454,Can Bonomo,43,Unknown,116.0
2455,Can Durmus,33,Unknown,60.0
2456,Can Gox,45,Unknown,116.0
2457,Cancer Bats,26,Unknown,77.0
2458,Canciones Infantiles,28,Unknown,26.0
2459,Candan Erçetin,43,Unknown,116.0
2460,Candi Staton,0,Unknown,45.0
2461,Candlebox,67,Unknown,70.0
2462,Candlemass,49,Unknown,65.0
2463,Candy Lo,56,Unknown,94.0
2464,Cane Hill,54,Unknown,77.0
2465,Cani González,24,Unknown,9.0
2466,Caninana,46,Unknown,95.0
2467,Canindé,39,Unknown,95.0
2468,Caninus,14,Unknown,68.0
2469,Canking,69,Unknown,40.0
2470,Canned Heat,62,Unknown,2.0
2471,Cannibal Corpse,59,Unknown,65.0
2472,Cannon's Jug Stompers,28,Unknown,24.0
2473,Cano Estremera,29,Unknown,110.0
2474,Canseco,36,Unknown,66.0
2475,Canticuentos,41,Unknown,106.0
2476,Canticuénticos,44,Unknown,106.0
2477,Canyon City,60,Unknown,24.0
2478,Canção & Louvor,46,Unknown,92.0
2479,Canções Para Curar,39,Unknown,28.0
2480,Caparezza,0,Unknown,87.0
2481,Capcom Sound Team,55,Unknown,91.0
2482,Capital Cities,83,Unknown,83.0
2483,Capital Do Sol,40,Unknown,95.0
2484,Capital Inicial,49,Unknown,92.0
2485,Capital Monkey,39,Unknown,61.0
2486,Capitalist Casualties,20,Unknown,68.0
2487,Capitan Folk,30,Unknown,45.0
2488,Capleton,28,Unknown,86.0
2489,Captain & Tennille,68,Unknown,45.0
2490,Captain Hollywood Project,61,Unknown,60.0
2491,Captain Hook,49,Unknown,61.0
2492,Captain Jack,31,Unknown,72.0
2493,Captaine Roshi,34,Unknown,96.0
2494,Captaine Révolte,35,Unknown,80.0
2495,"Car, the garden",59,Unknown,11.0
2496,Carach Angren,19,Unknown,64.0
2497,Carajo,43,Unknown,73.0
2498,Caravan Palace,57,Unknown,5.0
2499,Carbin,35,Unknown,47.0
2500,Carbon,42,Unknown,60.0
2501,Carbon Based Lifeforms,45,Unknown,37.0
2502,Carbonas,32,Unknown,2.0
2503,Carbozo,34,Unknown,96.0
2504,Carcass,46,Unknown,65.0
2505,Cardi B,79,Unknown,42.0
2506,Cari Lekebusch,17,Unknown,56.0
2507,Caribou Mountain Collective,31,Unknown,17.0
2508,Carin Filipcic,21,Unknown,31.0
2509,Carina Crone,26,Unknown,57.0
2510,Carl & Pearl Butler,12,Unknown,4.0
2511,Carl Barron,24,Unknown,27.0
2512,Carl Butler,42,Unknown,4.0
2513,Carl Craig,42,Unknown,44.0
2514,Carl Douglas,26,Unknown,45.0
2515,Carl Marshall,36,Unknown,2.0
2516,Carl Millöcker,20,Unknown,29.0
2517,Carl Perkins,58,Unknown,82.0
2518,Carl Smith,41,Unknown,4.0
2519,Carla Simmons,51,Unknown,23.0
2520,Carligo,64,Unknown,35.0
2521,Carlinhos Brown,37,Unknown,111.0
2522,Carlitos Junior,43,Unknown,106.0
2523,Carlo Boscoli,60,Unknown,23.0
2524,Carlo Boszhard,27,Unknown,9.0
2525,Carlo Pallavicino,21,Unknown,29.0
2526,Carlo Supo,29,Unknown,110.0
2527,Carlos Baute,77,Unknown,113.0
2528,Carlos Cipa,58,Unknown,37.0
2529,Carlos Di Fulvio,37,Unknown,20.0
2530,Carlos Di Sarli,20,Unknown,115.0
2531,Carlos Di Sarli y su Orquesta Típica,17,Unknown,115.0
2532,Carlos Gardel,46,Unknown,115.0
2533,Carlos Lico,41,Unknown,6.0
2534,Carlos Lombardi,22,Unknown,115.0
2535,Carlos Lyra,40,Unknown,5.0
2536,Carlos Marin,19,Unknown,29.0
2537,Carlos Moscardini,21,Unknown,20.0
2538,Carlos Paredes,25,Unknown,20.0
2539,Carlos Roldán,18,Unknown,115.0
2540,Carlos Sadness,64,Unknown,113.0
2541,Carluccio,62,Unknown,23.0
2542,Carly Lyman,49,Unknown,24.0
2543,Carly Pearce,2,Unknown,18.0
2544,Carly Rae Jepsen,80,Unknown,50.0
2545,Carmela Y Rafael,27,Unknown,82.0
2546,Carmen Campagne,30,Unknown,26.0
2547,Carmen Cusack,29,Unknown,31.0
2548,Carmen Twillie,67,Unknown,9.0
2549,Carnage,60,Unknown,51.0
2550,Carnifex,50,Unknown,64.0
2551,Carnivore,22,Unknown,65.0
2552,Carola,0,Unknown,114.0
2553,Carolee Carmello,29,Unknown,31.0
2554,Carolina & Her Rhythm Rockets,24,Unknown,84.0
2555,Carolina Chocolate Drops,29,Unknown,17.0
2556,Carolina Winograd,24,Unknown,115.0
2557,Caroline Dare,44,Unknown,32.0
2558,Caroline Rhea,25,Unknown,27.0
2559,Caroline's Spine,25,Unknown,70.0
2560,Carpathian Forest,16,Unknown,64.0
2561,Carrie Hope Fletcher,27,Unknown,31.0
2562,Carrie Nation and the Speakeasy,26,Unknown,67.0
2563,Carrie Underwood,78,Unknown,18.0
2564,Carryminati,47,Unknown,98.0
2565,Carsten Svendsen,25,Unknown,9.0
2566,Carta,56,Unknown,43.0
2567,Carta de Baralho,49,Unknown,95.0
2568,Cartel Mcs,44,Unknown,92.0
2569,Carter Powers,39,Unknown,40.0
2570,Cartoon,73,Unknown,49.0
2571,Caru,59,Unknown,43.0
2572,Carufo,58,Unknown,35.0
2573,Cary Brothers,51,Unknown,24.0
2574,Casa De Leones,45,Unknown,106.0
2575,Casa Worship,51,Unknown,92.0
2576,Casanovas schwule Seite,35,Unknown,80.0
2577,Cascada,71,Unknown,97.0
2578,Cascada de Lluvia,27,Unknown,117.0
2579,Casey Donahew,46,Unknown,18.0
2580,Cash Cash,67,Unknown,49.0
2581,Cash Flow,44,Unknown,116.0
2582,Cash Savage and the Last Drinks,30,Unknown,52.0
2583,Casino Versus Japan,39,Unknown,55.0
2584,Caskets,66,Unknown,76.0
2585,Caspar Babypants,31,Unknown,26.0
2586,Caspar Camitz,36,Unknown,114.0
2587,Casper,37,Unknown,66.0
2588,Casper & Col'ta,10,Unknown,
2589,Casper Esmann,42,Unknown,20.0
2590,Casper Loe,42,Unknown,34.0
2591,Cass Phang,48,Unknown,94.0
2592,Cassandra Nestico,61,Unknown,23.0
2593,Cassettes,37,Unknown,11.0
2594,Casseurs Flowters,39,Unknown,96.0
2595,Cassian,46,Unknown,45.0
2596,Cassiane,51,Unknown,92.0
2597,Cassiane e Jairinho,42,Unknown,28.0
2598,Cast - Cenerentola,20,Unknown,9.0
2599,Cast - Frozen,61,Unknown,9.0
2600,Cast - Sofia the First,55,Unknown,9.0
2601,Cast - Vampirina,57,Unknown,26.0
2602,Cast of Sleeping Beauty,24,Unknown,9.0
2603,Castello Branco,42,Unknown,19.0
2604,Caster,36,Unknown,47.0
2605,Casting Crowns,67,Unknown,63.0
2606,Casuarina,48,Unknown,109.0
2607,Cat Dealers,1,Unknown,92.0
2608,Catch 22,31,Unknown,89.0
2609,Catch Side,34,Unknown,66.0
2610,Catching Flies,62,Unknown,51.0
2611,Catedral,44,Unknown,92.0
2612,Cathedral Bells,57,Unknown,70.0
2613,Catherine Feeny,54,Unknown,24.0
2614,Catherine Marie Charlton,26,Unknown,22.0
2615,Catherine Zeta-Jones,57,Unknown,31.0
2616,Cathy Boyd,23,Unknown,27.0
2617,Catie Turner,67,Unknown,32.0
2618,Catnapp,45,Unknown,41.0
2619,Catscan,21,Unknown,10.0
2620,Cattle Decapitation,46,Unknown,68.0
2621,Catuaba Com Amendoim,38,Unknown,95.0
2622,Catupecu Machu,49,Unknown,63.0
2623,Catz 'n Dogz,50,Unknown,56.0
2624,Cauty,0,Unknown,106.0
2625,Cavaleiros do Forró,41,Unknown,95.0
2626,Cavalera Conspiracy,22,Unknown,65.0
2627,Cavalo De Pau,53,Unknown,95.0
2628,Cavetown,79,Unknown,11.0
2629,Caviar Com Rapadura,38,Unknown,95.0
2630,Cayouche,41,Unknown,18.0
2631,Cazuza,40,Unknown,109.0
2632,Caê,25,Unknown,90.0
2633,Ce'Cile,26,Unknown,86.0
2634,Cecilia Krull,62,Unknown,113.0
2635,CedMusic,38,Unknown,97.0
2636,Cedarmont Kids,52,Unknown,26.0
2637,Cedric Armfeldt,49,Unknown,23.0
2638,Ceephax Acid Crew,34,Unknown,55.0
2639,Ceeys,56,Unknown,37.0
2640,Cefa,30,Unknown,72.0
2641,Ceg,49,Unknown,116.0
2642,Cegıd,43,Unknown,116.0
2643,Celeste,64,Unknown,93.0
2644,Celestial Alignment,56,Unknown,91.0
2645,Celestial Conscience,41,Unknown,24.0
2646,Celia Cruz,69,Unknown,110.0
2647,Celina,16,Unknown,41.0
2648,Celldweller,55,Unknown,
2649,Celso Blues Boy,41,Unknown,2.0
2650,Celso Piña,0,Unknown,63.0
2651,Celtas Cortos,57,Unknown,113.0
2652,Celtic Frost,47,Unknown,64.0
2653,Celtic Thunder,28,Unknown,29.0
2654,Celtic Woman,55,Unknown,29.0
2655,Cem Adrian,42,Unknown,116.0
2656,Cem Karaca,43,Unknown,79.0
2657,Cem Tuncer,36,Unknown,116.0
2658,Cem Öget,45,Unknown,116.0
2659,Cemiyette Pişiyorum,37,Unknown,80.0
2660,Cende,21,Unknown,78.0
2661,Cengiz Kurtoğlu,39,Unknown,116.0
2662,Centhron,30,Unknown,
2663,Centimillimental,57,Unknown,91.0
2664,Centinex,20,Unknown,65.0
2665,Central 3,50,Unknown,92.0
2666,Cepeda,48,Unknown,113.0
2667,Cephalic Carnage,14,Unknown,68.0
2668,Cepia,11,Unknown,55.0
2669,Ceres,29,Unknown,52.0
2670,Ceriumidis,30,Unknown,20.0
2671,Cerwen,36,Unknown,34.0
2672,Cesar Costa,39,Unknown,82.0
2673,Cesar Vega,32,Unknown,110.0
2674,Cesare Cremonini,1,Unknown,11.0
2675,Cestar,47,Unknown,86.0
2676,Cesária Evora,59,Unknown,117.0
2677,Ceylan Ertem,39,Unknown,102.0
2678,Ceza,43,Unknown,116.0
2679,Cezar & Paulinho,50,Unknown,112.0
2680,Cha Cha Slide DJ's,7,Unknown,
2681,Chad Daniels,28,Unknown,27.0
2682,Chad Hates George,28,Unknown,24.0
2683,Chad Kroeger,66,Unknown,76.0
2684,Chad Lawson,53,Unknown,37.0
2685,Chain Reaction,21,Unknown,53.0
2686,Chain Whip,28,Unknown,52.0
2687,Chairlift,56,Unknown,59.0
2688,Chaka Khan,67,Unknown,45.0
2689,Cham,28,Unknown,86.0
2690,Chamath Sangeeth,67,Unknown,16.0
2691,Chambao,0,Unknown,113.0
2692,Chamin Correa,23,Unknown,20.0
2693,Chamin Madero,27,Unknown,20.0
2694,Champagne Drip,56,Unknown,47.0
2695,Chancho En Piedra,50,Unknown,3.0
2696,Change,32,Unknown,45.0
2697,Chani Nattan,75,Unknown,1.0
2698,Chantal Kreviazuk,55,Unknown,23.0
2699,Chantry Johnson,33,Unknown,9.0
2700,Chaos Descent,0,Unknown,99.0
2701,Chaos Team,30,Unknown,45.0
2702,Chapa C,44,Unknown,87.0
2703,Chapel Of Disease,20,Unknown,65.0
2704,Chapo102,42,Unknown,97.0
2705,Chapter & Verse,60,Unknown,43.0
2706,Charan Raj,47,Unknown,104.0
2707,Charlene Su,56,Unknown,40.0
2708,Charleon,53,Unknown,43.0
2709,Charles Gounod,59,Unknown,96.0
2710,Charles Lecocq,21,Unknown,29.0
2711,Charles Michael Brotman,25,Unknown,20.0
2712,Charles Pasi,0,Unknown,96.0
2713,Charli XCX,5,Unknown,50.0
2714,Charlie Aponte,29,Unknown,110.0
2715,Charlie Brown Jr.,55,Unknown,63.0
2716,Charlie Burg,70,Unknown,11.0
2717,Charlie Byrd,22,Unknown,20.0
2718,Charlie Cardona,31,Unknown,110.0
2719,Charlie Cruz,37,Unknown,110.0
2720,Charlie Cunningham,64,Unknown,93.0
2721,Charlie Feathers,46,Unknown,84.0
2722,Charlie Haden,0,Unknown,5.0
2723,Charlie Hightone and The Rock-It´s,22,Unknown,84.0
2724,Charlie Hope,52,Unknown,26.0
2725,Charlie Parr,33,Unknown,17.0
2726,Charlie Puth,92,Unknown,42.0
2727,Charlie Recaido,21,Unknown,20.0
2728,Charlie Rich,60,Unknown,82.0
2729,Charlie Sparks (UK),61,Unknown,60.0
2730,Charlie Vergos,22,Unknown,27.0
2731,Charlie Walker,38,Unknown,4.0
2732,Charline Arthur,10,Unknown,4.0
2733,Charlo,27,Unknown,115.0
2734,Charlotte Church,37,Unknown,29.0
2735,Charlotte Heinke,20,Unknown,31.0
2736,Charlotte Lawrence,61,Unknown,50.0
2737,Charlotte de Witte,58,Unknown,60.0
2738,Charly Black,68,Unknown,86.0
2739,Charly García,47,Unknown,63.0
2740,Charly Lownoise,24,Unknown,10.0
2741,Charly Lownoise & Mental Theo,45,Unknown,10.0
2742,Charmaine D'Avis,68,Unknown,35.0
2743,Charmaine Fong,48,Unknown,94.0
2744,Charmian Carr,52,Unknown,9.0
2745,Charon,22,Unknown,67.0
2746,Charta 77,39,Unknown,81.0
2747,Chas & Dave,25,Unknown,27.0
2748,Chase & Status,61,Unknown,46.0
2749,Chase & Status And Blossoms,36,Unknown,46.0
2750,Chatham County Line,20,Unknown,17.0
2751,Chatmonchy,31,Unknown,103.0
2752,Che'Nelle,0,Unknown,102.0
2753,Cheap Trick,69,Unknown,71.0
2754,Cheat Codes,75,Unknown,49.0
2755,Checo Acosta,40,Unknown,110.0
2756,Cheer Chen,50,Unknown,108.0
2757,Chelsea Cutler,63,Unknown,50.0
2758,Chelsea Grin,53,Unknown,65.0
2759,Chema Rivas,65,Unknown,113.0
2760,Chemlab,19,Unknown,
2761,Cheo Feliciano,34,Unknown,110.0
2762,Cher Lloyd,64,Unknown,50.0
2763,Cheriimoya,83,Unknown,36.0
2764,Cherrie,34,Unknown,86.0
2765,Cheryl Freeman,61,Unknown,9.0
2766,Cheryl Lynn,66,Unknown,45.0
2767,Chess In Concert,23,Unknown,31.0
2768,Chester Young,61,Unknown,49.0
2769,Chet Baker,66,Unknown,5.0
2770,Chevelle,70,Unknown,70.0
2771,Chewie Melodies,49,Unknown,91.0
2772,Cheyenne Jackson,28,Unknown,31.0
2773,Chez Damier,41,Unknown,39.0
2774,Chi Ching Ching,35,Unknown,86.0
2775,ChiChi Peralta,28,Unknown,110.0
2776,Chiara Sasso,42,Unknown,9.0
2777,Chicago,74,Unknown,19.0
2778,Chicago Symphony Orchestra,0,Unknown,21.0
2779,Chicane,54,Unknown,45.0
2780,Chicano Batman,33,Unknown,52.0
2781,Chicken Dance Mix DJ's,10,Unknown,
2782,Chicken Dance Party,8,Unknown,
2783,Chickenfoot,38,Unknown,71.0
2784,Chiclete Com Banana,45,Unknown,
2785,Chico Buarque,43,Unknown,109.0
2786,Chico César,45,Unknown,109.0
2787,Chico Getz,27,Unknown,20.0
2788,Chico Mann,16,Unknown,90.0
2789,Chico Rey & Paraná,54,Unknown,112.0
2790,Chico Science,45,Unknown,92.0
2791,Chico Teixeira,46,Unknown,19.0
2792,Chicão do Piseiro,42,Unknown,95.0
2793,Chicão dos Teclados,45,Unknown,95.0
2794,Chief Checker,17,Unknown,90.0
2795,Chilam,49,Unknown,94.0
2796,Children Collide,32,Unknown,52.0
2797,Children Of Bodom,62,Unknown,65.0
2798,Children's Music,44,Unknown,26.0
2799,Childrens DJ's,15,Unknown,
2800,Chill Satellite,41,Unknown,51.0
2801,Chillies,61,Unknown,11.0
2802,Chillowfy,24,Unknown,34.0
2803,Chilly Gonzales,25,Unknown,37.0
2804,Chimaira,27,Unknown,69.0
2805,Chimarruts,45,Unknown,92.0
2806,Chimbala,77,Unknown,106.0
2807,Chime,38,Unknown,48.0
2808,China Anne McClain,64,Unknown,9.0
2809,China Crisis,25,Unknown,59.0
2810,Chingadazo de Kung Fu,42,Unknown,80.0
2811,Chingo Bling,24,Unknown,27.0
2812,Chininha,52,Unknown,
2813,Chinmayi,59,Unknown,15.0
2814,Chino & Nacho,74,Unknown,50.0
2815,Chino Laborde,20,Unknown,115.0
2816,Chiodos,28,Unknown,77.0
2817,Chip E.,12,Unknown,39.0
2818,Chiquitines TV,48,Unknown,106.0
2819,Chiquito Team Band,30,Unknown,110.0
2820,Chisato Moritaka,23,Unknown,101.0
2821,Chite,35,Unknown,80.0
2822,Chitharth,64,Unknown,16.0
2823,Chitãozinho & Xororó,51,Unknown,112.0
2824,Chivirico Davila,28,Unknown,110.0
2825,Chixdiggit!,31,Unknown,72.0
2826,Chloe Agnew,22,Unknown,22.0
2827,Chloe Doyle,59,Unknown,23.0
2828,Chloé (Thévenin),44,Unknown,56.0
2829,Chloé Czans,61,Unknown,23.0
2830,Choi Yuree,57,Unknown,32.0
2831,Choice,46,Unknown,92.0
2832,Choke,43,Unknown,76.0
2833,Choking Victim,32,Unknown,72.0
2834,Chon,51,Unknown,72.0
2835,Choo Choo Soul,42,Unknown,
2836,Chopade,60,Unknown,35.0
2837,Chord Overstreet,82,Unknown,24.0
2838,Chorus - Beauty And the Beast,24,Unknown,9.0
2839,Chorus - Hercules,65,Unknown,9.0
2840,Chorus - Pocahontas,23,Unknown,9.0
2841,Chorus - Sleeping Beauty,24,Unknown,9.0
2842,Chorus - The Lion King 2: Simba's Pride,51,Unknown,9.0
2843,Chorus of Pinocchio,21,Unknown,9.0
2844,Chosen Few,16,Unknown,10.0
2845,ChouCho,43,Unknown,91.0
2846,Chowraasta,47,Unknown,74.0
2847,Chri$tian Gate$,73,Unknown,36.0
2848,Chris & Cosey,19,Unknown,56.0
2849,Chris Andrian Yang,58,Unknown,32.0
2850,Chris Botti,0,Unknown,5.0
2851,Chris Brown,96,Unknown,42.0
2852,Chris Cornell,60,Unknown,63.0
2853,Chris Cresswell,27,Unknown,24.0
2854,Chris D'Elia,25,Unknown,27.0
2855,Chris G.,59,Unknown,1.0
2856,Chris Hardwick,25,Unknown,27.0
2857,Chris James,62,Unknown,40.0
2858,Chris Janson,1,Unknown,18.0
2859,Chris Jedi,88,Unknown,105.0
2860,Chris Keya,41,Unknown,41.0
2861,Chris Lake,67,Unknown,43.0
2862,Chris Lanzon,60,Unknown,32.0
2863,Chris Liebing,18,Unknown,56.0
2864,Chris Lilley,23,Unknown,27.0
2865,Chris Lorenzo,74,Unknown,43.0
2866,Chris Malinchak,59,Unknown,43.0
2867,Chris McClarney,54,Unknown,117.0
2868,Chris Montez,50,Unknown,84.0
2869,Chris Rea,1,Unknown,2.0
2870,Chris Robinson,23,Unknown,27.0
2871,Chris Spedding,19,Unknown,78.0
2872,Chris Stapleton,81,Unknown,18.0
2873,Chris Thile,23,Unknown,17.0
2874,Chris Tomlin,66,Unknown,63.0
2875,Christ Agony,18,Unknown,64.0
2876,Christer Sjögren,38,Unknown,114.0
2877,Christian Anders,31,Unknown,45.0
2878,Christian Borle,29,Unknown,31.0
2879,Christian Cambas,55,Unknown,60.0
2880,Christian Death,25,Unknown,67.0
2881,Christian Finnegan,27,Unknown,27.0
2882,Christian French,64,Unknown,50.0
2883,Christian Kuria,67,Unknown,40.0
2884,Christian Lais,32,Unknown,45.0
2885,Christian Leave,74,Unknown,11.0
2886,Christian Löffler,57,Unknown,37.0
2887,Christian Peterson-Bergling,66,Unknown,23.0
2888,Christian Smith,0,Unknown,56.0
2889,Christina Novelli,45,Unknown,61.0
2890,Christina Perri,81,Unknown,42.0
2891,Christine Ebersole,29,Unknown,31.0
2892,Christine Fan,52,Unknown,108.0
2893,Christine Leyser,25,Unknown,9.0
2894,Christoph Willibald Gluck,40,Unknown,21.0
2895,Christophe,24,Unknown,51.0
2896,"Christopher ""Zondaflex"" Tyler",19,Unknown,
2897,Christopher Coe,0,Unknown,60.0
2898,Christopher Cross,71,Unknown,45.0
2899,Christopher Dicker,59,Unknown,23.0
2900,Christopher Fitzgerald,63,Unknown,31.0
2901,Christopher Jackson,64,Unknown,31.0
2902,Christopher Martin,60,Unknown,86.0
2903,Christopher Titus,27,Unknown,27.0
2904,Christopher Wong,27,Unknown,94.0
2905,Christopher Zondaflex Tyler,21,Unknown,
2906,Christy Altomare,62,Unknown,31.0
2907,Christy Nockels,47,Unknown,117.0
2908,Chromatics,59,Unknown,51.0
2909,Chrome Sparks,58,Unknown,40.0
2910,Chronic Law,37,Unknown,86.0
2911,Chronixx,59,Unknown,86.0
2912,Chrystian & Ralf,51,Unknown,112.0
2913,ChuChu TV,47,Unknown,26.0
2914,Chubb Rock,34,Unknown,72.0
2915,Chubby Checker,68,Unknown,6.0
2916,Chuck Berry,76,Unknown,2.0
2917,Chuck Ragan,28,Unknown,24.0
2918,Chuckie,47,Unknown,58.0
2919,Chulito Camacho,25,Unknown,113.0
2920,Chullo,57,Unknown,96.0
2921,Chumbawamba,66,Unknown,81.0
2922,Chuva Negra,30,Unknown,72.0
2923,Chuy Lizarraga y Su Banda Tierra Sinaloense,50,Unknown,6.0
2924,Chyi Chin,52,Unknown,108.0
2925,Ciaran Lavery,53,Unknown,24.0
2926,Cibo Matto,26,Unknown,62.0
2927,Cicco Sanchez,34,Unknown,66.0
2928,Cid Rim,38,Unknown,52.0
2929,Cidade Negra,46,Unknown,92.0
2930,Cidade Verde Sounds,41,Unknown,47.0
2931,Cidadão Quem,43,Unknown,92.0
2932,Cidergirl,62,Unknown,63.0
2933,Cielo Razzo,37,Unknown,80.0
2934,Cielo Torres,32,Unknown,110.0
2935,Cigarettes After Sex,84,Unknown,37.0
2936,Cinco,36,Unknown,96.0
2937,Cinderella,63,Unknown,71.0
2938,Cindy Combs,22,Unknown,20.0
2939,Cindy Yen,46,Unknown,108.0
2940,Cine,45,Unknown,92.0
2941,Circa Survive,32,Unknown,72.0
2942,Circle Jerks,29,Unknown,72.0
2943,Circle Of Dead Children,10,Unknown,68.0
2944,Circle of Dust,4,Unknown,
2945,Circle of Life,42,Unknown,60.0
2946,Circuito Musical,43,Unknown,95.0
2947,Circuladô de Fulô,48,Unknown,95.0
2948,Circulando De Fulo,39,Unknown,95.0
2949,Circus No. 9,21,Unknown,17.0
2950,Ciro y los Persas,45,Unknown,63.0
2951,City Wolf,57,Unknown,2.0
2952,Civil Twilight,50,Unknown,23.0
2953,Civilní Obrana,36,Unknown,80.0
2954,Cixx,33,Unknown,10.0
2955,Claire Kuo,54,Unknown,108.0
2956,Claire Lynch,22,Unknown,17.0
2957,Claire Rosinkranz,71,Unknown,11.0
2958,Clairo,81,Unknown,11.0
2959,Clan of Xymox,24,Unknown,67.0
2960,Clannad,29,Unknown,22.0
2961,Claptone,65,Unknown,43.0
2962,Clara Cava,38,Unknown,51.0
2963,Clara Mae,65,Unknown,50.0
2964,Clara Nunes,37,Unknown,109.0
2965,Clara Valverde,44,Unknown,109.0
2966,"Clarence ""Frogman"" Henry",55,Unknown,84.0
2967,Clarence White,25,Unknown,17.0
2968,ClariS,63,Unknown,91.0
2969,Claribel Ramón,42,Unknown,23.0
2970,Clarice Falcão,46,Unknown,92.0
2971,Clarx,64,Unknown,49.0
2972,Classic,30,Unknown,45.0
2973,Claude Barzotti,32,Unknown,96.0
2974,Claude Debussy,68,Unknown,21.0
2975,Claude VonStroke,49,Unknown,56.0
2976,Claude Young,10,Unknown,44.0
2977,Claude-Michel Schönberg,27,Unknown,31.0
2978,Claudia Jung,30,Unknown,45.0
2979,Claudia Koh,19,Unknown,94.0
2980,Claudia Leitte,43,Unknown,
2981,Claudio Arrau,0,Unknown,23.0
2982,Claudio Estrada,31,Unknown,20.0
2983,Claudio Marciello,21,Unknown,73.0
2984,Claustrofobia,30,Unknown,65.0
2985,Clawfinger,25,Unknown,
2986,Clay Walker,0,Unknown,18.0
2987,Clayton & Romário,56,Unknown,112.0
2988,Clayton Queiroz,40,Unknown,28.0
2989,Clea Vincent,49,Unknown,59.0
2990,Clean Bandit,76,Unknown,42.0
2991,Cleber & Alex,50,Unknown,112.0
2992,Cleber & Cauan,50,Unknown,95.0
2993,Cleiton E Camargo,50,Unknown,112.0
2994,Clem Leek,54,Unknown,37.0
2995,Clementina De Jesus,37,Unknown,111.0
2996,Clementine Duo,56,Unknown,24.0
2997,Cleverson Silva,24,Unknown,69.0
2998,Cliff Martinez,48,Unknown,37.0
2999,Cliff Richard,53,Unknown,6.0
3000,Cliff Richard & The Drifters,33,Unknown,82.0
3001,Cliff Richard & The Shadows,47,Unknown,84.0
3002,Climie Fisher,66,Unknown,59.0
3003,Clint Is Quinn,55,Unknown,34.0
3004,Clint Mansell,53,Unknown,37.0
3005,Clinton Jackson,21,Unknown,27.0
3006,Clinton Kane,77,Unknown,32.0
3007,Clio,42,Unknown,96.0
3008,Clockartz,23,Unknown,53.0
3009,Clonnex,57,Unknown,76.0
3010,Closehead,39,Unknown,81.0
3011,Cloud 11,51,Unknown,40.0
3012,Cloud Rat,14,Unknown,68.0
3013,Clovercroft Kids,48,Unknown,26.0
3014,Club Kuru,49,Unknown,52.0
3015,Club des Belugas,0,Unknown,5.0
3016,ClubDub,40,Unknown,51.0
3017,Clube Do Balanço,37,Unknown,111.0
3018,Cluster,0,Unknown,
3019,Clutch,0,Unknown,63.0
3020,Clyde McPhatter,38,Unknown,84.0
3021,Clément Leroux,59,Unknown,96.0
3022,CoCo Lee,57,Unknown,108.0
3023,CoComelon,72,Unknown,26.0
3024,Coach Bennet,41,Unknown,97.0
3025,Coach Kody,18,Unknown,
3026,Coal Chamber,24,Unknown,
3027,Cobra Skulls,37,Unknown,78.0
3028,Cobra Starship,71,Unknown,81.0
3029,Cock Robin,58,Unknown,59.0
3030,Cocktail Slippers,26,Unknown,52.0
3031,Coco & Breezy,67,Unknown,7.0
3032,Code Black,22,Unknown,53.0
3033,Codename Chinadoll,41,Unknown,34.0
3034,Cody,26,Unknown,
3035,Cody Fry,76,Unknown,74.0
3036,Cody Johnson,42,Unknown,18.0
3037,Cody Lovaas,57,Unknown,40.0
3038,Coffee Cub,59,Unknown,96.0
3039,Coffeekids,54,Unknown,98.0
3040,Coheed and Cambria,38,Unknown,66.0
3041,Coiffeur,35,Unknown,51.0
3042,Cokobi,65,Unknown,35.0
3043,Cola Jet Set,29,Unknown,113.0
3044,Cold,59,Unknown,70.0
3045,Cold Beat,26,Unknown,52.0
3046,Cold Blood,27,Unknown,69.0
3047,Cold Cave,29,Unknown,67.0
3048,Cold Confusion,24,Unknown,53.0
3049,Cold Hart,65,Unknown,66.0
3050,Cold War Kids,67,Unknown,2.0
3051,Coldcut,39,Unknown,62.0
3052,Colde,59,Unknown,40.0
3053,Coldplay,85,Unknown,16.0
3054,Coldworker,12,Unknown,68.0
3055,Cole Swindell,82,Unknown,18.0
3056,Colette Lush,60,Unknown,40.0
3057,Colin & Caroline,55,Unknown,24.0
3058,Colin Donnell,25,Unknown,31.0
3059,Collabro,47,Unknown,29.0
3060,Collective Soul,70,Unknown,70.0
3061,College,54,Unknown,59.0
3062,Collide,24,Unknown,
3063,Collie Buddz,58,Unknown,86.0
3064,Collin Raye,56,Unknown,18.0
3065,Colo de Deus,51,Unknown,92.0
3066,Colombo,18,Unknown,38.0
3067,Colonel Reyel,37,Unknown,96.0
3068,Colorstone,36,Unknown,114.0
3069,Colour Castle,19,Unknown,43.0
3070,Columbine,35,Unknown,96.0
3071,Colyn,46,Unknown,60.0
3072,Coma,36,Unknown,80.0
3073,Comaduster,41,Unknown,55.0
3074,Combichrist,43,Unknown,
3075,Comedian Bob Marley,21,Unknown,27.0
3076,Comisario Pantera,47,Unknown,63.0
3077,Commix,16,Unknown,46.0
3078,Commodores,75,Unknown,45.0
3079,Common Rider,32,Unknown,89.0
3080,Compa,45,Unknown,48.0
3081,Companhia do Calypso,40,Unknown,95.0
3082,Company,23,Unknown,31.0
3083,"Company of SpongeBob SquarePants, The New Musical",34,Unknown,31.0
3084,Compton's Most Wanted,56,Unknown,72.0
3085,Compulsive Gamblers,26,Unknown,52.0
3086,Comunidade Católica Shalom,45,Unknown,92.0
3087,Comunidade Evangélica Internacional da Zona Sul,46,Unknown,92.0
3088,Comunidade Evangélica de Maringá,51,Unknown,92.0
3089,Comunidade Nin-jitsu,41,Unknown,80.0
3090,Con Alma,62,Unknown,23.0
3091,Con Funk Shun,31,Unknown,45.0
3092,Conan,19,Unknown,64.0
3093,Conan Gray,87,Unknown,16.0
3094,Conan Osíris,18,Unknown,41.0
3095,Concept Art,22,Unknown,53.0
3096,Concord Dawn,21,Unknown,46.0
3097,Conde do Forró,46,Unknown,95.0
3098,ConeCrewDiretoria,49,Unknown,92.0
3099,Confess,27,Unknown,99.0
3100,Confession,23,Unknown,77.0
3101,Congo Natty,25,Unknown,46.0
3102,Conjunto Berretin,21,Unknown,115.0
3103,Conjunto Chaney,32,Unknown,110.0
3104,Conjunto Clásico,31,Unknown,110.0
3105,Conjunto Ivoti,43,Unknown,19.0
3106,Conjure One,55,Unknown,22.0
3107,Connate Exasperation,0,Unknown,99.0
3108,Conner Smith,1,Unknown,18.0
3109,Connie Francis,57,Unknown,6.0
3110,Connor Price,70,Unknown,36.0
3111,Connor Questa,24,Unknown,70.0
3112,Conociendo Rusia,45,Unknown,63.0
3113,Conor Matthews,63,Unknown,40.0
3114,Conquer Divide,54,Unknown,77.0
3115,Conrado & Aleksandro,49,Unknown,112.0
3116,Conro,59,Unknown,51.0
3117,Conroy Smith,29,Unknown,86.0
3118,Consciência Humana,43,Unknown,92.0
3119,Consoul Trainin,60,Unknown,50.0
3120,Constance Demby,25,Unknown,37.0
3121,Contra,46,Unknown,116.0
3122,Control Freak,39,Unknown,48.0
3123,Convictions,24,Unknown,77.0
3124,Conway the Machine,66,Unknown,6.0
3125,Cookie Monsta,55,Unknown,47.0
3126,Cookiee Kawaii,67,Unknown,25.0
3127,Cool Candys,29,Unknown,82.0
3128,Coolio,89,Unknown,3.0
3129,Cooltime Kids,48,Unknown,
3130,Coone,62,Unknown,53.0
3131,Coqeéin Montana,35,Unknown,66.0
3132,Coral Kadmiel,27,Unknown,69.0
3133,Coral Palestrina,40,Unknown,28.0
3134,Coral Voice Soul,35,Unknown,69.0
3135,Coral Vozes Guerreiras,42,Unknown,28.0
3136,Corazón,31,Unknown,113.0
3137,Corey Hart,62,Unknown,59.0
3138,Corey Smith,41,Unknown,18.0
3139,Corinne Bailey Rae,77,Unknown,93.0
3140,Corneille,34,Unknown,96.0
3141,Cornelis Vreeswijk,38,Unknown,102.0
3142,Cornmeal,28,Unknown,17.0
3143,Coro - Pocahontas,26,Unknown,9.0
3144,Coro Chile Canta,44,Unknown,19.0
3145,Corporate Hearts,26,Unknown,24.0
3146,Correatown,38,Unknown,24.0
3147,Corroded,35,Unknown,114.0
3148,Corrosion Of Conformity,27,Unknown,69.0
3149,Cortex,27,Unknown,67.0
3150,Cortijo Y Su Combo,32,Unknown,110.0
3151,Coruja Bc1,45,Unknown,92.0
3152,Corvad,49,Unknown,41.0
3153,Cory Asbury,70,Unknown,117.0
3154,Cosculluela,66,Unknown,106.0
3155,Cosmic Boys,49,Unknown,60.0
3156,Cosmic Gate,56,Unknown,97.0
3157,Cosmic Psychos,33,Unknown,52.0
3158,Cosmonov,26,Unknown,60.0
3159,Cosmos People,23,Unknown,108.0
3160,Costa Gold,46,Unknown,92.0
3161,Costa Mee,49,Unknown,69.0
3162,Coti,69,Unknown,113.0
3163,Cottonwood Firing Squad,44,Unknown,52.0
3164,Count Five,56,Unknown,52.0
3165,Counterparts,25,Unknown,77.0
3166,Counting Crows,2,Unknown,63.0
3167,Counting Tides,60,Unknown,35.0
3168,Couple Skate,20,Unknown,68.0
3169,Courting,27,Unknown,79.0
3170,Covers Culture,26,Unknown,24.0
3171,Cowboy Copas,17,Unknown,4.0
3172,Coyote Oldman,22,Unknown,22.0
3173,Cr3on,46,Unknown,43.0
3174,Cr7z,41,Unknown,97.0
3175,Cradle Of Filth,54,Unknown,64.0
3176,Craft,17,Unknown,64.0
3177,Craig Armstrong,52,Unknown,93.0
3178,Craig David,71,Unknown,93.0
3179,Craig Ferguson,27,Unknown,27.0
3180,Craig Mack,0,Unknown,72.0
3181,Craig Ogden,0,Unknown,20.0
3182,Craig Shoemaker,22,Unknown,27.0
3183,Craig Urquhart,20,Unknown,22.0
3184,Craig Xen,54,Unknown,66.0
3185,Crankdat,50,Unknown,47.0
3186,Crashville,42,Unknown,18.0
3187,Crate Diggers,46,Unknown,34.0
3188,Crazibiza,0,Unknown,45.0
3189,Crazy Ken Band,32,Unknown,103.0
3190,Crazy Krauts,18,Unknown,56.0
3191,Crazy Otto,11,Unknown,4.0
3192,Crazy P,28,Unknown,43.0
3193,Crazy Town,73,Unknown,63.0
3194,CrazyBoy,26,Unknown,100.0
3195,Cream,71,Unknown,2.0
3196,Creed,72,Unknown,63.0
3197,Creedence Clearwater Revival,84,Unknown,18.0
3198,Creep Hyp,41,Unknown,63.0
3199,Creepy Nuts,70,Unknown,102.0
3200,Cri-Cri,49,Unknown,26.0
3201,Crianças Diante do Trono,39,Unknown,28.0
3202,Crickets - Tinnitus Sleep Solution,33,Unknown,35.0
3203,Crimson Memoirs,59,Unknown,23.0
3204,Criolo,48,Unknown,90.0
3205,Cripple Bastards,22,Unknown,68.0
3206,Crishna,17,Unknown,107.0
3207,Crispy脆樂團,56,Unknown,108.0
3208,Criss & Ronny,39,Unknown,88.0
3209,Cristian,39,Unknown,113.0
3210,Cristian Castro,0,Unknown,105.0
3211,Cristina Mel,44,Unknown,92.0
3212,Cristina Máximo,50,Unknown,92.0
3213,Cristo Vivo,44,Unknown,92.0
3214,Cristoph,58,Unknown,58.0
3215,Critical Mass,27,Unknown,10.0
3216,Crocodylus,30,Unknown,52.0
3217,Crooked Still,54,Unknown,17.0
3218,"Crosby, Stills & Nash",68,Unknown,2.0
3219,"Crosby, Stills, Nash & Young",68,Unknown,2.0
3220,Crossfade,70,Unknown,70.0
3221,Crowd Lu,65,Unknown,108.0
3222,Crown The Empire,0,Unknown,72.0
3223,Crows in the Rain,29,Unknown,99.0
3224,Cruachan,17,Unknown,64.0
3225,Cruel Force,23,Unknown,64.0
3226,Crumb,67,Unknown,52.0
3227,Crush,83,Unknown,104.0
3228,Cryex,22,Unknown,53.0
3229,Crying,20,Unknown,78.0
3230,Crypsis,22,Unknown,53.0
3231,Crypton,31,Unknown,72.0
3232,Crystal Aikin,37,Unknown,28.0
3233,Crystal Castles,76,Unknown,25.0
3234,Crystal Lake,52,Unknown,77.0
3235,Crystal Mad,22,Unknown,53.0
3236,Crystal Waters,65,Unknown,45.0
3237,Crywolf,44,Unknown,47.0
3238,Ctrl-Z,17,Unknown,38.0
3239,Cuarteto La Púa,24,Unknown,20.0
3240,Cuba Cuba,37,Unknown,93.0
3241,Cubicolor,44,Unknown,58.0
3242,Cuca,45,Unknown,63.0
3243,Cuchillazo,35,Unknown,80.0
3244,Cuco Sánchez,42,Unknown,20.0
3245,Cuco Valoy,37,Unknown,110.0
3246,Cucuza Castiello,26,Unknown,20.0
3247,Cueio Limão,32,Unknown,72.0
3248,Cuencos Tibetanos Sonidos Relajantes,21,Unknown,117.0
3249,Cult Of Fire,37,Unknown,64.0
3250,Cults,81,Unknown,11.0
3251,Culture,31,Unknown,47.0
3252,Culture Beat,68,Unknown,60.0
3253,Culture Club,75,Unknown,45.0
3254,Culture Code,61,Unknown,47.0
3255,Culture Queen,12,Unknown,
3256,Culture Shock,51,Unknown,46.0
3257,Cupid,63,Unknown,
3258,Cupido,55,Unknown,43.0
3259,Curasbun,32,Unknown,72.0
3260,Curbi,67,Unknown,58.0
3261,Curren$y,0,Unknown,25.0
3262,Current Joys,76,Unknown,11.0
3263,Currents,59,Unknown,65.0
3264,Cursed Kingdom,0,Unknown,99.0
3265,Cursive,31,Unknown,72.0
3266,Curtis B,11,Unknown,38.0
3267,Curtis Mayfield,0,Unknown,3.0
3268,Curtis Potter,13,Unknown,4.0
3269,Cusco,48,Unknown,22.0
3270,Cut Chemist,22,Unknown,62.0
3271,Cut La Roc,3,Unknown,38.0
3272,Cut Off,57,Unknown,43.0
3273,Cut Worms,28,Unknown,52.0
3274,Cutting Crew,77,Unknown,59.0
3275,Cyantific,23,Unknown,46.0
3276,Cybass,12,Unknown,55.0
3277,Cyber,21,Unknown,53.0
3278,Cyberbully Mom Club,54,Unknown,52.0
3279,Cybotron,43,Unknown,44.0
3280,Cyclo,36,Unknown,113.0
3281,Cyhra,55,Unknown,67.0
3282,Cylob,12,Unknown,55.0
3283,Cymande,56,Unknown,90.0
3284,Cyndi Lauper,79,Unknown,45.0
3285,Cyndi Wang,63,Unknown,108.0
3286,Cynthia Erivo,70,Unknown,7.0
3287,Cynthia Luz,47,Unknown,92.0
3288,Cypress Hill,75,Unknown,71.0
3289,Cyril Kamer,77,Unknown,106.0
3290,Cyril Mathews,59,Unknown,23.0
3291,Cyril Pahinui,21,Unknown,20.0
3292,Czeslaw Mozil,30,Unknown,9.0
3293,Cássia Eller,47,Unknown,92.0
3294,Cátia Moreira,24,Unknown,9.0
3295,Cäbränegrä,16,Unknown,68.0
3296,César Menotti & Fabiano,43,Unknown,
3297,Cícero,42,Unknown,109.0
3298,Cólera,30,Unknown,72.0
3299,Cö Shu Nie,63,Unknown,91.0
3300,Cœur De Pirate,33,Unknown,96.0
3301,D'Arcangelo,13,Unknown,55.0
3302,D'banj,51,Unknown,86.0
3303,D'yani,30,Unknown,86.0
3304,D-51,57,Unknown,102.0
3305,D-Attack,25,Unknown,53.0
3306,D-Block & S-te-Fan,65,Unknown,53.0
3307,D-Ceptor,35,Unknown,72.0
3308,D-Charged,45,Unknown,53.0
3309,D-Formation,40,Unknown,61.0
3310,D-Major,24,Unknown,100.0
3311,D-Mind,22,Unknown,53.0
3312,D-Sturb,56,Unknown,53.0
3313,D. Imman,58,Unknown,15.0
3314,D.ACE,37,Unknown,96.0
3315,D.F.C.,29,Unknown,65.0
3316,D.I.T.C.,59,Unknown,72.0
3317,D.L. Hughley,23,Unknown,27.0
3318,D.O.,66,Unknown,104.0
3319,D.O.D,71,Unknown,43.0
3320,DA PUMP,41,Unknown,100.0
3321,DA Uzi,34,Unknown,96.0
3322,DAF,34,Unknown,51.0
3323,DAKU,42,Unknown,74.0
3324,DARE,29,Unknown,72.0
3325,DAVICHI,64,Unknown,104.0
3326,DAVID AUGUST,51,Unknown,43.0
3327,DAY 7,40,Unknown,40.0
3328,DAZZLE VISION,20,Unknown,101.0
3329,DC Breaks,23,Unknown,46.0
3330,DC Grimsta,37,Unknown,114.0
3331,DEAD END,20,Unknown,73.0
3332,DEADLIFE,49,Unknown,41.0
3333,DEAN FUJIOKA,60,Unknown,100.0
3334,DECO*27,61,Unknown,91.0
3335,DEHA INC.,49,Unknown,76.0
3336,DELLAFUENTE,70,Unknown,106.0
3337,DENNIS,44,Unknown,3.0
3338,DENZO,34,Unknown,96.0
3339,DESTIN CONRAD,60,Unknown,40.0
3340,DEVO,65,Unknown,59.0
3341,DGHTR,48,Unknown,34.0
3342,DHN Missile,41,Unknown,34.0
3343,DI MI DO,18,Unknown,56.0
3344,DIALOGUE+,47,Unknown,91.0
3345,DING DONG,50,Unknown,86.0
3346,DIRTYXAN,60,Unknown,36.0
3347,DISH//,55,Unknown,91.0
3348,DIVINE,67,Unknown,1.0
3349,DJ 3000,8,Unknown,44.0
3350,DJ Arana,57,Unknown,3.0
3351,DJ Arthur ZL,47,Unknown,3.0
3352,DJ BOY,51,Unknown,3.0
3353,DJ BRUNO PRADO,44,Unknown,3.0
3354,DJ Baby Anne,17,Unknown,38.0
3355,DJ Battle,46,Unknown,86.0
3356,DJ Black Rock,20,Unknown,
3357,DJ Blakes,47,Unknown,3.0
3358,DJ Bratti SC,45,Unknown,3.0
3359,DJ Bryan,27,Unknown,86.0
3360,DJ Buzz Fuzz,34,Unknown,10.0
3361,DJ CARAI,48,Unknown,3.0
3362,DJ Cam,52,Unknown,62.0
3363,DJ Cayoo,47,Unknown,3.0
3364,DJ Cotton Eye Joe,10,Unknown,
3365,DJ Covy,50,Unknown,36.0
3366,DJ DN,44,Unknown,3.0
3367,DJ Dark,55,Unknown,51.0
3368,DJ Delirium,26,Unknown,10.0
3369,DJ Die,16,Unknown,46.0
3370,DJ Düse,27,Unknown,45.0
3371,DJ Envy,19,Unknown,41.0
3372,DJ FERRAZ,43,Unknown,3.0
3373,DJ Fixx,40,Unknown,38.0
3374,DJ Flex,52,Unknown,41.0
3375,DJ Fly,27,Unknown,86.0
3376,DJ Fresh,65,Unknown,46.0
3377,DJ Frosty,28,Unknown,41.0
3378,DJ Furax,26,Unknown,100.0
3379,DJ GH7,45,Unknown,3.0
3380,DJ Ghost Floripa,46,Unknown,3.0
3381,DJ Greg C,28,Unknown,100.0
3382,DJ HG MLK É BRABO,44,Unknown,3.0
3383,DJ Ham,16,Unknown,10.0
3384,DJ Hazard,23,Unknown,46.0
3385,DJ Hell,17,Unknown,56.0
3386,DJ Herzbeat,29,Unknown,57.0
3387,DJ Hype,16,Unknown,46.0
3388,DJ IZEUS,43,Unknown,3.0
3389,DJ Icey,18,Unknown,38.0
3390,DJ Isaac,23,Unknown,10.0
3391,DJ Jamaika,42,Unknown,6.0
3392,DJ Jantje,26,Unknown,53.0
3393,DJ Jayhood,16,Unknown,41.0
3394,DJ Jeeh FDC,4,Unknown,3.0
3395,DJ KS SHEIK,47,Unknown,3.0
3396,DJ Kantik,44,Unknown,49.0
3397,DJ Kayz,47,Unknown,96.0
3398,DJ Koze,53,Unknown,43.0
3399,DJ Krazy,13,Unknown,
3400,DJ Krush,51,Unknown,62.0
3401,DJ LILMAN,21,Unknown,41.0
3402,DJ Lg do Sf,47,Unknown,3.0
3403,DJ Luck & MC Neat,26,Unknown,52.0
3404,DJ MAVICC,43,Unknown,3.0
3405,DJ Marky,48,Unknown,46.0
3406,DJ Martiens,25,Unknown,53.0
3407,DJ Mass,42,Unknown,51.0
3408,DJ Matheus Lazaretti,47,Unknown,28.0
3409,DJ Matt D,44,Unknown,3.0
3410,DJ Maurice,32,Unknown,53.0
3411,DJ Mongoose,19,Unknown,10.0
3412,DJ Mox,26,Unknown,57.0
3413,DJ Mutiny,11,Unknown,38.0
3414,DJ Nelson,54,Unknown,106.0
3415,DJ Neptune,52,Unknown,86.0
3416,DJ Noiz,51,Unknown,47.0
3417,DJ Nyk,40,Unknown,49.0
3418,DJ Ostkurve,31,Unknown,45.0
3419,DJ P13,42,Unknown,3.0
3420,DJ PATRICK ZS,44,Unknown,3.0
3421,DJ PV,41,Unknown,28.0
3422,DJ Patife,21,Unknown,46.0
3423,DJ Pierre,32,Unknown,39.0
3424,DJ Quest,14,Unknown,38.0
3425,DJ Quik,31,Unknown,72.0
3426,DJ Rafinha Dz7,43,Unknown,3.0
3427,DJ Ramonstro,44,Unknown,3.0
3428,DJ Rap,20,Unknown,46.0
3429,DJ Red,22,Unknown,46.0
3430,DJ Rob,19,Unknown,10.0
3431,DJ Robin,74,Unknown,57.0
3432,DJ Roger Vale,40,Unknown,28.0
3433,DJ Rolando,41,Unknown,44.0
3434,DJ Rozwell,16,Unknown,41.0
3435,DJ Ruffneck,20,Unknown,10.0
3436,DJ S.K.T,25,Unknown,69.0
3437,DJ SANJU OFFICIAL,40,Unknown,111.0
3438,DJ Seduction,16,Unknown,10.0
3439,DJ Shadow,66,Unknown,25.0
3440,DJ Shog,26,Unknown,60.0
3441,DJ Sim,28,Unknown,10.0
3442,DJ Skull,15,Unknown,39.0
3443,DJ Sliink,42,Unknown,41.0
3444,DJ Smallz 732,40,Unknown,41.0
3445,DJ Snake,84,Unknown,42.0
3446,DJ Sneak,18,Unknown,39.0
3447,DJ Spooky,29,Unknown,62.0
3448,DJ Ss,18,Unknown,46.0
3449,DJ Stephanie,21,Unknown,53.0
3450,DJ Taj,20,Unknown,41.0
3451,DJ Tarkan,47,Unknown,69.0
3452,DJ Team Oep Ze Kant,36,Unknown,53.0
3453,DJ Tray,22,Unknown,41.0
3454,DJ Vadim,51,Unknown,62.0
3455,DJ Virus,25,Unknown,53.0
3456,DJ Waxweazle,17,Unknown,10.0
3457,DJ Zinc,54,Unknown,46.0
3458,DJ Ötzi,59,Unknown,57.0
3459,DLG,39,Unknown,110.0
3460,DLMT,55,Unknown,43.0
3461,DM Galaxy,44,Unknown,47.0
3462,DMX,74,Unknown,72.0
3463,DOES,54,Unknown,91.0
3464,DOLLA,42,Unknown,107.0
3465,DON BROCO,58,Unknown,93.0
3466,DOWN,0,Unknown,69.0
3467,DOXX,36,Unknown,66.0
3468,DRAY,57,Unknown,43.0
3469,DREAMS COME TRUE,35,Unknown,102.0
3470,DROELOE,53,Unknown,51.0
3471,DRS,21,Unknown,46.0
3472,DRY&HEAVY,24,Unknown,47.0
3473,DRYM,48,Unknown,43.0
3474,DSM,0,Unknown,99.0
3475,DSTORTD,20,Unknown,53.0
3476,DTF,72,Unknown,96.0
3477,DUDA BEAT,44,Unknown,3.0
3478,DVBBS,65,Unknown,51.0
3479,DWLLRS,64,Unknown,40.0
3480,DYEN,22,Unknown,
3481,DZ Deathrays,26,Unknown,52.0
3482,Da Melhor Qualidade,43,Unknown,
3483,Da Poet,44,Unknown,116.0
3484,Da Problem Solvas,31,Unknown,2.0
3485,Da Real Emkay,28,Unknown,43.0
3486,Da Tweekaz,64,Unknown,53.0
3487,Da'ville,40,Unknown,86.0
3488,Da-iCE,60,Unknown,102.0
3489,DaBaby,1,Unknown,1.0
3490,Dabin,51,Unknown,47.0
3491,Dabzee,72,Unknown,1.0
3492,Dada Life,58,Unknown,58.0
3493,Daddy Shaq,38,Unknown,107.0
3494,Daddy Yankee,85,Unknown,1.0
3495,Daddy1,19,Unknown,100.0
3496,Daddyphatsnaps,54,Unknown,91.0
3497,Daft Punk,82,Unknown,50.0
3498,Dag Vag,36,Unknown,114.0
3499,Dagda,47,Unknown,22.0
3500,Dagmar Collier,50,Unknown,23.0
3501,Dahl,59,Unknown,50.0
3502,Daichi Miura,33,Unknown,102.0
3503,Daigo Hanada,58,Unknown,23.0
3504,Dailey & Vincent,25,Unknown,17.0
3505,Daiquiri,36,Unknown,110.0
3506,Daisuke Tanabe,32,Unknown,55.0
3507,Daisy the Great,70,Unknown,11.0
3508,Dale Ann Bradley,26,Unknown,17.0
3509,Dale Hawkins,33,Unknown,82.0
3510,Dale Howard,57,Unknown,43.0
3511,Daler Mehndi,64,Unknown,1.0
3512,Dallas Stars,56,Unknown,2.0
3513,Dallas Wayne,10,Unknown,4.0
3514,Dallerium,57,Unknown,43.0
3515,Dalsin,48,Unknown,92.0
3516,Dalto,50,Unknown,109.0
3517,Dalva De Oliveira,37,Unknown,111.0
3518,Damageplan,0,Unknown,69.0
3519,Damares,46,Unknown,92.0
3520,Dame,40,Unknown,97.0
3521,Damero.,35,Unknown,66.0
3522,Damian Marley,64,Unknown,87.0
3523,Damian Ray,22,Unknown,53.0
3524,Damien,57,Unknown,36.0
3525,Damien Rice,65,Unknown,32.0
3526,Damn Yankees,60,Unknown,71.0
3527,Damon Empero,56,Unknown,49.0
3528,Damon Hess,0,Unknown,43.0
3529,Damon Paul,21,Unknown,56.0
3530,Damso,75,Unknown,96.0
3531,Dan,66,Unknown,40.0
3532,Dan + Shay,78,Unknown,18.0
3533,Dan Andriano in the Emergency Room,25,Unknown,24.0
3534,Dan Auerbach,64,Unknown,2.0
3535,Dan Berk,52,Unknown,24.0
3536,Dan Cummins,26,Unknown,27.0
3537,Dan Gibson's Solitudes,45,Unknown,22.0
3538,Dan Hartman,63,Unknown,45.0
3539,Dan Hylander,38,Unknown,89.0
3540,Dan Levy,23,Unknown,27.0
3541,Dan Seals,58,Unknown,18.0
3542,Dan Stevens,64,Unknown,9.0
3543,Dan Tyminski,25,Unknown,17.0
3544,Dan Vapid & the Cheats,23,Unknown,78.0
3545,Dan Ventura,45,Unknown,95.0
3546,Dana Gould,20,Unknown,27.0
3547,Danakil,32,Unknown,47.0
3548,Dance Dance Dance!,8,Unknown,
3549,Dance Gavin Dance,31,Unknown,77.0
3550,Dance of Days,31,Unknown,72.0
3551,Dancing Mood,33,Unknown,103.0
3552,Dane Amar,65,Unknown,40.0
3553,Dangerkids,52,Unknown,77.0
3554,Dani Fernández,64,Unknown,113.0
3555,Dani Garcia,18,Unknown,9.0
3556,Dani M,34,Unknown,114.0
3557,Dani Martín,60,Unknown,113.0
3558,Dani Sbert,40,Unknown,56.0
3559,DaniLeigh,73,Unknown,105.0
3560,DaniSogen,59,Unknown,40.0
3561,Danie Green,34,Unknown,91.0
3562,Daniel,52,Unknown,112.0
3563,Daniel & Samuel,40,Unknown,28.0
3564,Daniel Adams-Ray,38,Unknown,114.0
3565,Daniel Araujo,32,Unknown,69.0
3566,Daniel Balavoine,33,Unknown,96.0
3567,Daniel Chan,52,Unknown,94.0
3568,Daniel Deluxe,51,Unknown,41.0
3569,Daniel Di Angelo,55,Unknown,7.0
3570,Daniel Glaven,61,Unknown,43.0
3571,Daniel Kaede,40,Unknown,20.0
3572,Daniel Kobialka,24,Unknown,22.0
3573,Daniel Lioneye,28,Unknown,73.0
3574,Daniel Lo,27,Unknown,108.0
3575,Daniel Pemberton,46,Unknown,93.0
3576,Daniel Radcliffe,21,Unknown,31.0
3577,Daniel Robinson,56,Unknown,24.0
3578,Daniel Steinberg,23,Unknown,56.0
3579,Daniel Zueras,44,Unknown,113.0
3580,Daniel e Samuel,40,Unknown,28.0
3581,Daniela Alfinito,31,Unknown,45.0
3582,Daniela Andrade,62,Unknown,19.0
3583,Daniela Araújo,43,Unknown,28.0
3584,Daniela Darcourt,31,Unknown,110.0
3585,Daniela Rathana,39,Unknown,114.0
3586,Daniele Leoni,53,Unknown,23.0
3587,Danielle Bradbery,1,Unknown,18.0
3588,Danielle Cristina,46,Unknown,92.0
3589,Danielle Fleur,54,Unknown,23.0
3590,Danieze Santiago,44,Unknown,95.0
3591,Daniyel,66,Unknown,36.0
3592,Danju,41,Unknown,97.0
3593,Danko Jones,37,Unknown,81.0
3594,Danna Paola,2,Unknown,105.0
3595,Danne Stråhed,39,Unknown,89.0
3596,Dannic,59,Unknown,58.0
3597,Danny & The Juniors,59,Unknown,82.0
3598,Danny Avila,57,Unknown,49.0
3599,Danny Breaks,17,Unknown,46.0
3600,Danny Burstein,30,Unknown,31.0
3601,Danny Byrd,22,Unknown,46.0
3602,Danny Carvalho,22,Unknown,20.0
3603,Danny Chan,47,Unknown,94.0
3604,Danny Cooltmoore,33,Unknown,84.0
3605,Danny Daniel,40,Unknown,110.0
3606,Danny G,58,Unknown,40.0
3607,Danny Ke Dose,31,Unknown,32.0
3608,Danny Ocean,80,Unknown,105.0
3609,Danny Olson,42,Unknown,47.0
3610,Danny Romero,57,Unknown,113.0
3611,Danny Saucedo,2,Unknown,114.0
3612,Danny Wright,53,Unknown,22.0
3613,Dante,35,Unknown,113.0
3614,Dantiez,14,Unknown,44.0
3615,Danzig,76,Unknown,71.0
3616,Daphne Rubin-Vega,53,Unknown,31.0
3617,Daphni,52,Unknown,56.0
3618,Dara O Briain,22,Unknown,27.0
3619,Darbuka Siva,68,Unknown,16.0
3620,Darci,77,Unknown,7.0
3621,Darcie Roman,57,Unknown,35.0
3622,Darckstar,37,Unknown,91.0
3623,Darell,68,Unknown,106.0
3624,Darin,37,Unknown,114.0
3625,Dario G,61,Unknown,61.0
3626,Dario Marianelli,62,Unknown,37.0
3627,Dario Moreno,39,Unknown,116.0
3628,Darius,63,Unknown,45.0
3629,Darius & Finlay,31,Unknown,57.0
3630,Darius Rucker,78,Unknown,18.0
3631,Dariush Dolat-Shahi,6,Unknown,99.0
3632,Dark Funeral,41,Unknown,64.0
3633,Dark Lunacy,22,Unknown,65.0
3634,Dark Rehab,46,Unknown,53.0
3635,Dark Sarah,21,Unknown,67.0
3636,Dark Smoke Signal,50,Unknown,41.0
3637,Dark Thoughts,27,Unknown,52.0
3638,Dark Tranquillity,51,Unknown,65.0
3639,Dark-E,30,Unknown,53.0
3640,Dark0,16,Unknown,41.0
3641,Darkest Hour,50,Unknown,65.0
3642,Darkkey,25,Unknown,107.0
3643,Darko US,52,Unknown,65.0
3644,Darkthrone,48,Unknown,64.0
3645,Darlene Zschech,48,Unknown,117.0
3646,Darrell McCall,12,Unknown,4.0
3647,Darrell Scott,23,Unknown,17.0
3648,Darren Styles,62,Unknown,10.0
3649,Darrien,15,Unknown,10.0
3650,Darryl Lenox,25,Unknown,27.0
3651,Darshan Raval,71,Unknown,16.0
3652,Darude,70,Unknown,61.0
3653,Daryl Hall & John Oates,0,Unknown,83.0
3654,Darzamat,17,Unknown,64.0
3655,Das EFX,0,Unknown,72.0
3656,Das Lumpenpack,42,Unknown,97.0
3657,Dash,40,Unknown,88.0
3658,Dash Berlin,58,Unknown,58.0
3659,Dash Y Cangri,39,Unknown,88.0
3660,Dashboard Confessional,38,Unknown,66.0
3661,Dasinga,26,Unknown,86.0
3662,Daso,47,Unknown,56.0
3663,Datach'i,29,Unknown,55.0
3664,Datassette,43,Unknown,55.0
3665,Datsik,49,Unknown,38.0
3666,Datune,31,Unknown,47.0
3667,Daughtry,60,Unknown,70.0
3668,Dav Dralleon,14,Unknown,41.0
3669,Dave Barnes,49,Unknown,24.0
3670,Dave Brubeck,51,Unknown,5.0
3671,Dave Edmunds,51,Unknown,93.0
3672,Dave Matthews Band,55,Unknown,103.0
3673,Dave Thomas Junior,58,Unknown,19.0
3674,Dave Van Ronk,54,Unknown,24.0
3675,Dave Wong,52,Unknown,108.0
3676,Dave and Ava,42,Unknown,26.0
3677,Davi Sacer,55,Unknown,92.0
3678,David & Steve Gordon,32,Unknown,22.0
3679,David Arkenstone,45,Unknown,22.0
3680,David Arnold,50,Unknown,93.0
3681,David Bisbal,73,Unknown,105.0
3682,David Brinston,34,Unknown,2.0
3683,David Buckley,53,Unknown,93.0
3684,David Calzado y su Charanga Habanera,29,Unknown,110.0
3685,David Carnes,25,Unknown,22.0
3686,David Cedeño,28,Unknown,110.0
3687,David Cross,24,Unknown,27.0
3688,David Crowe,22,Unknown,27.0
3689,David DeMaría,0,Unknown,113.0
3690,David Forbes,41,Unknown,43.0
3691,David Gilmour,53,Unknown,2.0
3692,David Grant,26,Unknown,93.0
3693,David Grier,20,Unknown,17.0
3694,David Guetta,98,Unknown,42.0
3695,David Hazeltine,54,Unknown,23.0
3696,David Healer,23,Unknown,9.0
3697,David Helpling,24,Unknown,37.0
3698,David Holmes,50,Unknown,62.0
3699,David Hyde Pierce,29,Unknown,31.0
3700,David J,61,Unknown,18.0
3701,David Kushner,73,Unknown,32.0
3702,David Lanz,48,Unknown,22.0
3703,David Lui,20,Unknown,94.0
3704,David Morales,45,Unknown,43.0
3705,David Nevue,47,Unknown,22.0
3706,David Ogden Stiers,32,Unknown,9.0
3707,David Pabon,30,Unknown,110.0
3708,David Penn,59,Unknown,43.0
3709,David Puentez,63,Unknown,58.0
3710,David Quinlan,47,Unknown,92.0
3711,David Ritschard,40,Unknown,114.0
3712,David Shiner,27,Unknown,31.0
3713,David Spade,22,Unknown,27.0
3714,David Sylvian,0,Unknown,37.0
3715,David Tao,58,Unknown,108.0
3716,David Temessi,22,Unknown,60.0
3717,David Wahler,24,Unknown,22.0
3718,David Y Abraham,39,Unknown,110.0
3719,Davide Dalli Cardillo,19,Unknown,56.0
3720,Davide Sonar,24,Unknown,53.0
3721,Davidson Silva,49,Unknown,92.0
3722,Davignon,64,Unknown,23.0
3723,Davila 666,29,Unknown,52.0
3724,Davis John Patton,52,Unknown,37.0
3725,Davizinho,47,Unknown,
3726,Davodka,32,Unknown,96.0
3727,Dawid Narożny,29,Unknown,45.0
3728,Dawn Of Ashes,20,Unknown,64.0
3729,Dawn Wall,48,Unknown,46.0
3730,Dax Wolf,60,Unknown,35.0
3731,Daxson,44,Unknown,61.0
3732,Day e Lara,47,Unknown,112.0
3733,Daya,69,Unknown,42.0
3734,Dayme y El High,43,Unknown,87.0
3735,Days N Daze,37,Unknown,24.0
3736,Days Of The New,64,Unknown,70.0
3737,Dayseeker,63,Unknown,77.0
3738,Dazaranha,45,Unknown,92.0
3739,Dazik69,44,Unknown,34.0
3740,De Antennes,33,Unknown,100.0
3741,De Beatsers,33,Unknown,53.0
3742,De Brassers,22,Unknown,67.0
3743,De Doelleazen,36,Unknown,10.0
3744,De Hofnar,50,Unknown,43.0
3745,De Kraaien,25,Unknown,53.0
3746,De La Ghetto,82,Unknown,1.0
3747,De La Tierra,35,Unknown,73.0
3748,De Lorra,51,Unknown,40.0
3749,De Moi,61,Unknown,37.0
3750,De Mosselman,16,Unknown,10.0
3751,De Nalgas,37,Unknown,80.0
3752,De Profundis,22,Unknown,64.0
3753,De Seu,62,Unknown,35.0
3754,De Vet Du,37,Unknown,114.0
3755,De-Phazz,26,Unknown,62.0
3756,DeBarge,67,Unknown,45.0
3757,DeGoBooM,32,Unknown,91.0
3758,DeVita,43,Unknown,40.0
3759,Dead By Sunrise,56,Unknown,51.0
3760,Dead Fish,41,Unknown,71.0
3761,Dead Ghosts,27,Unknown,52.0
3762,Dead Heat,28,Unknown,72.0
3763,Dead Hot Workshop,11,Unknown,4.0
3764,Dead Infection,15,Unknown,68.0
3765,Dead Kennedys,42,Unknown,72.0
3766,Dead Moon,31,Unknown,52.0
3767,Dead Or Alive,76,Unknown,59.0
3768,Dead To Fall,23,Unknown,65.0
3769,Dead To Me,28,Unknown,78.0
3770,Dead by April,54,Unknown,77.0
3771,DeadSquad,33,Unknown,65.0
3772,Deadbolt,23,Unknown,67.0
3773,Deadlife,18,Unknown,64.0
3774,Deadly Guns,29,Unknown,72.0
3775,Deadsy,27,Unknown,
3776,Deaf Kev,61,Unknown,49.0
3777,Deafheaven,46,Unknown,64.0
3778,Deal Casino,49,Unknown,100.0
3779,Deal's Gone Bad,32,Unknown,89.0
3780,Dean Demir,62,Unknown,23.0
3781,Dean Evenson,46,Unknown,22.0
3782,Dean Martin,68,Unknown,5.0
3783,Deanie Ip,25,Unknown,94.0
3784,Dear Gravity,41,Unknown,37.0
3785,Dear Jane,51,Unknown,94.0
3786,Dear Seattle,40,Unknown,66.0
3787,Death,58,Unknown,65.0
3788,Death Angel,21,Unknown,65.0
3789,Death Cab for Cutie,64,Unknown,11.0
3790,Death From Above 1979,57,Unknown,52.0
3791,Death Grips,59,Unknown,
3792,Death In Vegas,47,Unknown,62.0
3793,Death Lens,26,Unknown,52.0
3794,Death Toll 80K,12,Unknown,68.0
3795,Deathpact,37,Unknown,41.0
3796,Deathstars,24,Unknown,67.0
3797,Deathtune,0,Unknown,99.0
3798,Debabrata Gogoi,40,Unknown,98.0
3799,Debbie Doo,32,Unknown,
3800,Debbies,25,Unknown,52.0
3801,Debby van Dooren,20,Unknown,9.0
3802,Deborah de Luca,61,Unknown,60.0
3803,Decada Explosiva,38,Unknown,102.0
3804,Declan McKenna,80,Unknown,63.0
3805,Dede Sabunge,56,Unknown,
3806,DeeWunn,50,Unknown,86.0
3807,Deejay Matze,0,Unknown,57.0
3808,Deekline,44,Unknown,38.0
3809,Deekline & Wizard,17,Unknown,38.0
3810,Deen Burbigo,34,Unknown,96.0
3811,Deep Chills,67,Unknown,42.0
3812,Deep Forest,44,Unknown,22.0
3813,Deep Jahi,18,Unknown,100.0
3814,Deep Jandu,60,Unknown,1.0
3815,Deep Joshi,42,Unknown,98.0
3816,Deep Ng,23,Unknown,94.0
3817,Deep Purple,73,Unknown,2.0
3818,Deep Sen,29,Unknown,43.0
3819,Deep Sleep,44,Unknown,35.0
3820,Deep Sleep Brown Noise,46,Unknown,35.0
3821,Deep Sleep Hair Dryers,38,Unknown,35.0
3822,Deep Sleep Meditation,33,Unknown,35.0
3823,Deep Sleep Music Collective,65,Unknown,35.0
3824,Deep Sleep Rain Sounds,37,Unknown,35.0
3825,Deep Sleep Relaxation,38,Unknown,35.0
3826,Deep Sleep Systems,36,Unknown,35.0
3827,Deep Sleep Vacuum Cleaners,34,Unknown,35.0
3828,Deep Sleep Waterfalls,32,Unknown,35.0
3829,Deepack,27,Unknown,53.0
3830,Deepak Rathore Project,62,Unknown,98.0
3831,Deepanshu Ruhela,54,Unknown,98.0
3832,Deeparture,46,Unknown,61.0
3833,Deepend,62,Unknown,43.0
3834,Deeperise,62,Unknown,43.0
3835,Deerhunter,48,Unknown,52.0
3836,Deetox,51,Unknown,53.0
3837,Def Leppard,74,Unknown,71.0
3838,Defa,41,Unknown,116.0
3839,Default,55,Unknown,70.0
3840,"Defiance, Ohio",29,Unknown,24.0
3841,Deficio,35,Unknown,58.0
3842,Definition,46,Unknown,60.0
3843,Defis,32,Unknown,45.0
3844,Defkhan,42,Unknown,116.0
3845,Deftones,77,Unknown,63.0
3846,Degree,33,Unknown,86.0
3847,Dehmo,59,Unknown,96.0
3848,Deibeat,13,Unknown,38.0
3849,Deichkind,38,Unknown,97.0
3850,Deicide,46,Unknown,64.0
3851,Deine Cousine,42,Unknown,97.0
3852,Deise do Vale,47,Unknown,92.0
3853,Dejw,35,Unknown,45.0
3854,Deke Dickerson,28,Unknown,84.0
3855,Dekker,39,Unknown,97.0
3856,Del McCoury,21,Unknown,17.0
3857,Del Shannon,62,Unknown,82.0
3858,Del The Funky Homosapien,0,Unknown,72.0
3859,Del Wood,15,Unknown,4.0
3860,Delain,41,Unknown,67.0
3861,Delaney Bailey,71,Unknown,11.0
3862,Delano Smith,36,Unknown,44.0
3863,Dele Ojo,16,Unknown,90.0
3864,Delegation,62,Unknown,45.0
3865,Delete,25,Unknown,53.0
3866,Delina,12,Unknown,
3867,Delino Marçal,54,Unknown,92.0
3868,Delinquent Habits,61,Unknown,72.0
3869,Delit Quirion,59,Unknown,35.0
3870,Delius,22,Unknown,53.0
3871,Della,55,Unknown,108.0
3872,Della Mae,23,Unknown,17.0
3873,Delley & Dorivan,43,Unknown,112.0
3874,Delroy Wilson,27,Unknown,47.0
3875,Delta Heavy,52,Unknown,46.0
3876,Delta Spirit,39,Unknown,23.0
3877,Delux,37,Unknown,81.0
3878,Deluxe,35,Unknown,96.0
3879,Deluzion,24,Unknown,53.0
3880,Demarco,50,Unknown,86.0
3881,Demented Scumcats,21,Unknown,67.0
3882,Demeter,53,Unknown,54.0
3883,Demetrius,41,Unknown,102.0
3884,Demi Kanon,21,Unknown,53.0
3885,Demi Lovato,81,Unknown,42.0
3886,Demon Hunter,55,Unknown,77.0
3887,Demonios Da Garoa,38,Unknown,111.0
3888,Dempagumi.Inc,41,Unknown,101.0
3889,Dendipappey,52,Unknown,36.0
3890,Denean,44,Unknown,22.0
3891,Deniece Williams,44,Unknown,45.0
3892,Denied,25,Unknown,73.0
3893,Denis First,46,Unknown,49.0
3894,Denis Horvat,44,Unknown,60.0
3895,Denis Impulsywni,32,Unknown,45.0
3896,Denis Kenzo,49,Unknown,61.0
3897,Denis Turbide,22,Unknown,20.0
3898,Denise Cerqueira,40,Unknown,28.0
3899,Denise Ho,47,Unknown,94.0
3900,Denise Julia,79,Unknown,40.0
3901,Denise Santoz,59,Unknown,23.0
3902,Denise Young,22,Unknown,22.0
3903,Deniz Koyu,44,Unknown,58.0
3904,Deniz Seki,41,Unknown,116.0
3905,Deniz Tekin,40,Unknown,116.0
3906,Denki Groove,44,Unknown,60.0
3907,Dennis Brown,44,Unknown,47.0
3908,Dennis Cometti,31,Unknown,52.0
3909,Dennis Doff,27,Unknown,86.0
3910,Dennis Kruissen,37,Unknown,43.0
3911,Dennis Miller,20,Unknown,27.0
3912,Dennis Quin,50,Unknown,69.0
3913,Dennis Scott,58,Unknown,26.0
3914,Dennis Sheperd,41,Unknown,60.0
3915,Deny,33,Unknown,61.0
3916,Denzal Park,52,Unknown,58.0
3917,Deorro,70,Unknown,58.0
3918,Depresión Sonora,34,Unknown,113.0
3919,Depresszió,37,Unknown,80.0
3920,Dept,60,Unknown,40.0
3921,Depth Charge,42,Unknown,62.0
3922,Der Benniii,29,Unknown,45.0
3923,Der Dritte Raum,38,Unknown,56.0
3924,Der Tod und die Landsknechte,18,Unknown,64.0
3925,Der Weg einer Freiheit,19,Unknown,64.0
3926,Derek & The Dominos,74,Unknown,2.0
3927,Dermot Kennedy,74,Unknown,19.0
3928,Derrick Carter,11,Unknown,39.0
3929,Derrick Harriott,28,Unknown,47.0
3930,Derrick May,45,Unknown,44.0
3931,Deru,36,Unknown,55.0
3932,Derya Bedavacı,38,Unknown,116.0
3933,Des Rocs,57,Unknown,2.0
3934,Desalmado,23,Unknown,65.0
3935,Desaster,18,Unknown,64.0
3936,Descansa,23,Unknown,117.0
3937,Descendents,32,Unknown,89.0
3938,Desejo De Menina,49,Unknown,95.0
3939,Desejo de Menina,48,Unknown,95.0
3940,Deserts Chang,49,Unknown,108.0
3941,Desireless,70,Unknown,45.0
3942,Desmod,38,Unknown,81.0
3943,Desmond Dennis,48,Unknown,
3944,Desolate Horizons,46,Unknown,37.0
3945,Despise You,28,Unknown,68.0
3946,Despistaos,60,Unknown,113.0
3947,Destinity,43,Unknown,65.0
3948,Destino San Javier,44,Unknown,19.0
3949,Destly,49,Unknown,91.0
3950,Destra,27,Unknown,86.0
3951,Destroy Rebuild Until God Shows,0,Unknown,72.0
3952,Destryur,44,Unknown,41.0
3953,Deströyer 666,19,Unknown,64.0
3954,Deterioration,23,Unknown,68.0
3955,Detonautas Roque Clube,54,Unknown,63.0
3956,Deuter,53,Unknown,22.0
3957,Dev Negi,66,Unknown,15.0
3958,Devendra Banhart,0,Unknown,19.0
3959,Devil Master,23,Unknown,64.0
3960,Devil Presley,36,Unknown,80.0
3961,DevilDriver,29,Unknown,65.0
3962,Devin Dawson,0,Unknown,18.0
3963,Devin Hoffman,44,Unknown,2.0
3964,Devin Kennedy,64,Unknown,40.0
3965,Devin Wild,50,Unknown,53.0
3966,Devine,20,Unknown,
3967,Dexta Daps,26,Unknown,86.0
3968,Dexter,49,Unknown,3.0
3969,Dexys Midnight Runners,75,Unknown,89.0
3970,Deyim Yerindeyse,40,Unknown,116.0
3971,Dezza,50,Unknown,61.0
3972,Dfideliz,45,Unknown,92.0
3973,Dhamika,36,Unknown,37.0
3974,Dhanush,80,Unknown,104.0
3975,Dhaval Kothari,48,Unknown,19.0
3976,Dhibu Ninan Thomas,76,Unknown,16.0
3977,Dhilip Varman,54,Unknown,107.0
3978,"Dhilip Varman,Karthik",25,Unknown,107.0
3979,Dhinesh Nagarajan,42,Unknown,11.0
3980,Dhruv Ghanekar,40,Unknown,19.0
3981,Dhruv Kapoor,42,Unknown,98.0
3982,Dhvani Bhanushali,69,Unknown,16.0
3983,Dhyo Haw,46,Unknown,87.0
3984,Di Ma,45,Unknown,32.0
3985,Di Paullo & Paulino,54,Unknown,112.0
3986,Di Propósito,55,Unknown,
3987,Di-Meh,34,Unknown,96.0
3988,Dia Psalma,36,Unknown,80.0
3989,Diablo,24,Unknown,69.0
3990,Diablo Swing Orchestra,24,Unknown,29.0
3991,Diabolic Night,18,Unknown,64.0
3992,Diamond Eyes,60,Unknown,49.0
3993,Diamond Yukai,44,Unknown,9.0
3994,Dian Pramana Poetra,39,Unknown,102.0
3995,Diana Krall,57,Unknown,102.0
3996,Diana Ross,70,Unknown,45.0
3997,Diana Wang,49,Unknown,108.0
3998,Diante do Trono,51,Unknown,92.0
3999,Dibob,43,Unknown,92.0
4000,Dick & Dee Dee,33,Unknown,2.0
4001,Dickie Jones,29,Unknown,9.0
4002,Dickster,24,Unknown,61.0
4003,Dicky Cheung,24,Unknown,94.0
4004,Didar Sandhu,39,Unknown,19.0
4005,Didi Gutman,18,Unknown,115.0
4006,Didi Kempot,42,Unknown,102.0
4007,Dido,74,Unknown,83.0
4008,Die 3 Besoffskis,26,Unknown,57.0
4009,Die Apokalyptischen Reiter,27,Unknown,73.0
4010,Die Atzen,62,Unknown,57.0
4011,Die Cappuccinos,36,Unknown,45.0
4012,Die Draufgänger,39,Unknown,57.0
4013,Die Flippers,39,Unknown,57.0
4014,Die Gebrüder Brett,35,Unknown,51.0
4015,Die Gerchli,31,Unknown,57.0
4016,Die Heufresser,27,Unknown,57.0
4017,Die Paldauer,39,Unknown,45.0
4018,Die Partymacher,23,Unknown,57.0
4019,Die Toten Hosen,40,Unknown,97.0
4020,Die Zipfelbuben,74,Unknown,45.0
4021,Die jungen Zillertaler,36,Unknown,57.0
4022,Die Ärzte,42,Unknown,97.0
4023,Diego & Arnaldo,55,Unknown,112.0
4024,Diego & Victor Hugo,56,Unknown,112.0
4025,Diego Fernandes,43,Unknown,92.0
4026,Diego Herrera,45,Unknown,6.0
4027,Diego Karter,45,Unknown,28.0
4028,Diego Torres,0,Unknown,105.0
4029,"Diego, Dora & Friends",33,Unknown,
4030,Dierks Bentley,0,Unknown,18.0
4031,Dieter Huber,49,Unknown,20.0
4032,Digicult,33,Unknown,61.0
4033,Digital Base,11,Unknown,38.0
4034,Digital Boy,19,Unknown,10.0
4035,Digital Dread,35,Unknown,86.0
4036,Digital Punk,57,Unknown,53.0
4037,Digitaldubs,29,Unknown,47.0
4038,Digitonal,36,Unknown,55.0
4039,Dijon,69,Unknown,7.0
4040,Dilip Shadangi,25,Unknown,111.0
4041,Diljit Dosanjh,74,Unknown,15.0
4042,Dillinger,27,Unknown,47.0
4043,Dillinger Four,28,Unknown,78.0
4044,Dillinja,18,Unknown,46.0
4045,Dillon Francis,68,Unknown,49.0
4046,Dillytek,21,Unknown,53.0
4047,Dilpreet Dhillon,60,Unknown,1.0
4048,Dilsinho,53,Unknown,
4049,Dimash Qudaibergen,55,Unknown,29.0
4050,Dimatik,51,Unknown,53.0
4051,Dimension,52,Unknown,46.0
4052,Dimension 09,36,Unknown,34.0
4053,Dimension Latina,74,Unknown,110.0
4054,Dimitri K,59,Unknown,72.0
4055,Dimitri Vangelis & Wyman,64,Unknown,58.0
4056,Dimitri Vegas & Like Mike,70,Unknown,49.0
4057,Dimmi,43,Unknown,43.0
4058,Dimmu Borgir,54,Unknown,64.0
4059,Dinah Eastwood,0,Unknown,5.0
4060,Dinah Washington,64,Unknown,2.0
4061,Dinamarca,20,Unknown,41.0
4062,Dine,25,Unknown,37.0
4063,Dinker kalvala,57,Unknown,74.0
4064,Dino James,64,Unknown,16.0
4065,Dino Saluzzi,21,Unknown,115.0
4066,Dinos,0,Unknown,96.0
4067,Dinosaur Jr.,59,Unknown,70.0
4068,Dio,68,Unknown,71.0
4069,Diogo Nogueira,49,Unknown,109.0
4070,Dion,67,Unknown,6.0
4071,Dion & The Belmonts,61,Unknown,2.0
4072,Dion Timmer,53,Unknown,47.0
4073,Dione,18,Unknown,10.0
4074,Dionne Bromfield,27,Unknown,93.0
4075,Dionne Warwick,66,Unknown,45.0
4076,Diplo,67,Unknown,49.0
4077,Diplomat,39,Unknown,116.0
4078,Diptirekha,24,Unknown,111.0
4079,Dire Straits,81,Unknown,83.0
4080,Direct,50,Unknown,47.0
4081,Direct Hit!,30,Unknown,78.0
4082,Dirk Maassen,42,Unknown,37.0
4083,Dirt Monkey,24,Unknown,47.0
4084,Dirt Nasty,24,Unknown,27.0
4085,Dirty Audio,45,Unknown,51.0
4086,Dirty Doering,40,Unknown,56.0
4087,Dirty Heads,66,Unknown,87.0
4088,Dirty Rush & Gregor Es,62,Unknown,58.0
4089,Dirty South,58,Unknown,58.0
4090,Dirtyphonics,51,Unknown,46.0
4091,Disarmonia Mundi,22,Unknown,65.0
4092,Disarstar,40,Unknown,97.0
4093,Disciples,58,Unknown,43.0
4094,Disclosure,76,Unknown,54.0
4095,DiscoBoys,30,Unknown,45.0
4096,Discocrew,40,Unknown,114.0
4097,Discopraise,48,Unknown,92.0
4098,Discordance Axis,17,Unknown,68.0
4099,Disfear,31,Unknown,68.0
4100,Disfigure,61,Unknown,49.0
4101,Disgorge,13,Unknown,68.0
4102,Dishwalla,54,Unknown,70.0
4103,Disidente,42,Unknown,76.0
4104,Disjecta,8,Unknown,55.0
4105,Disme,35,Unknown,66.0
4106,Disney Channel Stars,41,Unknown,9.0
4107,Disney Peaceful Piano,60,Unknown,9.0
4108,Disney Studio Chorus,24,Unknown,9.0
4109,Disney's Circle of Stars,46,Unknown,9.0
4110,Diss Reaction,17,Unknown,10.0
4111,Dissection,46,Unknown,64.0
4112,Distimia Agorafóbica,39,Unknown,80.0
4113,Distinguisher,22,Unknown,65.0
4114,Disturbed,72,Unknown,25.0
4115,Dither,48,Unknown,55.0
4116,Ditty,43,Unknown,98.0
4117,Dive,22,Unknown,
4118,Divide Music,52,Unknown,91.0
4119,Divididos,49,Unknown,63.0
4120,Diviners,60,Unknown,49.0
4121,Divino Niño,29,Unknown,52.0
4122,Division Speed,19,Unknown,64.0
4123,División Minúscula,46,Unknown,63.0
4124,Divya Kumar,55,Unknown,19.0
4125,Dizaro,58,Unknown,96.0
4126,Dizharmonia,33,Unknown,60.0
4127,DizzyEight,49,Unknown,91.0
4128,Dj Arthur Almeida,46,Unknown,3.0
4129,Dj Batata,43,Unknown,3.0
4130,Dj Chris No Beat,50,Unknown,112.0
4131,Dj GM,54,Unknown,3.0
4132,Dj Gizmo,33,Unknown,10.0
4133,Dj Guuga,44,Unknown,3.0
4134,Dj Joe,44,Unknown,87.0
4135,Dj Kape,19,Unknown,56.0
4136,Dj Kass,39,Unknown,72.0
4137,Dj Kevin,48,Unknown,112.0
4138,Dj Mad Dog,47,Unknown,10.0
4139,Dj Mehmet Tekin,40,Unknown,116.0
4140,Dj Promo,37,Unknown,10.0
4141,Dj Ray Lais,43,Unknown,3.0
4142,Dj Rob & MC Joe,16,Unknown,10.0
4143,Dj Skinhead,18,Unknown,10.0
4144,Dj T.H.,42,Unknown,97.0
4145,Dj Tg Da Inestan,50,Unknown,3.0
4146,Dj Thera,43,Unknown,53.0
4147,Dj Viana,47,Unknown,3.0
4148,Dj Vianu,52,Unknown,69.0
4149,Dj Victor,48,Unknown,3.0
4150,Dj Wesley Gonzaga,42,Unknown,3.0
4151,Dj Yuri,44,Unknown,3.0
4152,Dj. Great,16,Unknown,41.0
4153,Djadja & Dinaz,36,Unknown,96.0
4154,Django,35,Unknown,96.0
4155,Django Reinhardt,53,Unknown,20.0
4156,Djantrix,29,Unknown,61.0
4157,Djavan,49,Unknown,109.0
4158,Djay W,52,Unknown,3.0
4159,Djedjotronic,38,Unknown,41.0
4160,Djevel,17,Unknown,64.0
4161,Djin,22,Unknown,65.0
4162,Dmitri Hvorostovsky,19,Unknown,29.0
4163,Dmitri Shostakovich,59,Unknown,37.0
4164,Doblecero,37,Unknown,91.0
4165,Doc & Merle Watson,23,Unknown,17.0
4166,Doc Watson,25,Unknown,17.0
4167,Doce Encontro,51,Unknown,
4168,Dochi Sadega,39,Unknown,81.0
4169,Doctor Flake,50,Unknown,62.0
4170,Doctor P,51,Unknown,47.0
4171,Doctora Juguetes,29,Unknown,9.0
4172,Document One,50,Unknown,46.0
4173,Dodge & Fuski,47,Unknown,47.0
4174,Dodô Pressão,42,Unknown,95.0
4175,Dog Music,32,Unknown,35.0
4176,Dohzi-T,35,Unknown,102.0
4177,Doja Cat,90,Unknown,42.0
4178,Dokken,59,Unknown,71.0
4179,Dold Vorde Ens Navn,17,Unknown,64.0
4180,Dolly Parton,77,Unknown,18.0
4181,Dolu Kadehi Ters Tut,40,Unknown,116.0
4182,Dolunay Obruk,41,Unknown,116.0
4183,Dom & Roland,18,Unknown,46.0
4184,Dom Dolla,70,Unknown,43.0
4185,Dom Zły,19,Unknown,64.0
4186,Dombresky,59,Unknown,43.0
4187,Domchez,39,Unknown,36.0
4188,Domingo Federico,23,Unknown,115.0
4189,Domingo Quiñones,28,Unknown,110.0
4190,Dominguinhos,43,Unknown,95.0
4191,Dominic,31,Unknown,72.0
4192,Dominic Fike,71,Unknown,63.0
4193,Dominic Lewis,38,Unknown,93.0
4194,Dominic Mena,36,Unknown,34.0
4195,Dominik Eulberg,47,Unknown,56.0
4196,Dominik Grey,33,Unknown,66.0
4197,Dominique A,32,Unknown,96.0
4198,Dominique Charpentier,54,Unknown,21.0
4199,Dominique Marais,59,Unknown,23.0
4200,Dommin,22,Unknown,67.0
4201,Domshe,22,Unknown,51.0
4202,Don André,20,Unknown,100.0
4203,Don Diablo,66,Unknown,49.0
4204,Don Gibson,55,Unknown,82.0
4205,Don Henley,77,Unknown,18.0
4206,Don L,48,Unknown,92.0
4207,Don Li,18,Unknown,94.0
4208,Don Mazuck,64,Unknown,35.0
4209,Don McLean,76,Unknown,19.0
4210,Don Omar,74,Unknown,1.0
4211,Don Reno,21,Unknown,17.0
4212,Don Spencer,31,Unknown,26.0
4213,Don Valiyavelicham,35,Unknown,107.0
4214,Don Williams,59,Unknown,18.0
4215,Dona Cislene,32,Unknown,72.0
4216,Dona Ivone Lara,47,Unknown,109.0
4217,Donald Byrd,0,Unknown,5.0
4218,Donald Duck,21,Unknown,9.0
4219,Donata Antoni,27,Unknown,20.0
4220,Donato Racciatti y Su Orquesta Típica,23,Unknown,115.0
4221,Donbor,43,Unknown,41.0
4222,Donkey Rollers,23,Unknown,53.0
4223,Donna Murphy,66,Unknown,9.0
4224,Donna Stoneman,20,Unknown,17.0
4225,Donna Summer,67,Unknown,45.0
4226,Donnie Ray,35,Unknown,2.0
4227,Donny Benét,22,Unknown,59.0
4228,Donny Hathaway,0,Unknown,3.0
4229,Donovan,65,Unknown,93.0
4230,Donovan Woods,66,Unknown,24.0
4231,Doomsday,16,Unknown,64.0
4232,Doon Kanda,36,Unknown,41.0
4233,Dope,67,Unknown,
4234,Dope Ammo,27,Unknown,46.0
4235,Dopeboyghost,26,Unknown,107.0
4236,Dopplereffekt,31,Unknown,44.0
4237,Dora The Explorer,46,Unknown,26.0
4238,Dorfrocker,35,Unknown,45.0
4239,Dorgival Dantas,51,Unknown,95.0
4240,Dorian,64,Unknown,113.0
4241,Doris Casella,69,Unknown,23.0
4242,Doris Day,59,Unknown,102.0
4243,Doris Melwin,60,Unknown,35.0
4244,Dorival Caymmi,38,Unknown,109.0
4245,Dormida: Por Daniela,24,Unknown,117.0
4246,Dornenreich,15,Unknown,64.0
4247,Doro,38,Unknown,73.0
4248,Dorothy,61,Unknown,63.0
4249,Dos Minutos,37,Unknown,81.0
4250,Dos Santos,17,Unknown,90.0
4251,Dosem,37,Unknown,58.0
4252,Dosseh,0,Unknown,96.0
4253,DotEXE,49,Unknown,47.0
4254,DoubKore,28,Unknown,56.0
4255,Doug Benson,25,Unknown,27.0
4256,Doug Blimpstein,60,Unknown,35.0
4257,Dougal,20,Unknown,10.0
4258,Douglas & Vinicius,57,Unknown,95.0
4259,Douglas Germano,37,Unknown,111.0
4260,Douglas Sampa,44,Unknown,
4261,Dov Davidoff,19,Unknown,27.0
4262,Dow Raiz,46,Unknown,92.0
4263,Down for Life,23,Unknown,65.0
4264,Downface,49,Unknown,70.0
4265,Downtown Of HongKong,0,Unknown,99.0
4266,Doyle Lawson & Quicksilver,21,Unknown,17.0
4267,Doğan Canku,38,Unknown,102.0
4268,Dpsht,57,Unknown,5.0
4269,Dr LoFi,49,Unknown,98.0
4270,Dr Meaker,25,Unknown,46.0
4271,Dr Phunk,44,Unknown,53.0
4272,Dr Rude,23,Unknown,53.0
4273,Dr Zeus,61,Unknown,1.0
4274,Dr. Acula,28,Unknown,65.0
4275,Dr. Alban,41,Unknown,54.0
4276,Dr. Blesson Memana,28,Unknown,107.0
4277,Dr. Burn,33,Unknown,107.0
4278,Dr. Dog,77,Unknown,19.0
4279,Dr. Dre,84,Unknown,3.0
4280,Dr. Feelgood,25,Unknown,84.0
4281,Dr. Hook,0,Unknown,18.0
4282,Dr. Jean Feldman,56,Unknown,26.0
4283,Dr. John,0,Unknown,2.0
4284,Dr. Peacock,64,Unknown,96.0
4285,Dr. SWAG,32,Unknown,45.0
4286,Dr. Silvana & Cia.,45,Unknown,6.0
4287,Draconian,41,Unknown,67.0
4288,Drago200,43,Unknown,106.0
4289,DragonForce,67,Unknown,93.0
4290,Dragonette,57,Unknown,59.0
4291,Dragonfly,20,Unknown,73.0
4292,Drake,91,Canada,1.0
4293,Drawn To The Sky,40,Unknown,66.0
4294,Dream,40,Unknown,101.0
4295,Dream Evil,54,Unknown,73.0
4296,Dream Flows,64,Unknown,35.0
4297,Dream House,28,Unknown,9.0
4298,Dream Note,70,Unknown,98.0
4299,Dream Theater,62,Unknown,21.0
4300,Dream Your Dream,23,Unknown,10.0
4301,Dream on Dreamer,55,Unknown,77.0
4302,DreamReaper,47,Unknown,41.0
4303,Dreamcatcher,64,Unknown,104.0
4304,Dreamer Boy,0,Unknown,40.0
4305,Dreamgirl,60,Unknown,52.0
4306,DrefQuila,41,Unknown,106.0
4307,Drei Meter Feldweg,36,Unknown,80.0
4308,Drei Rana,30,Unknown,24.0
4309,Drew Holcomb,56,Unknown,24.0
4310,Drew Holcomb & The Neighbors,64,Unknown,24.0
4311,Drew Sarich,22,Unknown,31.0
4312,Dreweeris Band,38,Unknown,26.0
4313,Drex Carter,60,Unknown,66.0
4314,Drexciya,41,Unknown,44.0
4315,Dreysson Rodrigues,43,Unknown,3.0
4316,Drezdenko - Kubas,29,Unknown,45.0
4317,Drics,55,Unknown,96.0
4318,Dritte Wahl,36,Unknown,80.0
4319,Dro Kenji,64,Unknown,36.0
4320,Drokz,21,Unknown,10.0
4321,Drone,64,Unknown,35.0
4322,Dropdead,21,Unknown,68.0
4323,Dropkick Murphys,70,Unknown,80.0
4324,Droplex,49,Unknown,56.0
4325,Dropped Out,23,Unknown,51.0
4326,Drossel,31,Unknown,45.0
4327,Drowning Pool,75,Unknown,63.0
4328,Drowsy Teddy,21,Unknown,9.0
4329,Drugdealer,56,Unknown,52.0
4330,Drumattic Twins,14,Unknown,38.0
4331,Drumsound & Bassline Smith,24,Unknown,46.0
4332,Drunk High Jinks,36,Unknown,81.0
4333,Drunk Mums,26,Unknown,52.0
4334,Dry Bar Comedy,22,Unknown,27.0
4335,Dryft,9,Unknown,55.0
4336,Drängarna,44,Unknown,114.0
4337,Dua Lipa,85,Unknown,42.0
4338,DualXess,30,Unknown,57.0
4339,Dualist Inquiry,26,Unknown,51.0
4340,Dualizm,57,Unknown,5.0
4341,Duane Eddy,49,Unknown,82.0
4342,Duane Stephenson,0,Unknown,86.0
4343,Dub Ataque,28,Unknown,47.0
4344,Dub Inc,35,Unknown,96.0
4345,Dub Pistols,43,Unknown,38.0
4346,DubVision,60,Unknown,58.0
4347,Dubdogz,69,Unknown,92.0
4348,Dubfire,47,Unknown,56.0
4349,Dubscribe,43,Unknown,47.0
4350,Duc Duy,56,Unknown,51.0
4351,Duck Sauce,58,Unknown,45.0
4352,Duckwrth,66,Unknown,25.0
4353,Dudu Nobre,39,Unknown,111.0
4354,Dudu Tucci,45,Unknown,92.0
4355,Duduca & Dalvan,45,Unknown,112.0
4356,Duffy,70,Unknown,93.0
4357,Duit,34,Unknown,51.0
4358,Duke & Jones,77,Unknown,42.0
4359,Duke Dumont,72,Unknown,49.0
4360,Duke Ellington,65,Unknown,21.0
4361,Duki,82,Unknown,106.0
4362,Dulce Liquido,24,Unknown,
4363,Dulce María,0,Unknown,105.0
4364,Dulces Sueños,22,Unknown,117.0
4365,Duman,44,Unknown,63.0
4366,Dumb Punts,25,Unknown,52.0
4367,Dunamis Music,45,Unknown,92.0
4368,Duncan Dhu,72,Unknown,113.0
4369,Duncan Laurence,80,Unknown,16.0
4370,Dune,30,Unknown,10.0
4371,Dune Rats,26,Unknown,52.0
4372,Dungen,29,Unknown,79.0
4373,Duo Retama,30,Unknown,20.0
4374,Duo Tiempo de Sol,39,Unknown,106.0
4375,Duran Duran,73,Unknown,59.0
4376,Durs,42,Unknown,61.0
4377,Dustin O'Halloran,54,Unknown,37.0
4378,Dustinho,26,Unknown,43.0
4379,Dusty Decks,53,Unknown,34.0
4380,Dusty Kid,50,Unknown,56.0
4381,Dusty Springfield,73,Unknown,93.0
4382,Dustycloud,52,Unknown,41.0
4383,Dustystaytrue,61,Unknown,36.0
4384,Dutch Master,23,Unknown,53.0
4385,Dutch Melrose,59,Unknown,7.0
4386,Dutch Movement,23,Unknown,53.0
4387,Duzz,43,Unknown,92.0
4388,Duñe,57,Unknown,96.0
4389,Dvice,46,Unknown,106.0
4390,Dvicio,57,Unknown,113.0
4391,Dvwn,60,Unknown,40.0
4392,Dwarves,30,Unknown,78.0
4393,Dwayne Perkins,20,Unknown,27.0
4394,Dwight McCall,20,Unknown,17.0
4395,Dwin,63,Unknown,51.0
4396,Dx Aneurysm,26,Unknown,70.0
4397,Dxvn.,56,Unknown,7.0
4398,Dybbukk,70,Unknown,36.0
4399,Dyewitness,21,Unknown,10.0
4400,Dyewitness & Nighraver,21,Unknown,10.0
4401,Dying Fetus,47,Unknown,65.0
4402,Dying Wish,30,Unknown,72.0
4403,Dylan Rockoff,43,Unknown,40.0
4404,Dylan Sitts,48,Unknown,40.0
4405,Dymytry,39,Unknown,76.0
4406,Dynamite MC,36,Unknown,46.0
4407,Dynazty,63,Unknown,71.0
4408,Dynoro,79,Unknown,49.0
4409,Dyro,55,Unknown,58.0
4410,Dzeko & Torres,60,Unknown,58.0
4411,Dzem,34,Unknown,2.0
4412,Dzp,35,Unknown,61.0
4413,Débora Gonçalves,19,Unknown,9.0
4414,Dënver,37,Unknown,51.0
4415,Dödsrit,17,Unknown,64.0
4416,Dört X Dört,41,Unknown,116.0
4417,Dødheimsgard,17,Unknown,64.0
4418,Dúo Ayacucho,31,Unknown,20.0
4419,Dúo Hnos. Gaitán Castro,33,Unknown,20.0
4420,Dúo Karma,41,Unknown,106.0
4421,Dúo Romances,30,Unknown,20.0
4422,Dúo Wayra,26,Unknown,20.0
4423,Düş Sokağı Sakinleri,35,Unknown,103.0
4424,Düşbaz,41,Unknown,116.0
4425,D’MASIV,65,Unknown,107.0
4426,E-Dee,39,Unknown,86.0
4427,E-Force,50,Unknown,72.0
4428,E-Jun Lee,50,Unknown,108.0
4429,E-Mov,35,Unknown,61.0
4430,E-Rotic,26,Unknown,60.0
4431,E-Town Concrete,30,Unknown,72.0
4432,E-girls,25,Unknown,101.0
4433,EAV (Erste Allgemeine Verunsicherung),42,Unknown,97.0
4434,ED209,10,Unknown,38.0
4435,EDDIE,39,Unknown,41.0
4436,EDEN,67,Unknown,11.0
4437,EDGE,39,Unknown,96.0
4438,EDIS,72,Unknown,116.0
4439,EDX,51,Unknown,43.0
4440,EGOIST,56,Unknown,91.0
4441,EGOVERT,61,Unknown,36.0
4442,EJ De Perio,28,Unknown,24.0
4443,ELESDOIS,43,Unknown,28.0
4444,ELFENSJóN,21,Unknown,101.0
4445,ELIJAH MOON,51,Unknown,40.0
4446,ELIO,68,Unknown,11.0
4447,ELLEGARDEN,38,Unknown,66.0
4448,EMCI FLOW,26,Unknown,86.0
4449,EMMA WAHLIN,55,Unknown,100.0
4450,EMPiRE,52,Unknown,91.0
4451,ENHYPEN,78,Unknown,91.0
4452,ENNIO,38,Unknown,97.0
4453,ENØS,40,Unknown,60.0
4454,EPMD,61,Unknown,72.0
4455,ERA,62,Unknown,22.0
4456,ERRA,53,Unknown,77.0
4457,ERRE,58,Unknown,113.0
4458,ESA (Electronic Substance Abuse),21,Unknown,41.0
4459,ESSEL,57,Unknown,43.0
4460,EST Gee,5,Unknown,104.0
4461,EVERGLOW,68,Unknown,104.0
4462,EXE ROHIT,53,Unknown,98.0
4463,EXID,71,Unknown,104.0
4464,EXILE,43,Unknown,102.0
4465,EXNUN,17,Unknown,64.0
4466,EXO,74,Unknown,104.0
4467,EZI,65,Unknown,50.0
4468,Eagles,84,Unknown,18.0
4469,Eagles Of Death Metal,61,Unknown,2.0
4470,Earl Klugh,47,Unknown,20.0
4471,Earl Scruggs,23,Unknown,17.0
4472,Earshot,60,Unknown,
4473,Earth Groans,31,Unknown,72.0
4474,Earth n Days,0,Unknown,43.0
4475,"Earth, Wind & Fire",83,Unknown,45.0
4476,EarthLife,45,Unknown,60.0
4477,Eartha Kitt,0,Unknown,5.0
4478,Eartheater,50,Unknown,41.0
4479,Earthists.,19,Unknown,77.0
4480,Earthspace,38,Unknown,61.0
4481,Eashwar Subramanian,18,Unknown,37.0
4482,Eason Chan,67,Unknown,94.0
4483,Easter Brothers,35,Unknown,17.0
4484,Eastmountainsouth,52,Unknown,24.0
4485,Easton Corbin,0,Unknown,18.0
4486,Easy Sleep Music,33,Unknown,35.0
4487,Easy Star All-Stars,25,Unknown,47.0
4488,Eats Everything,54,Unknown,43.0
4489,Eazy-E,69,Unknown,3.0
4490,Eben,41,Unknown,90.0
4491,Ebo Taylor,49,Unknown,90.0
4492,Ebony,45,Unknown,86.0
4493,Ebru Yaşar,37,Unknown,116.0
4494,Echo & the Bunnymen,0,Unknown,80.0
4495,Echosmith,77,Unknown,11.0
4496,Ecko,42,Unknown,106.0
4497,Ecstatic,21,Unknown,53.0
4498,Ed Chinaski,60,Unknown,23.0
4499,Ed Gein,12,Unknown,68.0
4500,Ed Maverick,0,Unknown,74.0
4501,Ed Motta,37,Unknown,111.0
4502,Ed Rush,22,Unknown,46.0
4503,Ed Sheeran,88,UK,16.0
4504,Ed Solo,22,Unknown,38.0
4505,Eda Baba,40,Unknown,116.0
4506,Edan 呂爵安,56,Unknown,94.0
4507,"Eddie ""Flashin"" Fowlkes",5,Unknown,44.0
4508,Eddie & The Hot Rods,23,Unknown,78.0
4509,Eddie Bond,23,Unknown,84.0
4510,Eddie Cochran,58,Unknown,82.0
4511,Eddie Della Siepe,24,Unknown,27.0
4512,Eddie Fowlkes,12,Unknown,44.0
4513,Eddie Kendricks,33,Unknown,45.0
4514,Eddie Meduza,43,Unknown,114.0
4515,Eddie Money,70,Unknown,71.0
4516,Eddie Neblett,22,Unknown,90.0
4517,Eddie Ng,21,Unknown,94.0
4518,Eddie Noack,26,Unknown,4.0
4519,Eddie Palmieri,28,Unknown,110.0
4520,Eddie Rabbitt,44,Unknown,18.0
4521,Eddie Santiago,40,Unknown,110.0
4522,Eddie Vedder,68,Unknown,24.0
4523,Eddie van der Meer,37,Unknown,24.0
4524,Eddy Current Suppression Ring,27,Unknown,52.0
4525,Eddy Kim,56,Unknown,32.0
4526,Eddy Mitchell,32,Unknown,96.0
4527,Eddy Tyler,43,Unknown,24.0
4528,Eddy de Pretto,33,Unknown,96.0
4529,Edem Evangelist,16,Unknown,90.0
4530,Eden Elf,53,Unknown,24.0
4531,Eden Prince,55,Unknown,43.0
4532,Edgar De Vries,48,Unknown,23.0
4533,Edgar Joel,32,Unknown,110.0
4534,Edgardo Donato,18,Unknown,115.0
4535,Edi Rock,46,Unknown,92.0
4536,Edin,40,Unknown,97.0
4537,Edmond Leung,52,Unknown,94.0
4538,Edmundo Rivero,31,Unknown,115.0
4539,Ednaldo Mendes,39,Unknown,28.0
4540,Ednardo,48,Unknown,109.0
4541,Edo Saiya,42,Unknown,97.0
4542,Edrie,37,Unknown,53.0
4543,Edson & Hudson,52,Unknown,
4544,Edson Gomes,45,Unknown,92.0
4545,Edson Lima e Gatinha Manhosa,44,Unknown,95.0
4546,Edu Imbernon,44,Unknown,113.0
4547,Edu Ribeiro,46,Unknown,92.0
4548,Eduardo Araujo,34,Unknown,103.0
4549,Eduardo Costa,52,Unknown,112.0
4550,Eduardo Falú,29,Unknown,20.0
4551,Eduardo Tejedo,35,Unknown,2.0
4552,Edurne,0,Unknown,113.0
4553,Edvard Grieg,40,Unknown,21.0
4554,Edward Elgar,35,Unknown,93.0
4555,Edward Maya,65,Unknown,54.0
4556,Edward Sharpe & The Magnetic Zeros,73,Unknown,19.0
4557,Edwin Luna y La Trakalosa de Monterrey,52,Unknown,6.0
4558,Edwin Montoya,35,Unknown,20.0
4559,Edwin Siu,21,Unknown,94.0
4560,Edy Britto & Samuel,48,Unknown,112.0
4561,Edy Hafler,51,Unknown,24.0
4562,Edy e Nathan,44,Unknown,95.0
4563,Edyr Vaqueiro,39,Unknown,95.0
4564,Eek-A-Mouse,59,Unknown,47.0
4565,Eelke Kleijn,51,Unknown,58.0
4566,Eels,0,Unknown,63.0
4567,Efek Rumah Kaca,46,Unknown,63.0
4568,Efemero,51,Unknown,116.0
4569,Egbert,43,Unknown,56.0
4570,EggPlantEgg,66,Unknown,108.0
4571,Egypt Central,60,Unknown,70.0
4572,Eichem,33,Unknown,86.0
4573,Eikichi Yazawa,43,Unknown,103.0
4574,Einherjer,18,Unknown,64.0
4575,Einingu,60,Unknown,35.0
4576,Einmusik,54,Unknown,56.0
4577,Eir Aoi,59,Unknown,91.0
4578,Eirik Espolin Johnson,39,Unknown,9.0
4579,Eiro Nareth,27,Unknown,20.0
4580,Eisregen,29,Unknown,64.0
4581,Ejsu Multimedia,38,Unknown,91.0
4582,Ekalavyan,21,Unknown,107.0
4583,Ekali,50,Unknown,47.0
4584,Ekin Cheng,52,Unknown,94.0
4585,Eklo,52,Unknown,43.0
4586,Ekwon,0,Unknown,99.0
4587,El Alfa,82,Unknown,106.0
4588,El BAI,43,Unknown,106.0
4589,El Barrio,60,Unknown,113.0
4590,El Bebeto,43,Unknown,6.0
4591,El Bordo,42,Unknown,80.0
4592,El Bruto,25,Unknown,10.0
4593,El Cachivache Quinteto,23,Unknown,115.0
4594,El Canto Del Loco,64,Unknown,105.0
4595,El Chapo De Sinaloa,41,Unknown,6.0
4596,El Chojin,28,Unknown,113.0
4597,El Chombo,56,Unknown,88.0
4598,El Coyote Y Su Banda Tierra Santa,53,Unknown,6.0
4599,El Cruce,35,Unknown,2.0
4600,El Cuarteto De Nos,46,Unknown,63.0
4601,El Cuervo de Poe,31,Unknown,29.0
4602,El Futuro Fuera De Orbita,39,Unknown,106.0
4603,El Gran Combo De Puerto Rico,65,Unknown,110.0
4604,El Hijo De La Cumbia,26,Unknown,90.0
4605,El Kuelgue,48,Unknown,87.0
4606,El Michels Affair,55,Unknown,90.0
4607,El Mimoso Luis Antonio López,48,Unknown,6.0
4608,El Noi del Sucre,25,Unknown,113.0
4609,El Otro Yo,38,Unknown,80.0
4610,El Perro Chocolo,41,Unknown,106.0
4611,El Perro del Mar,27,Unknown,67.0
4612,El Profesor,39,Unknown,54.0
4613,El Rego,17,Unknown,90.0
4614,El Ruido Blanco,27,Unknown,117.0
4615,El Shaaki,35,Unknown,86.0
4616,El Shirota,29,Unknown,52.0
4617,El Soldado,42,Unknown,76.0
4618,El Tigr3,47,Unknown,41.0
4619,El Tita Salsa Urbana,34,Unknown,110.0
4620,El Último De La Fila,59,Unknown,113.0
4621,Eladia Blazquez,24,Unknown,115.0
4622,Elaine,50,Unknown,25.0
4623,Elaine Martins,46,Unknown,92.0
4624,Elaine Paige,52,Unknown,29.0
4625,Elaine de Jesus,44,Unknown,92.0
4626,Elay Lazutkin,19,Unknown,56.0
4627,Elba Ramalho,43,Unknown,109.0
4628,Eldamar,19,Unknown,64.0
4629,Elderbrook,68,Unknown,54.0
4630,Eldkvarn,39,Unknown,114.0
4631,Eldon,59,Unknown,40.0
4632,Elea,34,Unknown,37.0
4633,Electrelane,5,Unknown,93.0
4634,Electric Callboy,67,Unknown,77.0
4635,Electric Company,9,Unknown,55.0
4636,Electric Dreams,36,Unknown,35.0
4637,Electric Slide DJ's,17,Unknown,
4638,Electric Slide Dance Party DJ's,8,Unknown,
4639,Electric Slide Music Makers,34,Unknown,
4640,Electric Slide Party,13,Unknown,
4641,Electric Universe,49,Unknown,61.0
4642,Electric Youth,59,Unknown,59.0
4643,Electroforez,53,Unknown,59.0
4644,Electroqute,6,Unknown,99.0
4645,Elektroduendes,28,Unknown,113.0
4646,Elektronomia,61,Unknown,49.0
4647,Element Eighty,57,Unknown,
4648,Element Of Crime,37,Unknown,97.0
4649,Elemental Raggamuffin,26,Unknown,86.0
4650,Elen,37,Unknown,97.0
4651,Elena Kamburova,32,Unknown,30.0
4652,Elenco Junior Express,41,Unknown,106.0
4653,Elenco Original Do Filme Ana e Vitória,42,Unknown,109.0
4654,Elengi,40,Unknown,34.0
4655,Eleonora Feldt,65,Unknown,35.0
4656,Elephant Kashimashi,32,Unknown,103.0
4657,Elephant Man,26,Unknown,86.0
4658,Elephant Revival,25,Unknown,17.0
4659,Elfrieda,54,Unknown,23.0
4660,Eli & Fur,59,Unknown,58.0
4661,Eli Soares,49,Unknown,92.0
4662,Eli Stewart,45,Unknown,34.0
4663,Eli Young Band,1,Unknown,18.0
4664,Eliana Ribeiro,45,Unknown,92.0
4665,Eliana de Lima,38,Unknown,111.0
4666,Eliane Elias,32,Unknown,23.0
4667,Eliane Silva,39,Unknown,28.0
4668,Elias Braun,56,Unknown,23.0
4669,Elias Diaz,42,Unknown,88.0
4670,Elias Hurtig,35,Unknown,114.0
4671,Elias Silva,40,Unknown,28.0
4672,Elijah Gonzales,55,Unknown,40.0
4673,Elijah Who,64,Unknown,40.0
4674,Elikem Kofi,17,Unknown,90.0
4675,Eliminate,48,Unknown,47.0
4676,Elio Roca,35,Unknown,82.0
4677,Elis Regina,44,Unknown,92.0
4678,Elise Lindahl,50,Unknown,23.0
4679,Elise Ryen,60,Unknown,35.0
4680,Elite Force,11,Unknown,38.0
4681,Elizabeth Mitchell,56,Unknown,26.0
4682,Elizabeth Raju,38,Unknown,107.0
4683,Elizeu Alves,47,Unknown,92.0
4684,Eliã Oliveira,41,Unknown,28.0
4685,Ella Baila Sola,28,Unknown,113.0
4686,Ella Chen,38,Unknown,108.0
4687,Ella Es Tan Cargosa,51,Unknown,63.0
4688,Ella Fitzgerald,67,Unknown,2.0
4689,Ella Henderson,1,Unknown,54.0
4690,Ella Koon,41,Unknown,94.0
4691,Elle King,75,Unknown,2.0
4692,Ellen Allien,17,Unknown,56.0
4693,Ellen Bergelin,38,Unknown,114.0
4694,Ellen Oléria,42,Unknown,109.0
4695,Elley Duhé,90,Unknown,16.0
4696,Elli Noise,34,Unknown,66.0
4697,Ellie Goulding,79,Unknown,42.0
4698,Ellie-May Robertson,60,Unknown,23.0
4699,Elliott Jacqués,63,Unknown,21.0
4700,Elliott Smith,65,Unknown,11.0
4701,Elliott Trent,58,Unknown,40.0
4702,Ellise,68,Unknown,50.0
4703,Ello,38,Unknown,102.0
4704,Elmer Loyd,64,Unknown,35.0
4705,Elohim,49,Unknown,7.0
4706,Elov & Beny,44,Unknown,114.0
4707,Else,64,Unknown,96.0
4708,Elsiane,45,Unknown,62.0
4709,Elskavon,51,Unknown,37.0
4710,Elteep,34,Unknown,66.0
4711,Elton Baptiste,52,Unknown,40.0
4712,Elton John,89,Unknown,23.0
4713,Eluveitie,55,Unknown,65.0
4714,Elva Hsiao,22,Unknown,108.0
4715,Elvin Bishop,57,Unknown,2.0
4716,Elvis Costello,70,Unknown,78.0
4717,Elvis Costello & The Attractions,62,Unknown,78.0
4718,Elvis Depressedly,52,Unknown,52.0
4719,Elvis Presley,80,Unknown,82.0
4720,Ely Waves,52,Unknown,40.0
4721,Elyas & Taha,42,Unknown,116.0
4722,Elysion,52,Unknown,67.0
4723,Elza Soares,47,Unknown,109.0
4724,Em Beihold,78,Unknown,32.0
4725,Eman Lam,34,Unknown,94.0
4726,Emancipator,54,Unknown,62.0
4727,Emanuel Fremont,70,Unknown,23.0
4728,Emanuel Nord,48,Unknown,20.0
4729,Embody,50,Unknown,43.0
4730,Emel Sayın,41,Unknown,116.0
4731,Emeli Sandé,68,Unknown,7.0
4732,Emerson Dias,37,Unknown,111.0
4733,Emery,30,Unknown,72.0
4734,Emigrate,55,Unknown,
4735,Emil Gustafsson,35,Unknown,114.0
4736,Emil Jensen,35,Unknown,89.0
4737,Emile Pandolfi,56,Unknown,22.0
4738,Emilia Branco,59,Unknown,23.0
4739,Emilian Kaminski,20,Unknown,9.0
4740,Emilie Mover,41,Unknown,24.0
4741,Emilio,37,Unknown,97.0
4742,Emily Hackett,53,Unknown,18.0
4743,Emily Loizeau,32,Unknown,96.0
4744,Emily Nash,57,Unknown,43.0
4745,Emily Roberts,40,Unknown,97.0
4746,Emily Weisband,48,Unknown,32.0
4747,Emilíana Torrini,57,Unknown,62.0
4748,Eminem,88,USA,1.0
4749,Emir Can İğrek,51,Unknown,116.0
4750,Emitt Rhodes,49,Unknown,79.0
4751,Emiway Bantai,65,Unknown,1.0
4752,Emma Hewitt,51,Unknown,61.0
4753,Emma Kirkby,0,Unknown,29.0
4754,Emma Shapplin,21,Unknown,29.0
4755,Emma Stevens,34,Unknown,93.0
4756,Emma Thompson,53,Unknown,31.0
4757,Emma Watson,64,Unknown,9.0
4758,Emmanuel,0,Unknown,105.0
4759,Emmanuel Horvilleur,45,Unknown,63.0
4760,Emmerich Kálmán,21,Unknown,29.0
4761,Emmerson Nogueira,41,Unknown,109.0
4762,Emmit Fenn,68,Unknown,7.0
4763,Emmure,56,Unknown,65.0
4764,Emmylou Harris,0,Unknown,18.0
4765,Emperor,46,Unknown,64.0
4766,Emphasis,19,Unknown,53.0
4767,Empire of the Sun,79,Unknown,63.0
4768,Empyre One,56,Unknown,57.0
4769,Empyrium,22,Unknown,64.0
4770,Emrah Karaduman,52,Unknown,43.0
4771,Emre Altug,38,Unknown,116.0
4772,Emre Fel,49,Unknown,32.0
4773,Emre Kaya,42,Unknown,116.0
4774,Emre Nalbantoğlu,39,Unknown,116.0
4775,Emrod,56,Unknown,96.0
4776,Emrose Percussion,48,Unknown,98.0
4777,Emílio & Eduardo,48,Unknown,112.0
4778,Emílio Santiago,44,Unknown,109.0
4779,En Svensk Tiger,41,Unknown,81.0
4780,En Vogue,0,Unknown,7.0
4781,Enamour,51,Unknown,58.0
4782,Encontro de Batuqueiros,47,Unknown,
4783,End It,31,Unknown,64.0
4784,End of the Dream,21,Unknown,67.0
4785,Endank Soekamti,43,Unknown,80.0
4786,Endecah,26,Unknown,113.0
4787,Endo,41,Unknown,106.0
4788,Endo y Lele,43,Unknown,106.0
4789,Endy Chow,52,Unknown,94.0
4790,Endymion,56,Unknown,10.0
4791,Enei,23,Unknown,46.0
4792,Eneko Artola,54,Unknown,96.0
4793,Enemy Soil,16,Unknown,68.0
4794,Energy,23,Unknown,108.0
4795,Energyzed,20,Unknown,53.0
4796,Engel,21,Unknown,67.0
4797,Engelwood,60,Unknown,40.0
4798,Engenheiros Do Hawaii,50,Unknown,92.0
4799,Engin Nursani,40,Unknown,116.0
4800,Enigma,66,Unknown,22.0
4801,Enjambre,49,Unknown,63.0
4802,Enjoy,25,Unknown,52.0
4803,Eno,71,Unknown,97.0
4804,Enosoul,27,Unknown,43.0
4805,Enrico Sangiuliano,60,Unknown,56.0
4806,Enrique Guzman,37,Unknown,82.0
4807,Enrique Guzmán & Teen Tops,38,Unknown,82.0
4808,Enrique Iglesias,70,Unknown,105.0
4809,Enrique Rodríguez,27,Unknown,115.0
4810,Enrique Urquijo y Los problemas,61,Unknown,113.0
4811,Ensidya,51,Unknown,34.0
4812,Ensiferum,25,Unknown,65.0
4813,Enslaved,46,Unknown,64.0
4814,Enter Shikari,53,Unknown,77.0
4815,Entheogenic,36,Unknown,37.0
4816,Entombed,46,Unknown,64.0
4817,Enur,65,Unknown,87.0
4818,Envine,56,Unknown,53.0
4819,Enygma Rapper,46,Unknown,6.0
4820,Eoin O' Broin,16,Unknown,46.0
4821,Ephoric,30,Unknown,53.0
4822,Epica,54,Unknown,67.0
4823,Epr Iyer,50,Unknown,98.0
4824,Eptic,47,Unknown,47.0
4825,Equilibrium,57,Unknown,65.0
4826,Eraserhead,20,Unknown,10.0
4827,Erasmo Carlos,40,Unknown,102.0
4828,Erasure,27,Unknown,59.0
4829,Erato,54,Unknown,24.0
4830,Eredaze,49,Unknown,36.0
4831,Eric Ardouin,63,Unknown,35.0
4832,Eric B. & Rakim,61,Unknown,72.0
4833,Eric Badanti,49,Unknown,23.0
4834,Eric Burdon,0,Unknown,2.0
4835,Eric Carmen,74,Unknown,45.0
4836,Eric Chou,67,Unknown,108.0
4837,Eric Church,0,Unknown,18.0
4838,Eric Clapton,76,Unknown,2.0
4839,Eric Cloutier,8,Unknown,44.0
4840,Eric Ethridge,61,Unknown,18.0
4841,Eric Hutchinson,58,Unknown,24.0
4842,Eric Johnson,59,Unknown,17.0
4843,Eric Land,61,Unknown,95.0
4844,Eric Lumiere,27,Unknown,24.0
4845,Eric Prydz,74,Unknown,45.0
4846,Eric Reprid,61,Unknown,36.0
4847,Eric Sebastian,56,Unknown,23.0
4848,Eric Suen,18,Unknown,94.0
4849,Eric Tingstad,21,Unknown,22.0
4850,Eric William Morris,28,Unknown,31.0
4851,Erick Roza,42,Unknown,19.0
4852,Erik Nieder,61,Unknown,37.0
4853,Erik Reno,49,Unknown,37.0
4854,Erik Satie,70,Unknown,21.0
4855,Erika Jonsson,40,Unknown,114.0
4856,Erikka Innes,26,Unknown,27.0
4857,Erin McCarley,40,Unknown,24.0
4858,Erkut Taçkın,30,Unknown,79.0
4859,Erland Cooper,58,Unknown,37.0
4860,Ernest Ranglin,19,Unknown,90.0
4861,Ernest Tubb,55,Unknown,4.0
4862,Ernesto Cortazar,51,Unknown,22.0
4863,Ernst Daniël Smid,23,Unknown,9.0
4864,Erol Evgin,38,Unknown,116.0
4865,Erpeche,59,Unknown,113.0
4866,Erroll Garner,0,Unknown,23.0
4867,Ersay Üner,40,Unknown,116.0
4868,Ersen ve Dadaşlar,32,Unknown,79.0
4869,Eruca Sativa,45,Unknown,19.0
4870,Eruption,62,Unknown,45.0
4871,Escala Mercalli,39,Unknown,86.0
4872,Escape The Day,26,Unknown,77.0
4873,Escape the Fate,65,Unknown,76.0
4874,Escort,29,Unknown,45.0
4875,Eshconinco,39,Unknown,86.0
4876,Eshtadur,25,Unknown,64.0
4877,Eskitilmiş Yaz,40,Unknown,116.0
4878,Esko Rahkonen,24,Unknown,115.0
4879,Eskobar,36,Unknown,114.0
4880,Eskorbuto,26,Unknown,113.0
4881,Esme Kaislakari,26,Unknown,9.0
4882,Espécimen,33,Unknown,72.0
4883,Estas Tonne,48,Unknown,20.0
4884,Esteban Morgado,20,Unknown,115.0
4885,Esteban Tavares,44,Unknown,92.0
4886,Estela Nuñez,45,Unknown,6.0
4887,Estelares,46,Unknown,63.0
4888,Estelle,78,Unknown,7.0
4889,Esteman,0,Unknown,63.0
4890,Esterly,55,Unknown,2.0
4891,Esther Dutch,59,Unknown,23.0
4892,Esther Marcos,46,Unknown,92.0
4893,Esthero,23,Unknown,62.0
4894,Estiva,38,Unknown,58.0
4895,Estopa,66,Unknown,113.0
4896,Estudio Hermoso,21,Unknown,117.0
4897,Eterna Inocencia,37,Unknown,72.0
4898,Eternal Griefs,0,Unknown,99.0
4899,Eternal Helcaraxe,17,Unknown,64.0
4900,Eternate,41,Unknown,53.0
4901,Ethan Beckett,65,Unknown,35.0
4902,Ethan Dufault,54,Unknown,40.0
4903,Ethan Loukas,39,Unknown,24.0
4904,Ethan Ross,50,Unknown,66.0
4905,Ethanol Blend,31,Unknown,52.0
4906,Etherwood,49,Unknown,46.0
4907,Etta James,75,Unknown,2.0
4908,Etta Jones,0,Unknown,5.0
4909,Eu Nice,60,Unknown,23.0
4910,Eudóxia De Barros,27,Unknown,23.0
4911,Euforquestra,19,Unknown,90.0
4912,Eugene Goh,39,Unknown,23.0
4913,Eugene Mirman,25,Unknown,27.0
4914,Eugy,56,Unknown,86.0
4915,Eulogy,34,Unknown,65.0
4916,Euloria,65,Unknown,35.0
4917,Euphony,24,Unknown,10.0
4918,Euromasters,22,Unknown,10.0
4919,Europe,78,Unknown,71.0
4920,Eurythmics,82,Unknown,83.0
4921,Euskefeurat,42,Unknown,19.0
4922,Eva Dahlgren,37,Unknown,102.0
4923,Eva Eastwood,30,Unknown,84.0
4924,Eva Eastwood & The Major Keys,33,Unknown,84.0
4925,Evan Call,53,Unknown,91.0
4926,Evan Yo,56,Unknown,108.0
4927,Evanescence,82,Unknown,25.0
4928,Eve,75,Unknown,91.0
4929,Eve 6,69,Unknown,70.0
4930,Eve Ai,52,Unknown,108.0
4931,Even As We Speak,22,Unknown,41.0
4932,Even Massi,59,Unknown,35.0
4933,Even Stormoen,28,Unknown,9.0
4934,Ever So Blue,65,Unknown,23.0
4935,Everclear,71,Unknown,63.0
4936,Every Avenue,64,Unknown,66.0
4937,Every Time I Die,27,Unknown,77.0
4938,Everybody Loves an Outlaw,77,Unknown,2.0
4939,Everything But The Girl,65,Unknown,51.0
4940,Evgeny Grinko,64,Unknown,116.0
4941,Evil Activities,57,Unknown,10.0
4942,Evil Darkness,34,Unknown,65.0
4943,Evil Nine,42,Unknown,38.0
4944,Evrencan Gündüz,37,Unknown,103.0
4945,Ewa Konstancja Bułhak,31,Unknown,9.0
4946,Ewa Prus,23,Unknown,9.0
4947,Ewan J Phillips,49,Unknown,93.0
4948,Ewan McVicar,67,Unknown,60.0
4949,Ewert,32,Unknown,34.0
4950,Ex Hex,25,Unknown,78.0
4951,Ex-Cult,26,Unknown,52.0
4952,Ex-Voto,23,Unknown,67.0
4953,Exaltasamba,56,Unknown,
4954,Excision,58,Unknown,47.0
4955,Exciter,21,Unknown,64.0
4956,Exhorder,0,Unknown,65.0
4957,Exhumed,18,Unknown,68.0
4958,Exodus,57,Unknown,65.0
4959,Exproz,25,Unknown,53.0
4960,Expulsados,36,Unknown,81.0
4961,Expurgo,11,Unknown,68.0
4962,Extazy,33,Unknown,45.0
4963,Extra Terra,42,Unknown,41.0
4964,Extrawelt,46,Unknown,56.0
4965,Extreme,67,Unknown,3.0
4966,Extreme Music,58,Unknown,2.0
4967,Extreme Noise Terror,17,Unknown,68.0
4968,Eyci and Cody,39,Unknown,88.0
4969,Eydís Evensen,49,Unknown,37.0
4970,Eyes Wide Open,26,Unknown,77.0
4971,Eyla Calmes,62,Unknown,35.0
4972,Eyshila,49,Unknown,92.0
4973,Eza,39,Unknown,116.0
4974,Ezequiel Colón,38,Unknown,110.0
4975,Ezginin Günlügü,45,Unknown,19.0
4976,Ezhel,69,Unknown,116.0
4977,Ezio Oliva,28,Unknown,110.0
4978,Ezitsuj,26,Unknown,53.0
4979,F.B. Piano Anime,34,Unknown,23.0
4980,F.G. Noise,29,Unknown,61.0
4981,F.I.R.,58,Unknown,108.0
4982,F.O.O.L,56,Unknown,41.0
4983,F.R. David,73,Unknown,45.0
4984,F.Y.P,21,Unknown,78.0
4985,F4,53,Unknown,108.0
4986,FACE,58,Unknown,66.0
4987,FAKY,29,Unknown,100.0
4988,FASCINATING AIDA,26,Unknown,93.0
4989,FBC,46,Unknown,92.0
4990,FCL,28,Unknown,43.0
4991,FDVM,46,Unknown,43.0
4992,FEEST DJ MAARTEN,37,Unknown,53.0
4993,FERNANDOCOSTA,62,Unknown,113.0
4994,FES☆TIVE,18,Unknown,101.0
4995,FEVER 333,56,Unknown,77.0
4996,FFRAGEZEICHEN,38,Unknown,97.0
4997,FGFC820,25,Unknown,
4998,FIL BO RIVA,1,Unknown,97.0
4999,FINNEAS,67,Unknown,50.0
5000,FISHER,75,Unknown,54.0
5001,FIT Siegel,10,Unknown,44.0
5002,FKA twigs,63,Unknown,25.0
5003,FKJ,65,Unknown,7.0
5004,FLATBACKER,19,Unknown,73.0
5005,FLETCHER,71,Unknown,50.0
5006,FLG,33,Unknown,69.0
5007,FLOW,67,Unknown,91.0
5008,FM O Dia,45,Unknown,
5009,FM Static,65,Unknown,80.0
5010,FM-84,56,Unknown,59.0
5011,FMK,72,Unknown,106.0
5012,FOVOS,44,Unknown,41.0
5013,FPI Project,28,Unknown,60.0
5014,FREAKY,45,Unknown,47.0
5015,FRENSHIP,67,Unknown,50.0
5016,FRO,40,Unknown,116.0
5017,FUNKIST,58,Unknown,102.0
5018,Faber,45,Unknown,97.0
5019,Fabian Mazur,59,Unknown,51.0
5020,Fabiana Anastácio,44,Unknown,92.0
5021,Fabiana Cozza,35,Unknown,111.0
5022,Fabiana Sinfrônio,47,Unknown,92.0
5023,Fabio Brazza,50,Unknown,92.0
5024,Fabio Fusco,0,Unknown,61.0
5025,Fabrice Lig,6,Unknown,44.0
5026,Fabrizio De André,0,Unknown,19.0
5027,Fabrizio Paterlini,65,Unknown,37.0
5028,Fabvl,57,Unknown,91.0
5029,Facada,18,Unknown,68.0
5030,Face To Face,30,Unknown,72.0
5031,Faces,71,Unknown,79.0
5032,Factory,39,Unknown,114.0
5033,Facundo Toro,43,Unknown,19.0
5034,Facção Central,42,Unknown,6.0
5035,Fadagad,21,Unknown,100.0
5036,Faderhead,51,Unknown,
5037,Fagner,52,Unknown,109.0
5038,Failure,54,Unknown,70.0
5039,Faime,63,Unknown,40.0
5040,Faintest Idea,26,Unknown,47.0
5041,Fair Play,32,Unknown,45.0
5042,Fairlane,47,Unknown,47.0
5043,Fairmont,35,Unknown,56.0
5044,Fairport Convention,52,Unknown,79.0
5045,Faith And The Muse,22,Unknown,67.0
5046,Faith Evans,0,Unknown,7.0
5047,Faith Hill,67,Unknown,18.0
5048,Faith No More,67,Unknown,63.0
5049,Faith Prince,30,Unknown,31.0
5050,Faithless,62,Unknown,51.0
5051,Faizar,24,Unknown,53.0
5052,Fake Number,32,Unknown,72.0
5053,Fake Tides,25,Unknown,52.0
5054,Fala Comigo,48,Unknown,
5055,Falamansa,47,Unknown,
5056,Falconshield,48,Unknown,78.0
5057,Falguni Pathak,66,Unknown,15.0
5058,Fall Out Boy,80,Unknown,66.0
5059,Falling In Reverse,75,Unknown,76.0
5060,Fallujah,46,Unknown,64.0
5061,Falz,56,Unknown,86.0
5062,Fan Sounds,54,Unknown,35.0
5063,Fan Yi Chen,55,Unknown,108.0
5064,FanEOne,56,Unknown,54.0
5065,Fanatic,32,Unknown,45.0
5066,Fancy Nancy - Cast,52,Unknown,26.0
5067,Fandubs Jose,52,Unknown,91.0
5068,Fangoria,56,Unknown,113.0
5069,Fania All Stars,34,Unknown,110.0
5070,Fanon Flowers,6,Unknown,44.0
5071,Fans & White Noise,35,Unknown,35.0
5072,Fantastic Negrito,55,Unknown,2.0
5073,FantasticYouth,62,Unknown,91.0
5074,Fantasy,37,Unknown,45.0
5075,Far East Movement,74,Unknown,49.0
5076,Far Out,51,Unknown,47.0
5077,Far Too Loud,33,Unknown,38.0
5078,Farasat Anees,66,Unknown,50.0
5079,Fard,37,Unknown,97.0
5080,Fareoh,53,Unknown,49.0
5081,Farhan Akhtar,64,Unknown,15.0
5082,Farid Bang,45,Unknown,97.0
5083,Faridkot,70,Unknown,19.0
5084,Farin Urlaub,36,Unknown,80.0
5085,Farina,0,Unknown,106.0
5086,"Farley ""Jackmaster"" Funk",18,Unknown,39.0
5087,Faron Young,55,Unknown,4.0
5088,Farruko,86,Unknown,105.0
5089,Farzad Golpayegani,6,Unknown,99.0
5090,Fasero,31,Unknown,113.0
5091,Fasetya,56,Unknown,36.0
5092,Fast Eddie,33,Unknown,39.0
5093,Faster,32,Unknown,45.0
5094,Faster Pussycat,55,Unknown,71.0
5095,Fat Joe,74,Unknown,72.0
5096,Fatboibari,71,Unknown,40.0
5097,Fatboy,24,Unknown,84.0
5098,Fathomsong,28,Unknown,20.0
5099,Fats Domino,61,Unknown,2.0
5100,Fattaru,35,Unknown,114.0
5101,Fatum,49,Unknown,61.0
5102,Fauve,35,Unknown,96.0
5103,Faye Wong,56,Unknown,94.0
5104,Fazilpuria,56,Unknown,1.0
5105,Fazıl Say,35,Unknown,23.0
5106,Fear Factory,59,Unknown,69.0
5107,Fear Of Domination,22,Unknown,65.0
5108,"Fear, and Loathing in Las Vegas",62,Unknown,71.0
5109,Feastem,13,Unknown,68.0
5110,Febem,44,Unknown,92.0
5111,Fedde Le Grand,68,Unknown,45.0
5112,Feder,60,Unknown,96.0
5113,Federico Albanese,53,Unknown,37.0
5114,Federico Aubele,48,Unknown,62.0
5115,Fee,34,Unknown,117.0
5116,Fei Yu-ching,54,Unknown,108.0
5117,Feid,87,Unknown,105.0
5118,Feindflug,37,Unknown,
5119,Feine Sahne Fischfilet,40,Unknown,97.0
5120,Feint,58,Unknown,40.0
5121,Fejká,48,Unknown,37.0
5122,Fejo,40,Unknown,107.0
5123,FelMax,38,Unknown,47.0
5124,Fela Kuti,48,Unknown,90.0
5125,Felicia Barton,53,Unknown,26.0
5126,Felicia Michaels,22,Unknown,27.0
5127,Felipe Araújo,49,Unknown,112.0
5128,Felipe Moreno,20,Unknown,20.0
5129,Felipe Vilela,35,Unknown,69.0
5130,Felipe e Falcão,44,Unknown,112.0
5131,Felix Cartal,61,Unknown,51.0
5132,Felix Da Housecat,45,Unknown,39.0
5133,Felix Hertzog,59,Unknown,35.0
5134,Felix Jaehn,77,Unknown,49.0
5135,Felix Langgard,59,Unknown,35.0
5136,Felix Manuel,30,Unknown,110.0
5137,Felix Mendelssohn,0,Unknown,21.0
5138,Felix Rösch,51,Unknown,37.0
5139,Felix Trapp,47,Unknown,20.0
5140,Felix Werner,59,Unknown,35.0
5141,Felix Za,44,Unknown,116.0
5142,Fella,55,Unknown,51.0
5143,Felon,60,Unknown,43.0
5144,Felp 22,49,Unknown,92.0
5145,Felícia Rock,40,Unknown,6.0
5146,Femi Kuti,21,Unknown,90.0
5147,Feminine Hi Fi,25,Unknown,47.0
5148,Feng Ze,27,Unknown,108.0
5149,Fenne Lily,52,Unknown,93.0
5150,Feodor Chaliapin,5,Unknown,30.0
5151,Feora,48,Unknown,91.0
5152,Ferdi Tayfur,42,Unknown,116.0
5153,Ferdi Özbeğen,38,Unknown,116.0
5154,Ferhat Göçer,42,Unknown,116.0
5155,Ferhat Tunç,42,Unknown,19.0
5156,Feride Hilal Akın,53,Unknown,116.0
5157,Ferjo De Gery,45,Unknown,69.0
5158,Fern.,61,Unknown,40.0
5159,Fernanda Abreu,43,Unknown,109.0
5160,Fernanda Brum,53,Unknown,92.0
5161,Fernanda Brum E Eyshila,40,Unknown,28.0
5162,Fernanda Takai,41,Unknown,109.0
5163,Fernandinho,51,Unknown,92.0
5164,Fernando & Sorocaba,53,Unknown,112.0
5165,Fernando Corona,29,Unknown,55.0
5166,Fernando Delgadillo,46,Unknown,63.0
5167,Fernando Express,34,Unknown,45.0
5168,Ferocious,19,Unknown,10.0
5169,Ferreck Dawn,61,Unknown,43.0
5170,Ferris Ferris,47,Unknown,34.0
5171,Ferrugem,61,Unknown,
5172,Ferry Corsten,58,Unknown,58.0
5173,Fery,53,Unknown,91.0
5174,Fettah Can,37,Unknown,116.0
5175,Fetty Wap,74,Unknown,100.0
5176,Fever Ray,50,Unknown,59.0
5177,FiNCH,65,Unknown,57.0
5178,Fiction Factory,60,Unknown,59.0
5179,FictionJunction,58,Unknown,91.0
5180,Fidel Nadal,45,Unknown,63.0
5181,Fidel Rueda,51,Unknown,6.0
5182,Fiduma & Jeca,55,Unknown,112.0
5183,Fields Of The Nephilim,24,Unknown,67.0
5184,Fiersa Besari,42,Unknown,81.0
5185,Fifth Harmony,74,Unknown,42.0
5186,Fight The Fade,6,Unknown,77.0
5187,Fiji Blue,67,Unknown,40.0
5188,Fikri Karayel,38,Unknown,116.0
5189,Fila Brazillia,18,Unknown,62.0
5190,Filhos Do Homem,39,Unknown,28.0
5191,Filip Mota,34,Unknown,86.0
5192,Filip Nordin,51,Unknown,24.0
5193,Filipe Catto,38,Unknown,109.0
5194,Filipe Duarte,51,Unknown,
5195,Filipe Escandurras,43,Unknown,
5196,Filippa Giordano,31,Unknown,29.0
5197,Filter,66,Unknown,70.0
5198,Finde,42,Unknown,66.0
5199,Finding Hope,68,Unknown,40.0
5200,Fine Young Cannibals,74,Unknown,59.0
5201,Finger & Kadel,29,Unknown,57.0
5202,Finger Eleven,75,Unknown,70.0
5203,Finger Family,41,Unknown,26.0
5204,Fingers Inc.,15,Unknown,39.0
5205,Fini,62,Unknown,43.0
5206,Fink,62,Unknown,19.0
5207,Finlep,56,Unknown,40.0
5208,Finley Quaye,52,Unknown,93.0
5209,Finley Rhone,60,Unknown,23.0
5210,Finntroll,28,Unknown,65.0
5211,Fiona Apple,65,Unknown,23.0
5212,Fiona Joy Hawkins,34,Unknown,22.0
5213,Fiona Sit,47,Unknown,94.0
5214,Fire From The Gods,60,Unknown,77.0
5215,Fire-Toolz,21,Unknown,41.0
5216,Firebeatz,51,Unknown,58.0
5217,Fireboy DML,72,Unknown,86.0
5218,Firehouse,62,Unknown,71.0
5219,Firelite,23,Unknown,53.0
5220,Fires In The Dark,28,Unknown,34.0
5221,Fireside Collective,23,Unknown,17.0
5222,Firespawn,21,Unknown,65.0
5223,First Aid Kit,66,Unknown,114.0
5224,Fish Leong,62,Unknown,107.0
5225,Fisher,32,Unknown,45.0
5226,Fiskales Ad-Hok,40,Unknown,71.0
5227,Fit For A King,57,Unknown,77.0
5228,Fit For An Autopsy,53,Unknown,65.0
5229,Fito Paez,0,Unknown,63.0
5230,Fito y Fitipaldis,68,Unknown,113.0
5231,Fitz and The Tantrums,68,Unknown,63.0
5232,Five Finger Death Punch,72,Unknown,69.0
5233,Five For Fighting,70,Unknown,24.0
5234,Five Little Monkeys,40,Unknown,26.0
5235,Five Pointe O,21,Unknown,
5236,Five Star Hotel,16,Unknown,41.0
5237,Fivio Foreign,71,Unknown,6.0
5238,Flamin' Groovies,31,Unknown,52.0
5239,Flamingokvintetten,38,Unknown,114.0
5240,Flamman & Abraxas,34,Unknown,10.0
5241,Flanders & Swann,22,Unknown,27.0
5242,Flatland Cavalry,48,Unknown,18.0
5243,Flatsound,59,Unknown,66.0
5244,Flatt & Scruggs,34,Unknown,17.0
5245,Flatt Lonesome,23,Unknown,17.0
5246,Flavien Berger,44,Unknown,59.0
5247,Flavio Leandro,46,Unknown,95.0
5248,Flavio Venturini,45,Unknown,109.0
5249,Flavour,52,Unknown,86.0
5250,Flaw,57,Unknown,
5251,Fleet Francis,30,Unknown,34.0
5252,Fleetwood Mac,3,Unknown,83.0
5253,Flema,45,Unknown,76.0
5254,Flesh Field,20,Unknown,
5255,Flesh For Lulu,20,Unknown,67.0
5256,Flesh Parade,18,Unknown,68.0
5257,Fleshgod Apocalypse,44,Unknown,64.0
5258,Fleurie,58,Unknown,32.0
5259,Flex,49,Unknown,106.0
5260,Flickerstick,25,Unknown,70.0
5261,Flicts,32,Unknown,72.0
5262,Flight Facilities,61,Unknown,45.0
5263,Flight School,49,Unknown,51.0
5264,Flo Rida,1,Unknown,42.0
5265,Floating,59,Unknown,35.0
5266,Floatinurboat,39,Unknown,47.0
5267,Floe,29,Unknown,61.0
5268,Floetry,29,Unknown,93.0
5269,Flogging Molly,1,Unknown,80.0
5270,Floodlights,26,Unknown,52.0
5271,Flor de Loto,25,Unknown,117.0
5272,Flora Matos,54,Unknown,92.0
5273,Floreal Ruiz,21,Unknown,115.0
5274,Florence + The Machine,66,Unknown,25.0
5275,Florence Adame,57,Unknown,35.0
5276,Florentina,1,Unknown,97.0
5277,Florida Georgia Line,73,Unknown,18.0
5278,Florindo Sassone Y Su Orquesta,16,Unknown,115.0
5279,Flosstradamus,52,Unknown,51.0
5280,FlowBack,39,Unknown,100.0
5281,Flower,42,Unknown,101.0
5282,Flower Face,59,Unknown,37.0
5283,Flowidus,53,Unknown,46.0
5284,Flowing Tears,19,Unknown,67.0
5285,Floyd Cramer,49,Unknown,4.0
5286,Flug,16,Unknown,56.0
5287,Fluids,24,Unknown,65.0
5288,Fluke,46,Unknown,38.0
5289,Flunk,47,Unknown,62.0
5290,Fluoride,21,Unknown,68.0
5291,Flux Pavilion,56,Unknown,47.0
5292,Fluxion,18,Unknown,56.0
5293,Fly By Midnight,68,Unknown,50.0
5294,Flyboiz,41,Unknown,88.0
5295,Flying Fingers,57,Unknown,23.0
5296,Flying Lotus,59,Unknown,100.0
5297,Flyleaf,42,Unknown,76.0
5298,Flávio José,45,Unknown,95.0
5299,Flört,49,Unknown,63.0
5300,Foals,4,Unknown,74.0
5301,Foggy Mountain Rockers,26,Unknown,84.0
5302,Foghat,69,Unknown,2.0
5303,Foghorn,29,Unknown,72.0
5304,Foghorn Stringband,26,Unknown,17.0
5305,Foli Griô Orquestra,19,Unknown,90.0
5306,Fondo Flamenco,62,Unknown,113.0
5307,Fondo de la lectura,28,Unknown,117.0
5308,Fonzi M,45,Unknown,91.0
5309,Foo Fighters,84,Unknown,63.0
5310,FooR,24,Unknown,69.0
5311,Fools Garden,39,Unknown,97.0
5312,For My Pain...,22,Unknown,67.0
5313,For Revenge,51,Unknown,66.0
5314,For The Lost,58,Unknown,35.0
5315,For Today,26,Unknown,65.0
5316,Force Mass Motion,24,Unknown,38.0
5317,Forefather,18,Unknown,64.0
5318,Foreign Air,57,Unknown,63.0
5319,Foreign Fields,53,Unknown,37.0
5320,Foreigner,79,Unknown,71.0
5321,Forest,41,Unknown,88.0
5322,Forever Lost,27,Unknown,53.0
5323,Forever Tango,16,Unknown,115.0
5324,Forfun,46,Unknown,92.0
5325,Format:B,55,Unknown,43.0
5326,Forrest Nolan,61,Unknown,11.0
5327,Forrozão Sela Rasgada,41,Unknown,95.0
5328,Forrozão Tropykalia,51,Unknown,95.0
5329,Forró Anjo Azul,41,Unknown,95.0
5330,Forró Boys,41,Unknown,95.0
5331,Forró Ideal,44,Unknown,95.0
5332,Forró Perfeito,43,Unknown,95.0
5333,Forró Real,37,Unknown,95.0
5334,Forró Saborear,45,Unknown,95.0
5335,Forró da Brucelose & Gilson Neto,37,Unknown,95.0
5336,Forró dos Plays,44,Unknown,95.0
5337,Fort Atlantic,54,Unknown,19.0
5338,Fort Minor,67,Unknown,83.0
5339,Forze DJ Team,29,Unknown,10.0
5340,Fossils,46,Unknown,19.0
5341,Foster,69,Unknown,40.0
5342,Foster The People,84,Unknown,74.0
5343,Fountains Of Wayne,76,Unknown,63.0
5344,Four Tet,57,Unknown,51.0
5345,Four Tops,73,Unknown,45.0
5346,Four Year Strong,32,Unknown,66.0
5347,Fourward,54,Unknown,46.0
5348,Fous De La Mer,26,Unknown,37.0
5349,Fousheé,69,Unknown,74.0
5350,Fox Academy,52,Unknown,52.0
5351,Fox Lake,28,Unknown,72.0
5352,Foxblood,52,Unknown,72.0
5353,Foxygen,57,Unknown,52.0
5354,Foy Vance,56,Unknown,93.0
5355,Fozzy,62,Unknown,76.0
5356,Fr. John Samuel,23,Unknown,107.0
5357,Fracus,19,Unknown,10.0
5358,Frailty!,63,Unknown,36.0
5359,Fran,48,Unknown,109.0
5360,France Gall,32,Unknown,96.0
5361,Frances Forever,69,Unknown,11.0
5362,Francesco Cavalli,36,Unknown,29.0
5363,Francesco Nicola Fago,22,Unknown,29.0
5364,Francesco Zeta,29,Unknown,53.0
5365,Francine,32,Unknown,84.0
5366,Francis Cabrel,35,Unknown,96.0
5367,Francis Karel,64,Unknown,32.0
5368,Francisca Valenzuela,42,Unknown,51.0
5369,Francisco Canaro,21,Unknown,115.0
5370,Francisco Canaro Y Su Orquesta,20,Unknown,115.0
5371,Francisco Canaro Y Su Orquesta Tipica,21,Unknown,115.0
5372,Francisco Lomuto,22,Unknown,115.0
5373,Francisco Rotundo,20,Unknown,115.0
5374,"Francisco, el Hombre",43,Unknown,109.0
5375,Franco,34,Unknown,107.0
5376,"Franco ""El Gorilla""",0,Unknown,106.0
5377,Franco Chillemi,27,Unknown,9.0
5378,Franco Piccolini,34,Unknown,57.0
5379,Franco Wildlife,28,Unknown,86.0
5380,Franglish,56,Unknown,96.0
5381,Frank Aguiar,44,Unknown,95.0
5382,Frank Black,23,Unknown,78.0
5383,Frank Caliendo,23,Unknown,27.0
5384,Frank Churchill,23,Unknown,9.0
5385,Frank Neuenfels,31,Unknown,45.0
5386,Frank Ocean,85,Unknown,7.0
5387,Frank Steiner Jr.,51,Unknown,22.0
5388,Frank Turner,33,Unknown,24.0
5389,Frank Zappa,58,Unknown,103.0
5390,Frankie Avalon,48,Unknown,82.0
5391,Frankie Ballard,0,Unknown,18.0
5392,Frankie Carle,32,Unknown,4.0
5393,Frankie Cosmos,70,Unknown,11.0
5394,Frankie Dante & Orquesta Flamboyan,28,Unknown,110.0
5395,Frankie Ford,25,Unknown,84.0
5396,Frankie Goes To Hollywood,72,Unknown,59.0
5397,Frankie Knuckles,52,Unknown,39.0
5398,Frankie Ruiz,37,Unknown,110.0
5399,Frankie Valli,70,Unknown,45.0
5400,Frankie Valli & The Four Seasons,73,Unknown,6.0
5401,Frankie and the Witch Fingers,25,Unknown,52.0
5402,Frankie y Los Matadores,30,Unknown,82.0
5403,"Frankly, We Hold",45,Unknown,34.0
5404,Franky Style,43,Unknown,106.0
5405,Franky ‘Fastfingers’ Flint,15,Unknown,4.0
5406,Frano Stanić,50,Unknown,23.0
5407,Franska Trion,35,Unknown,114.0
5408,František Sahula,38,Unknown,81.0
5409,Franz Ewer,57,Unknown,23.0
5410,Franz Ferdinand,79,Unknown,63.0
5411,Franz Lehár,23,Unknown,29.0
5412,Franz Liszt,0,Unknown,21.0
5413,Franz Schubert,0,Unknown,21.0
5414,Franziska,33,Unknown,45.0
5415,François Couperin,0,Unknown,96.0
5416,Frass,42,Unknown,86.0
5417,Fraternidade São João Paulo II,45,Unknown,92.0
5418,Fraud,32,Unknown,72.0
5419,Fraw,21,Unknown,53.0
5420,Freakaholics,37,Unknown,61.0
5421,Fred & Gustavo,48,Unknown,112.0
5422,Fred Arrais,44,Unknown,28.0
5423,Fred Cheng,23,Unknown,94.0
5424,Fred Mollin,37,Unknown,9.0
5425,Fred Neil,58,Unknown,79.0
5426,Fred V,49,Unknown,46.0
5427,Fred V & Grafix,52,Unknown,46.0
5428,Fredd,38,Unknown,116.0
5429,Freddie Gibbs,2,Unknown,25.0
5430,Freddie King,61,Unknown,24.0
5431,Freddy Fresh,39,Unknown,38.0
5432,Fredrik Johansson,46,Unknown,20.0
5433,Fredy Miller,48,Unknown,92.0
5434,Free,73,Unknown,2.0
5435,Free Flow Flava,46,Unknown,40.0
5436,Free Nationals,69,Unknown,7.0
5437,Free Refills,17,Unknown,41.0
5438,Freedom Fighters,36,Unknown,61.0
5439,Freedy Johnston,23,Unknown,78.0
5440,Freeform,12,Unknown,55.0
5441,Freescha,35,Unknown,55.0
5442,Freestylers,54,Unknown,38.0
5443,Freeze Dance DJ's,8,Unknown,
5444,Frei Gilson,52,Unknown,92.0
5445,Frei.Wild,42,Unknown,97.0
5446,Frej Larsson,39,Unknown,114.0
5447,Frejat,51,Unknown,92.0
5448,French 79,61,Unknown,51.0
5449,French Montana,82,Unknown,1.0
5450,French The Kid,62,Unknown,40.0
5451,Frenzy,37,Unknown,57.0
5452,Freq Nasty,14,Unknown,38.0
5453,Frequencerz,27,Unknown,53.0
5454,Fresa Salvaje,42,Unknown,82.0
5455,Fresco Trey,64,Unknown,36.0
5456,Fresh,76,Unknown,96.0
5457,Fresh King,22,Unknown,100.0
5458,Fresh The Clowns,17,Unknown,
5459,Fresno,50,Unknown,92.0
5460,Frey,0,Unknown,69.0
5461,Freya Rääf,57,Unknown,23.0
5462,Friction,58,Unknown,46.0
5463,Frida,34,Unknown,89.0
5464,Frida Ånnevik,40,Unknown,102.0
5465,Friedrich von Flotow,23,Unknown,29.0
5466,Friends & I,61,Unknown,96.0
5467,Frisco Kid,0,Unknown,86.0
5468,Fritz Kalkbrenner,55,Unknown,56.0
5469,Fritz Wunderlich,21,Unknown,29.0
5470,Frizzell D'souza,42,Unknown,74.0
5471,Friðrik Karlsson,37,Unknown,5.0
5472,Frode Gjermundsen,57,Unknown,23.0
5473,Frogg,23,Unknown,61.0
5474,Froggy Fresh,24,Unknown,27.0
5475,Froid,52,Unknown,92.0
5476,From Alaska,35,Unknown,72.0
5477,From Alfie,61,Unknown,35.0
5478,From First To Last,27,Unknown,77.0
5479,From Overseas,51,Unknown,37.0
5480,From Somewhere Quiet,38,Unknown,20.0
5481,From The Vastland,6,Unknown,99.0
5482,From Us,59,Unknown,35.0
5483,Front 242,36,Unknown,
5484,Front Line Assembly,29,Unknown,
5485,Front Porch Step,32,Unknown,24.0
5486,Frontliner,56,Unknown,53.0
5487,Frozen Soul,28,Unknown,65.0
5488,Fruition,28,Unknown,17.0
5489,Fruko Y Sus Tesos,56,Unknown,110.0
5490,Fruto Sagrado,37,Unknown,28.0
5491,Fränker,24,Unknown,57.0
5492,Frédéric Chopin,67,Unknown,21.0
5493,Fuck On the Beach,16,Unknown,68.0
5494,Fuck The Facts,12,Unknown,68.0
5495,Fudasca,49,Unknown,36.0
5496,Fuego,75,Unknown,105.0
5497,Fuel,56,Unknown,63.0
5498,Fugazi,65,Unknown,72.0
5499,Fujifabric,55,Unknown,102.0
5500,Fujii Kaze,85,Unknown,102.0
5501,Fukkk Offf,51,Unknown,51.0
5502,Fukpig,13,Unknown,68.0
5503,Full Of Hell,21,Unknown,68.0
5504,Fullife,49,Unknown,43.0
5505,Fully Bad,27,Unknown,86.0
5506,Fulvio Salamanca Y Orquesta,18,Unknown,115.0
5507,Fun People,35,Unknown,71.0
5508,Funambulista,59,Unknown,113.0
5509,Funeral Mist,18,Unknown,64.0
5510,Fungus Funk,40,Unknown,61.0
5511,Funk Flex,60,Unknown,72.0
5512,Funkadelic,63,Unknown,79.0
5513,Funker Vogt,23,Unknown,
5514,Funkhauser,27,Unknown,53.0
5515,Funki Porcini,50,Unknown,100.0
5516,Funkstörung,14,Unknown,55.0
5517,Funny Van Dannen,38,Unknown,97.0
5518,Furacão 2000,43,Unknown,3.0
5519,Furacão do Forró,38,Unknown,95.0
5520,Furia,17,Unknown,64.0
5521,Furkan Sert,59,Unknown,43.0
5522,Fuse ODG,60,Unknown,86.0
5523,Future,89,Unknown,1.0
5524,Future Funk Squad,17,Unknown,38.0
5525,Future Funk Squad feat. Mojo,21,Unknown,38.0
5526,Future Palace,55,Unknown,77.0
5527,Future Royalty,55,Unknown,63.0
5528,Futuristic Polar Bears,0,Unknown,58.0
5529,Fynn Kliemann,38,Unknown,97.0
5530,Fytch,48,Unknown,47.0
5531,Fábio Jr.,50,Unknown,109.0
5532,Fäaschtbänkler,39,Unknown,57.0
5533,Färska Prinzen,34,Unknown,89.0
5534,Förstörda För Livet,27,Unknown,67.0
5535,G O L,34,Unknown,34.0
5536,G-DRAGON,64,Unknown,104.0
5537,G-Eazy,79,Unknown,1.0
5538,G-Terra,29,Unknown,86.0
5539,G-Town Madness,22,Unknown,10.0
5540,G-Unit,37,Unknown,72.0
5541,G. V. Prakash,68,Unknown,15.0
5542,G.E.M.,62,Unknown,108.0
5543,G5SH,24,Unknown,108.0
5544,G:sson,36,Unknown,34.0
5545,GABBY,0,Unknown,57.0
5546,GAIA,51,Unknown,61.0
5547,GALNERYUS,57,Unknown,76.0
5548,GAMPER & DADONI,67,Unknown,43.0
5549,GANG PARADE,22,Unknown,101.0
5550,GANGGA,74,Unknown,32.0
5551,GARZI,56,Unknown,66.0
5552,GASHI,60,Unknown,7.0
5553,GAYLE,86,Unknown,25.0
5554,GAZZI,17,Unknown,41.0
5555,GEISHA GIRLS,25,Unknown,60.0
5556,GEMINI,64,Unknown,40.0
5557,GENERATIONS from EXILE TRIBE,53,Unknown,102.0
5558,GFRIEND,69,Unknown,104.0
5559,GG Magree,54,Unknown,47.0
5560,GHASTLY,55,Unknown,47.0
5561,GIMS,63,Unknown,96.0
5562,GING NANG BOYZ,31,Unknown,103.0
5563,GIRLFRIEND,50,Unknown,101.0
5564,GIRLI,68,Unknown,11.0
5565,GIT,42,Unknown,80.0
5566,GIULIA BE,46,Unknown,3.0
5567,GLAY,44,Unknown,102.0
5568,GLIM SPANKY,29,Unknown,52.0
5569,GLUM,26,Unknown,70.0
5570,GMS,36,Unknown,61.0
5571,GNTN,36,Unknown,60.0
5572,GODA,37,Unknown,23.0
5573,GOING STEADY,38,Unknown,103.0
5574,GOKO!,0,Unknown,116.0
5575,GORDÃO DO PC,46,Unknown,3.0
5576,GPF,54,Unknown,72.0
5577,GRANRODEO,49,Unknown,91.0
5578,GRAVEDGR,55,Unknown,51.0
5579,GReeeN,41,Unknown,97.0
5580,GReeeeN,39,Unknown,102.0
5581,GSoul,63,Unknown,40.0
5582,GUFI,44,Unknown,80.0
5583,GV3,40,Unknown,28.0
5584,GVBBZ,29,Unknown,53.0
5585,GWS,33,Unknown,107.0
5586,GXD,38,Unknown,61.0
5587,GZA,66,Unknown,72.0
5588,Gaab,50,Unknown,3.0
5589,Gaahls WYRD,18,Unknown,64.0
5590,Gabb MC,55,Unknown,3.0
5591,Gabbana,27,Unknown,43.0
5592,Gabber Eleganza,15,Unknown,41.0
5593,Gabby Barrett,74,Unknown,18.0
5594,Gabi Martins,50,Unknown,112.0
5595,Gabi Porto,37,Unknown,9.0
5596,Gabi Sampaio,49,Unknown,92.0
5597,Gabino Pampini,41,Unknown,110.0
5598,Gabriel Ananda,39,Unknown,56.0
5599,Gabriel Brito,54,Unknown,92.0
5600,Gabriel Diniz,54,Unknown,95.0
5601,Gabriel EMC,39,Unknown,88.0
5602,Gabriel Elias,49,Unknown,92.0
5603,Gabriel Fauré,0,Unknown,21.0
5604,Gabriel Gava,45,Unknown,112.0
5605,Gabriel Gonti,41,Unknown,109.0
5606,Gabriel Guedes de Almeida,53,Unknown,92.0
5607,Gabriel O Pensador,45,Unknown,92.0
5608,Gabriel Vitel,53,Unknown,96.0
5609,Gabriel Yared,52,Unknown,37.0
5610,Gabriela Gomes,48,Unknown,92.0
5611,Gabriela Montero,0,Unknown,23.0
5612,Gabriela Rocha,45,Unknown,92.0
5613,Gabriela Vega,33,Unknown,91.0
5614,Gabriella Vargas Luna,48,Unknown,20.0
5615,Gabrielle,70,Unknown,93.0
5616,Gabrielle Aplin,61,Unknown,24.0
5617,Gabry Ponte,80,Unknown,42.0
5618,Gabríel Ólafs,58,Unknown,37.0
5619,Gaby Baginsky,30,Unknown,45.0
5620,Gaby Moreno,0,Unknown,25.0
5621,Gaby Zambrano,35,Unknown,110.0
5622,Gaccio,36,Unknown,34.0
5623,Gadget,13,Unknown,68.0
5624,Gaerea,18,Unknown,64.0
5625,Gaetano Donizetti,43,Unknown,29.0
5626,Gagul Joseph,19,Unknown,107.0
5627,Gah Bernardes,46,Unknown,112.0
5628,Gaho,65,Unknown,104.0
5629,Gail Blanco,29,Unknown,24.0
5630,Gajendra Verma,74,Unknown,15.0
5631,Gal Costa,44,Unknown,109.0
5632,Galantis,79,Unknown,49.0
5633,Galaxy 2 Galaxy,39,Unknown,39.0
5634,Galee Galee,42,Unknown,106.0
5635,Galenskaparna & After Shave,42,Unknown,114.0
5636,Galileo Galilei,53,Unknown,91.0
5637,Gallows,29,Unknown,72.0
5638,Galocantô,38,Unknown,111.0
5639,Galy Galiano,36,Unknown,110.0
5640,Gamadinho,54,Unknown,
5641,Gamação,46,Unknown,
5642,Gambi,78,Unknown,96.0
5643,Gammer,57,Unknown,10.0
5644,Gandalf,48,Unknown,22.0
5645,Gang Starr,66,Unknown,72.0
5646,Gangrena Gasosa,32,Unknown,65.0
5647,Gans Anders,36,Unknown,53.0
5648,Gappy Ranks,34,Unknown,86.0
5649,Gareth Emery,54,Unknown,58.0
5650,Gareth.T,59,Unknown,40.0
5651,Garhelenth,0,Unknown,99.0
5652,Garmiani,53,Unknown,49.0
5653,Garnett Silk,27,Unknown,86.0
5654,Garotos de Ouro,49,Unknown,112.0
5655,Garreth Broke,57,Unknown,23.0
5656,Garreth Maher,46,Unknown,43.0
5657,Garrett Kato,65,Unknown,19.0
5658,Garrobos,31,Unknown,72.0
5659,Garry Sandhu,65,Unknown,16.0
5660,Gary Allan,0,Unknown,18.0
5661,Gary Beck,17,Unknown,56.0
5662,Gary Chaw,54,Unknown,108.0
5663,Gary Clark Jr.,61,Unknown,2.0
5664,Gary Gulman,21,Unknown,27.0
5665,Gary Lightbody,36,Unknown,93.0
5666,Gary Moore,68,Unknown,2.0
5667,Gary Numan,63,Unknown,59.0
5668,Gary Stadler,23,Unknown,22.0
5669,Garçons,40,Unknown,41.0
5670,Gastel,40,Unknown,41.0
5671,Gata Cattana,28,Unknown,113.0
5672,Gatecreeper,25,Unknown,65.0
5673,Gateway Worship,44,Unknown,117.0
5674,Gatinha Manhosa,42,Unknown,95.0
5675,Gatlin,69,Unknown,25.0
5676,Gatton,67,Unknown,32.0
5677,Gaullin,68,Unknown,49.0
5678,Gaute Adela Aastorp Cudjoe,19,Unknown,9.0
5679,Gavin Greenaway,0,Unknown,93.0
5680,Gavin Haley,61,Unknown,40.0
5681,Gavin Luke,57,Unknown,37.0
5682,Gavin Mikhail,49,Unknown,23.0
5683,Gawm,44,Unknown,47.0
5684,Gaye Su Akyol,37,Unknown,103.0
5685,Gaze,20,Unknown,41.0
5686,Gaël Faye,33,Unknown,96.0
5687,Gaëtan Roussel,35,Unknown,96.0
5688,Gaúcho Da Fronteira,43,Unknown,112.0
5689,Gece,43,Unknown,63.0
5690,Gece Yolcuları,38,Unknown,116.0
5691,Geck-O,23,Unknown,53.0
5692,Gee Tee,25,Unknown,52.0
5693,Gehenna,17,Unknown,64.0
5694,Geier Sturzflug,27,Unknown,57.0
5695,Gekkenhuys,39,Unknown,53.0
5696,Gelena Velikanova,8,Unknown,30.0
5697,Gen Hoshino,73,Unknown,24.0
5698,Gene Karz,21,Unknown,56.0
5699,Gene Loves Jezebel,24,Unknown,67.0
5700,Gene Vincent,53,Unknown,84.0
5701,Gene Vincent & His Blue Caps,51,Unknown,82.0
5702,Generacion 2000,30,Unknown,82.0
5703,General Degree,30,Unknown,86.0
5704,General Knas,38,Unknown,86.0
5705,General Midi,20,Unknown,38.0
5706,General Surgery,14,Unknown,68.0
5707,Generdyn,50,Unknown,2.0
5708,Generic Animal,36,Unknown,66.0
5709,Genetikk,39,Unknown,97.0
5710,Genevieve Melton,60,Unknown,23.0
5711,Genevieve Stokes,76,Unknown,25.0
5712,Genghis Tron,14,Unknown,68.0
5713,Genitorturers,21,Unknown,
5714,Gentle Bones,62,Unknown,40.0
5715,Gentle Giant,51,Unknown,103.0
5716,Gentlemens Club,44,Unknown,48.0
5717,Gentrammel,71,Unknown,36.0
5718,GeoM,49,Unknown,69.0
5719,Georg Riedel,37,Unknown,5.0
5720,Georg Valeks,59,Unknown,35.0
5721,George Benson,71,Unknown,45.0
5722,George Bruns,29,Unknown,9.0
5723,George Dalaras,29,Unknown,20.0
5724,George Davidson,48,Unknown,22.0
5725,George Ezra,79,Unknown,19.0
5726,George Fenton,57,Unknown,93.0
5727,George FitzGerald,50,Unknown,52.0
5728,George Frideric Handel,39,Unknown,21.0
5729,George Gershwin,0,Unknown,21.0
5730,George Harrison,75,Unknown,19.0
5731,George Henrique & Rodrigo,52,Unknown,112.0
5732,George Howard,45,Unknown,5.0
5733,George Jones,56,Unknown,4.0
5734,"George Kahumoku, Jr.",26,Unknown,20.0
5735,George Kuo,23,Unknown,20.0
5736,George Lam,42,Unknown,94.0
5737,George Lopez,23,Unknown,27.0
5738,George McCrae,62,Unknown,45.0
5739,George Mensah,24,Unknown,69.0
5740,George Ogilvie,55,Unknown,93.0
5741,George Perris,23,Unknown,29.0
5742,George Salazar,59,Unknown,31.0
5743,George Skaroulis,21,Unknown,22.0
5744,George Strait,70,Unknown,18.0
5745,George Thorogood & The Destroyers,71,Unknown,2.0
5746,George Winston,32,Unknown,22.0
5747,Georges Bizet,60,Unknown,21.0
5748,Georges Brassens,33,Unknown,96.0
5749,Georges Delerue,37,Unknown,96.0
5750,Georgi Vinogradov,34,Unknown,30.0
5751,Georgia Castro,47,Unknown,109.0
5752,Georgio,38,Unknown,96.0
5753,Gerald Barry,0,Unknown,93.0
5754,Gerald Finzi,55,Unknown,93.0
5755,Geraldo Azevedo,41,Unknown,109.0
5756,Geraldo Pino,17,Unknown,90.0
5757,Geraldo Vandre,37,Unknown,111.0
5758,Gerap Gurita,38,Unknown,81.0
5759,Gerardo Paz,23,Unknown,20.0
5760,Gerd Holtenau,26,Unknown,9.0
5761,Germaine Franco,59,Unknown,9.0
5762,German Brigante,33,Unknown,56.0
5763,Germanini,43,Unknown,87.0
5764,Germs,32,Unknown,72.0
5765,Germán Montero,43,Unknown,6.0
5766,Gernotshagen,17,Unknown,64.0
5767,Gerry & The Pacemakers,58,Unknown,93.0
5768,Gerry Rafferty,74,Unknown,18.0
5769,Gerry Read,56,Unknown,52.0
5770,Gershom Penugula,43,Unknown,74.0
5771,Gershon Jackson,35,Unknown,39.0
5772,Gerson Rufino,51,Unknown,92.0
5773,Gersson Edinbaro,33,Unknown,107.0
5774,Gerusa Barros,38,Unknown,28.0
5775,Gesaffelstein,85,Unknown,41.0
5776,Gescom,13,Unknown,55.0
5777,Geskia!,8,Unknown,55.0
5778,Gestört aber GeiL,6,Unknown,97.0
5779,Get Dead,36,Unknown,24.0
5780,Get Scared,69,Unknown,76.0
5781,Geto Boys,67,Unknown,72.0
5782,Ghauri,44,Unknown,50.0
5783,Ghetto Boy,54,Unknown,86.0
5784,Ghibran,61,Unknown,15.0
5785,Ghost,88,Unknown,71.0
5786,Ghost Rider,52,Unknown,61.0
5787,Ghost Stories,56,Unknown,53.0
5788,Ghost Town,30,Unknown,61.0
5789,GhostDragon,45,Unknown,47.0
5790,Ghostemane,76,Unknown,1.0
5791,Ghoultown,22,Unknown,67.0
5792,Giacomo Meyerbeer,19,Unknown,29.0
5793,Giacomo Puccini,61,Unknown,21.0
5794,Gian & Giovani,49,Unknown,112.0
5795,Gianni Bismark,35,Unknown,66.0
5796,Gibun,37,Unknown,34.0
5797,Gideon,29,Unknown,65.0
5798,Gifta,31,Unknown,86.0
5799,Gigantes do Samba,49,Unknown,
5800,Giggle and Hoot,29,Unknown,26.0
5801,Gigi Leung,52,Unknown,108.0
5802,Gil Joe,17,Unknown,90.0
5803,Gil Scott-Heron,0,Unknown,5.0
5804,Gilbert O'Sullivan,30,Unknown,45.0
5805,Gilberto Gil,43,Unknown,109.0
5806,Gilberto Puente,21,Unknown,20.0
5807,Gilberto Santa Rosa,39,Unknown,110.0
5808,Gilberto e Gilmar,52,Unknown,112.0
5809,Gilles Peterson's Havana Cultura Band,16,Unknown,90.0
5810,Gillian Welch,29,Unknown,17.0
5811,Gimmik,14,Unknown,55.0
5812,Gin Blossoms,60,Unknown,70.0
5813,Gin Lee,49,Unknown,94.0
5814,Gino & Geno,46,Unknown,112.0
5815,Ginuwine,73,Unknown,7.0
5816,Gioacchino Cocchi,20,Unknown,29.0
5817,Gioachino Rossini,51,Unknown,21.0
5818,GionnyScandal,34,Unknown,66.0
5819,Giorgia Angiuli,49,Unknown,60.0
5820,Giorgia Fumanti,28,Unknown,29.0
5821,Giorgio Moroder,0,Unknown,45.0
5822,Giovanni,45,Unknown,29.0
5823,Gio’ Gio’ Rapattoni,26,Unknown,9.0
5824,Gippy Grewal,65,Unknown,16.0
5825,Girl Band,25,Unknown,52.0
5826,Girl Pusher,18,Unknown,41.0
5827,Girls In Hawaii,34,Unknown,96.0
5828,Girls' Generation,79,Unknown,104.0
5829,Girma Bèyènè,45,Unknown,90.0
5830,Giro,33,Unknown,110.0
5831,Gisela,42,Unknown,9.0
5832,Gisele Nascimento,45,Unknown,92.0
5833,Giselle Guarezi,60,Unknown,23.0
5834,Giselli Cristina,41,Unknown,28.0
5835,Giuda,26,Unknown,78.0
5836,Giuseppe Ottaviani,47,Unknown,58.0
5837,Giuseppe Verdi,56,Unknown,21.0
5838,Giveon,84,Unknown,16.0
5839,Gladys Knight & The Pips,71,Unknown,45.0
5840,Glare,56,Unknown,70.0
5841,Glasperlenspiel,0,Unknown,97.0
5842,Glass Animals,88,Unknown,11.0
5843,Glass Spells,21,Unknown,67.0
5844,Glassjaw,0,Unknown,72.0
5845,Glee Cast,65,Unknown,41.0
5846,Glen Campbell,0,Unknown,18.0
5847,Glen Glenn,22,Unknown,84.0
5848,Glen Hansard,64,Unknown,32.0
5849,Glenmark Eriksson Strömstedt,39,Unknown,114.0
5850,Glenn Fredly,39,Unknown,102.0
5851,Glenn Underground,35,Unknown,39.0
5852,Glenn Wool,24,Unknown,27.0
5853,Gleydson Gavião,48,Unknown,95.0
5854,Glimlip,50,Unknown,40.0
5855,Glitzer Gischi,37,Unknown,57.0
5856,Gloria,34,Unknown,71.0
5857,Gloria Gaynor,69,Unknown,45.0
5858,Gloria Groove,51,Unknown,3.0
5859,Gloria Laing,58,Unknown,32.0
5860,Gloria Trevi,1,Unknown,105.0
5861,Glorious,33,Unknown,96.0
5862,Glory of Love,36,Unknown,81.0
5863,Glowfi,28,Unknown,34.0
5864,Gmiztik,40,Unknown,86.0
5865,Gnarls Barkley,76,Unknown,7.0
5866,Go Betty Go,21,Unknown,78.0
5867,Go West,64,Unknown,59.0
5868,Go-qualia,11,Unknown,55.0
5869,GoKeeKeeGo,10,Unknown,
5870,Goatwhore,23,Unknown,65.0
5871,Goblins from Mars,52,Unknown,49.0
5872,God Module,23,Unknown,
5873,Godhead,21,Unknown,
5874,Godiego,36,Unknown,103.0
5875,Godsmack,68,Unknown,63.0
5876,Goiano & Paranaense,48,Unknown,112.0
5877,Going Global Records,28,Unknown,86.0
5878,Goitzsche Front,41,Unknown,97.0
5879,Gojira,65,Unknown,25.0
5880,Gold Celeste,49,Unknown,52.0
5881,Gold Geisha,47,Unknown,41.0
5882,GoldAshez,32,Unknown,34.0
5883,Goldbird,59,Unknown,43.0
5884,Golden Earring,34,Unknown,2.0
5885,Golden Features,51,Unknown,
5886,Golden Ganga,46,Unknown,87.0
5887,Goldfinger,32,Unknown,89.0
5888,Goldfrapp,18,Unknown,59.0
5889,Goldie,25,Unknown,46.0
5890,Goldie Khristi,45,Unknown,98.0
5891,Goldie Lookin Chain,23,Unknown,27.0
5892,Goldmund,57,Unknown,37.0
5893,Goldn.B,31,Unknown,86.0
5894,Goldy,35,Unknown,3.0
5895,Golpe a Golpe,44,Unknown,106.0
5896,Gomer Edwin Evans,25,Unknown,22.0
5897,Gomey,55,Unknown,36.0
5898,Gondwana,46,Unknown,63.0
5899,Gontiti,21,Unknown,20.0
5900,Gonzaguinha,52,Unknown,109.0
5901,Good Charlotte,74,Unknown,76.0
5902,Good Clean Fun,38,Unknown,72.0
5903,Good Doogs,28,Unknown,52.0
5904,Good Morning,67,Unknown,52.0
5905,Good Morning Everyone,40,Unknown,81.0
5906,Good Riddance,31,Unknown,72.0
5907,Good Times Ahead,53,Unknown,51.0
5908,Good Vibe,33,Unknown,47.0
5909,Goodnight Fellows,36,Unknown,63.0
5910,Goofy,30,Unknown,9.0
5911,Googie Rene,45,Unknown,69.0
5912,Goom Gum,51,Unknown,60.0
5913,Goons Of Doom,24,Unknown,52.0
5914,Gorerotted,17,Unknown,68.0
5915,Goretrade,37,Unknown,65.0
5916,Gorgasm,14,Unknown,68.0
5917,Gorgon City,61,Unknown,43.0
5918,Gorgoroth,40,Unknown,64.0
5919,Gorillaz,84,Unknown,25.0
5920,Gost,50,Unknown,41.0
5921,Gostan,54,Unknown,43.0
5922,Gostosa,20,Unknown,53.0
5923,"Gotay ""El Autentiko""",0,Unknown,106.0
5924,Gothminister,21,Unknown,67.0
5925,Gotthard,46,Unknown,71.0
5926,Govana,28,Unknown,86.0
5927,Government Warning,26,Unknown,52.0
5928,Govi,45,Unknown,22.0
5929,Gowry Lekshmi,56,Unknown,107.0
5930,Grace George,54,Unknown,24.0
5931,Grace Jones,30,Unknown,45.0
5932,Grace Petrie,26,Unknown,24.0
5933,Grace Valiery,51,Unknown,23.0
5934,Gracie Abrams,73,Unknown,11.0
5935,Graf Orlock,15,Unknown,68.0
5936,Graffiti 3X,35,Unknown,80.0
5937,Grafix,53,Unknown,46.0
5938,Graham Colton,54,Unknown,24.0
5939,Graham Parker,20,Unknown,78.0
5940,Graham Parker & The Rumour,24,Unknown,78.0
5941,Grailz Beni,60,Unknown,36.0
5942,Gramatik,60,Unknown,62.0
5943,Gramofocas,36,Unknown,71.0
5944,Grand Funk Railroad,70,Unknown,2.0
5945,Grandbrothers,52,Unknown,37.0
5946,Grandmaster Slice,20,Unknown,
5947,Grandpa Jones,24,Unknown,17.0
5948,Grandtheft,41,Unknown,51.0
5949,Granular,49,Unknown,35.0
5950,Grasshopper,40,Unknown,94.0
5951,Grateful Dead,63,Unknown,79.0
5952,Graveland,16,Unknown,64.0
5953,Gravero,54,Unknown,98.0
5954,Graveworm,19,Unknown,64.0
5955,Graveyard,27,Unknown,79.0
5956,Graveyard Train,23,Unknown,67.0
5957,Gravity,47,Unknown,98.0
5958,Great Good Fine Ok,56,Unknown,59.0
5959,Greatman Takit,20,Unknown,90.0
5960,Grecco,38,Unknown,76.0
5961,Greeicy,2,Unknown,105.0
5962,Green Bicycle,48,Unknown,34.0
5963,Green Day,81,Unknown,81.0
5964,Green Valley,31,Unknown,113.0
5965,Green Velvet,39,Unknown,56.0
5966,Greensky Bluegrass,44,Unknown,17.0
5967,Greentea Peng,0,Unknown,7.0
5968,Greg Holden,49,Unknown,93.0
5969,Greg Laswell,55,Unknown,24.0
5970,Greg Maroney,49,Unknown,22.0
5971,Greg Proops,22,Unknown,27.0
5972,Greg Warren,27,Unknown,27.0
5973,Gregor Tresher,43,Unknown,56.0
5974,Gregorian,42,Unknown,22.0
5975,Gregorio Franco,17,Unknown,41.0
5976,Gregory Alan Isakov,72,Unknown,19.0
5977,Gregory Isaacs,64,Unknown,47.0
5978,Gregory Porter,37,Unknown,102.0
5979,Gremlin,42,Unknown,36.0
5980,Grendel,24,Unknown,
5981,Gress,43,Unknown,41.0
5982,Greta Van Fleet,71,Unknown,2.0
5983,Grey Daze,48,Unknown,70.0
5984,Grey Henson,55,Unknown,31.0
5985,Grey Skye Evans,21,Unknown,
5986,Greyboy,53,Unknown,90.0
5987,Greyson Chance,61,Unknown,50.0
5988,Gridiron,31,Unknown,72.0
5989,Grim YG,21,Unknown,100.0
5990,Grinspoon,33,Unknown,79.0
5991,Gripin,38,Unknown,116.0
5992,Gritando HC,36,Unknown,71.0
5993,Grizzly Bear,71,Unknown,40.0
5994,Grogi,45,Unknown,116.0
5995,Groove Armada,61,Unknown,62.0
5996,Groove Da Praia,0,Unknown,5.0
5997,Groove Delight,53,Unknown,92.0
5998,Groovie Ghoulies,31,Unknown,78.0
5999,Ground,12,Unknown,68.0
6000,Groundation,29,Unknown,47.0
6001,Groundbass,41,Unknown,61.0
6002,Grouper,69,Unknown,37.0
6003,Grouplove,79,Unknown,63.0
6004,"Grover Washington, Jr.",77,Unknown,5.0
6005,Groza,22,Unknown,64.0
6006,Gruesome,20,Unknown,65.0
6007,Grum,37,Unknown,58.0
6008,Grup Gündoğarken,37,Unknown,116.0
6009,Grup Yorum,44,Unknown,116.0
6010,Grupo Azteka,44,Unknown,19.0
6011,Grupo Balaco Baco,40,Unknown,111.0
6012,Grupo Bom Astral,47,Unknown,111.0
6013,Grupo C4,39,Unknown,88.0
6014,Grupo Callado,45,Unknown,19.0
6015,Grupo Caneo,33,Unknown,110.0
6016,Grupo Caso a Parte,42,Unknown,
6017,Grupo Clareou,54,Unknown,
6018,Grupo Fantasma,24,Unknown,90.0
6019,Grupo Fundo De Quintal,48,Unknown,
6020,Grupo Galé,35,Unknown,110.0
6021,Grupo Katinguelê,41,Unknown,
6022,Grupo Lluvia,39,Unknown,82.0
6023,Grupo Malícia,46,Unknown,
6024,Grupo Niche,42,Unknown,110.0
6025,Grupo Pagode,41,Unknown,
6026,Grupo Presença,55,Unknown,
6027,Grupo Raça,47,Unknown,
6028,Grupo Revelação,52,Unknown,
6029,Grupo Sambaí,42,Unknown,
6030,Grupo Sem Abuso,55,Unknown,
6031,Grupo Sensação,51,Unknown,
6032,Grupo Ternura,43,Unknown,19.0
6033,Grupo Tradição,44,Unknown,112.0
6034,Grupo Yndio,37,Unknown,82.0
6035,Grupo aXtral,37,Unknown,111.0
6036,Gruppa Express,8,Unknown,30.0
6037,Gruzja,27,Unknown,64.0
6038,Gryffin,68,Unknown,49.0
6039,Grzegorz Markowski,22,Unknown,9.0
6040,Guachupé,43,Unknown,89.0
6041,Guaco,36,Unknown,110.0
6042,Guadalcanal Diary,26,Unknown,78.0
6043,Gualberto Castro,37,Unknown,82.0
6044,Guana Batz,26,Unknown,79.0
6045,Guantanamo Baywatch,30,Unknown,52.0
6046,Guaraná,0,Unknown,113.0
6047,Guasones,48,Unknown,63.0
6048,Guau,12,Unknown,38.0
6049,Guayacán Orquesta,47,Unknown,110.0
6050,Guaynaa,3,Unknown,87.0
6051,Guga Nandes,54,Unknown,
6052,Gui Boratto,20,Unknown,51.0
6053,Guided By Voices,55,Unknown,78.0
6054,Guil,42,Unknown,19.0
6055,Guilherme & Benuto,47,Unknown,112.0
6056,Guilherme & Santiago,53,Unknown,112.0
6057,Guilherme Arantes,48,Unknown,109.0
6058,Guilherme Dantas,44,Unknown,95.0
6059,Guillaume Grand,34,Unknown,96.0
6060,Guillermo Fernández,22,Unknown,115.0
6061,Guilt Trip,30,Unknown,72.0
6062,Guitarras de Luna,23,Unknown,20.0
6063,Guitarricadelafuente,62,Unknown,113.0
6064,Gulab Sidhu,70,Unknown,16.0
6065,Gummy,62,Unknown,104.0
6066,Gundecha Brothers,32,Unknown,21.0
6067,Gunna,2,Unknown,1.0
6068,Gunnar & The Grizzly Boys,43,Unknown,18.0
6069,Gunnar Wiklund,36,Unknown,114.0
6070,Gunnel Boek,67,Unknown,23.0
6071,Guns N' Roses,84,Unknown,71.0
6072,Guns n' Wankers,32,Unknown,72.0
6073,Gunslingers,46,Unknown,18.0
6074,Gunz For Hire,52,Unknown,53.0
6075,Gur Sidhu,65,Unknown,16.0
6076,Gurbax,42,Unknown,49.0
6077,Guri,69,Unknown,1.0
6078,Guru,0,Unknown,72.0
6079,Guru Randhawa,71,Unknown,1.0
6080,GusGus,21,Unknown,62.0
6081,Gustaf & Viktor Norén,36,Unknown,114.0
6082,Gustav Holst,32,Unknown,93.0
6083,Gustav Mahler,0,Unknown,21.0
6084,Gustav Nilsen,31,Unknown,9.0
6085,Gustavo Lins,47,Unknown,
6086,Gustavo Mioto,52,Unknown,112.0
6087,Gustavo Santaolalla,61,Unknown,37.0
6088,Gusttavo Lima,53,Unknown,112.0
6089,Gutter Demons,24,Unknown,84.0
6090,Guus Dielissen,44,Unknown,24.0
6091,Guy Gerber,54,Unknown,56.0
6092,Guy Penrod,42,Unknown,28.0
6093,Gwen Verdon,23,Unknown,31.0
6094,Gyedu-Blay Ambolley,20,Unknown,90.0
6095,Gyllene Tider,42,Unknown,114.0
6096,Gym Class Heroes,82,Unknown,42.0
6097,Gyptian,67,Unknown,86.0
6098,GÅEL,61,Unknown,37.0
6099,Gérard Lenorman,35,Unknown,96.0
6100,Gérard Rinaldi,32,Unknown,96.0
6101,Gökhan Keser,40,Unknown,116.0
6102,Gökhan Türkmen,43,Unknown,116.0
6103,Göksel,40,Unknown,116.0
6104,"Gösta ""Snoddas"" Nordgren",36,Unknown,114.0
6105,Gøggs,25,Unknown,52.0
6106,Gülden Karaböcek,45,Unknown,116.0
6107,Gülşen,43,Unknown,116.0
6108,Güncel Gürsel Artıktay,44,Unknown,116.0
6109,Gündoğarken,38,Unknown,102.0
6110,Güney Marlen,41,Unknown,116.0
6111,H Dixit,53,Unknown,98.0
6112,H Magnum,55,Unknown,96.0
6113,HALIENE,46,Unknown,47.0
6114,HANA,30,Unknown,94.0
6115,HAWK.,55,Unknown,92.0
6116,HAYASA G,61,Unknown,54.0
6117,HBSN,53,Unknown,69.0
6118,HDMIRROR,15,Unknown,41.0
6119,HEDEGAARD,64,Unknown,51.0
6120,HEIZE,63,Unknown,104.0
6121,HELLSTRVCK,52,Unknown,36.0
6122,HELLYEAH,28,Unknown,69.0
6123,HEY-SMITH,32,Unknown,103.0
6124,HIM,49,Unknown,67.0
6125,HIRIE,36,Unknown,103.0
6126,HKE,15,Unknown,41.0
6127,HKT48,26,Unknown,101.0
6128,HNNY,60,Unknown,43.0
6129,HORSKH,52,Unknown,41.0
6130,HOSH,59,Unknown,51.0
6131,HOTEI,52,Unknown,102.0
6132,HPY DAYZ,35,Unknown,34.0
6133,HRJXT,58,Unknown,1.0
6134,HRVY,71,Unknown,42.0
6135,HUGEL,71,Unknown,43.0
6136,HUTS,66,Unknown,54.0
6137,HVDES,51,Unknown,41.0
6138,HVME,75,Unknown,54.0
6139,HXE,49,Unknown,51.0
6140,HXGO,39,Unknown,36.0
6141,HYBS,67,Unknown,40.0
6142,HYDE,0,Unknown,91.0
6143,Haakon Stange,48,Unknown,23.0
6144,Habstrakt,54,Unknown,47.0
6145,Hachioji P,57,Unknown,91.0
6146,Hacken Lee,53,Unknown,94.0
6147,Hackensaw Boys,26,Unknown,17.0
6148,Hadi Bastani,0,Unknown,99.0
6149,Hadise,69,Unknown,43.0
6150,Haemorrhage,13,Unknown,68.0
6151,Haezer,44,Unknown,41.0
6152,Hafdís Huld,45,Unknown,19.0
6153,Haggus,29,Unknown,68.0
6154,Haikaiss,44,Unknown,92.0
6155,Hail Of Bullets,20,Unknown,65.0
6156,Hail The Sun,32,Unknown,72.0
6157,Hailee Steinfeld,77,Unknown,42.0
6158,Haircut 100,23,Unknown,59.0
6159,Hairitage,61,Unknown,47.0
6160,Hairklep,45,Unknown,34.0
6161,Hak op de Tak,58,Unknown,53.0
6162,Hakan Akkus,44,Unknown,43.0
6163,Hakkuhbar,35,Unknown,10.0
6164,Hala,51,Unknown,52.0
6165,HalcyonMusic,45,Unknown,91.0
6166,Halestorm,65,Unknown,25.0
6167,Haley Joelle,67,Unknown,32.0
6168,Haley Mae Campbell,56,Unknown,18.0
6169,Half Pint,27,Unknown,47.0
6170,Halflives,54,Unknown,66.0
6171,Halina Frackowiak,32,Unknown,59.0
6172,Halls,17,Unknown,55.0
6173,Halsey,79,Unknown,42.0
6174,Haluk Levent,45,Unknown,116.0
6175,Ham,18,Unknown,10.0
6176,Hamdi,45,Unknown,48.0
6177,Hamid Al Shaeri,48,Unknown,69.0
6178,HammerFall,63,Unknown,67.0
6179,Hammock,52,Unknown,37.0
6180,Han Hee Jung,41,Unknown,32.0
6181,Hanare Gumi,33,Unknown,24.0
6182,Hande Mehan,39,Unknown,116.0
6183,Hande Yener,39,Unknown,116.0
6184,Hands Like Houses,27,Unknown,77.0
6185,Hang Youth,33,Unknown,72.0
6186,Hania Rani,56,Unknown,37.0
6187,Hanita Bhambri,41,Unknown,32.0
6188,Hank Williams,55,Unknown,4.0
6189,Hank Wood and the Hammerheads,26,Unknown,52.0
6190,Hanna Ferm,1,Unknown,114.0
6191,Hannah Ellis,49,Unknown,18.0
6192,Hannah Wants,58,Unknown,43.0
6193,Hannah's Yard,52,Unknown,24.0
6194,Hannes,31,Unknown,57.0
6195,Hanni Licht,42,Unknown,20.0
6196,Hanoi Rocks,38,Unknown,71.0
6197,Hans Söllner,39,Unknown,97.0
6198,Hans Zimmer,74,Unknown,97.0
6199,Hansel Camacho,36,Unknown,110.0
6200,Hansel Y Raul,29,Unknown,110.0
6201,Hansi Süssenbach,30,Unknown,45.0
6202,Hansraj Raghuwanshi,63,Unknown,16.0
6203,Hanumankind,41,Unknown,107.0
6204,Hapa,29,Unknown,20.0
6205,Hapax,23,Unknown,67.0
6206,Happy Heads NANIYORI,33,Unknown,77.0
6207,Happy Hour,33,Unknown,89.0
6208,Hara Noda,65,Unknown,5.0
6209,Harakiri for the Sky,44,Unknown,64.0
6210,Hard Creation,23,Unknown,10.0
6211,Hard Driver,55,Unknown,53.0
6212,Hardcore Masif,27,Unknown,10.0
6213,Hardfloor,19,Unknown,56.0
6214,Hardknox,40,Unknown,38.0
6215,Hardsequencer,22,Unknown,10.0
6216,Hardstyle Masterz,21,Unknown,53.0
6217,Hardwell,65,Unknown,54.0
6218,Harem Scarem,56,Unknown,71.0
6219,Hari & Sukhmani,43,Unknown,19.0
6220,Haricharan,66,Unknown,15.0
6221,Hariharan,68,Unknown,15.0
6222,Hariprasad Chaurasia,44,Unknown,21.0
6223,Harish Budhwani,44,Unknown,98.0
6224,Harish Raghavan,56,Unknown,5.0
6225,Harish Raghavendra,62,Unknown,15.0
6226,Harlan Silverman,48,Unknown,35.0
6227,Harlem Yu,59,Unknown,108.0
6228,Harley Poe,30,Unknown,24.0
6229,Harnoor,70,Unknown,16.0
6230,Harold Faltermeyer,68,Unknown,97.0
6231,Harold Melvin & The Blue Notes,31,Unknown,45.0
6232,Harold van Lennep,61,Unknown,43.0
6233,Harrdy Sandhu,74,Unknown,16.0
6234,Harris & Ford,54,Unknown,57.0
6235,Harris Jayaraj,66,Unknown,15.0
6236,Harrison Storm,67,Unknown,19.0
6237,Harry Gregson-Williams,57,Unknown,93.0
6238,Harry James,61,Unknown,5.0
6239,Harry Nach,49,Unknown,106.0
6240,Harry Styles,95,Unknown,16.0
6241,Harry Toddler,26,Unknown,86.0
6242,HarrySong,53,Unknown,86.0
6243,Harsh,50,Unknown,98.0
6244,Harsh Symmetry,22,Unknown,67.0
6245,Harshdeep Kaur,60,Unknown,15.0
6246,Harshit Mehta,43,Unknown,98.0
6247,Haru Kitamura,61,Unknown,23.0
6248,Haruhiko Joh,24,Unknown,9.0
6249,Haruka Tomatsu,56,Unknown,91.0
6250,Haruki Sayama,21,Unknown,9.0
6251,Harvi,69,Unknown,16.0
6252,Hasan,37,Unknown,66.0
6253,Hasan Raheem,63,Unknown,11.0
6254,Hashback Hashish,26,Unknown,51.0
6255,Hashir,57,Unknown,40.0
6256,Hassan & Roshaan,52,Unknown,11.0
6257,Hasse & Kvinnaböske Band,32,Unknown,89.0
6258,Hasse Andersson,37,Unknown,89.0
6259,Hassisen Kone,38,Unknown,80.0
6260,Hate,21,Unknown,65.0
6261,Hatebreed,70,Unknown,71.0
6262,Hateen,33,Unknown,72.0
6263,Hatha Priya,66,Unknown,35.0
6264,Hatom,22,Unknown,53.0
6265,Hatred Surge,20,Unknown,68.0
6266,Hauhwii,34,Unknown,36.0
6267,Haujobb,21,Unknown,
6268,Have Fun Teaching,35,Unknown,
6269,Havelin,60,Unknown,19.0
6270,Havet,22,Unknown,67.0
6271,Havoc Brothers,56,Unknown,107.0
6272,Havoc Mathan,55,Unknown,107.0
6273,Havok,22,Unknown,65.0
6274,Havukruunu,20,Unknown,64.0
6275,Havva Öğüt,39,Unknown,116.0
6276,Hawk Nelson,58,Unknown,80.0
6277,Hawkeye,31,Unknown,86.0
6278,Hawthorne Heights,0,Unknown,72.0
6279,Hayd,71,Unknown,32.0
6280,Hayden Calnin,62,Unknown,19.0
6281,Hayki,43,Unknown,116.0
6282,Hayko Cepkin,41,Unknown,116.0
6283,Hayley Kiyoko,0,Unknown,11.0
6284,Hayley Westenra,29,Unknown,22.0
6285,Hayley Williams,1,Unknown,11.0
6286,Hayseed Dixie,28,Unknown,17.0
6287,Haze,17,Unknown,10.0
6288,Hazen Street,31,Unknown,72.0
6289,He Is Legend,30,Unknown,72.0
6290,He Is We,57,Unknown,66.0
6291,Head Splitter,50,Unknown,41.0
6292,Headhunterz,61,Unknown,53.0
6293,Healing Sounds for Deep Sleep and Relaxation,38,Unknown,35.0
6294,Heart,75,Unknown,71.0
6295,Heart Attack Man,33,Unknown,66.0
6296,Heartless Bastards,49,Unknown,2.0
6297,Heartthrob,8,Unknown,44.0
6298,Heather Small,27,Unknown,93.0
6299,Heather Sommer,61,Unknown,49.0
6300,Heatwave,31,Unknown,45.0
6301,Heaven 17,27,Unknown,59.0
6302,Heaven Shall Burn,42,Unknown,65.0
6303,Heavy Heavy Low Low,25,Unknown,77.0
6304,Heavy Metal Perse,30,Unknown,73.0
6305,Hebe Tien,60,Unknown,108.0
6306,Hecate Enthroned,17,Unknown,64.0
6307,Hector & Tito,1,Unknown,106.0
6308,Hector Gachan,59,Unknown,52.0
6309,Hector Rey,31,Unknown,110.0
6310,Hector Tricoche,30,Unknown,110.0
6311,Hector Warrens,60,Unknown,35.0
6312,Hedley,52,Unknown,80.0
6313,Heidi Blickenstaff,32,Unknown,31.0
6314,Heidi Ruud Ellingsen,22,Unknown,9.0
6315,Heimataerde,21,Unknown,
6316,Heinz Rudolf Kunze,40,Unknown,97.0
6317,Hektombe,18,Unknown,90.0
6318,Hel:sløwed,52,Unknown,61.0
6319,Helen Goodwin,35,Unknown,26.0
6320,Helen Humes,40,Unknown,2.0
6321,Helen Jane Long,31,Unknown,22.0
6322,Helen Sjöholm,36,Unknown,114.0
6323,Helena Timmers,47,Unknown,20.0
6324,Helios,49,Unknown,37.0
6325,Helker,29,Unknown,73.0
6326,Hell Is For Heroes,29,Unknown,93.0
6327,Hellberg,51,Unknown,47.0
6328,Hellbillies,46,Unknown,18.0
6329,Hellcrust,28,Unknown,65.0
6330,Hellions,30,Unknown,72.0
6331,Hello Artemisia!,65,Unknown,35.0
6332,Hello Sleepwalkers,60,Unknown,91.0
6333,Helloween,24,Unknown,71.0
6334,Hellripper,18,Unknown,64.0
6335,Helmet,62,Unknown,
6336,Helmut Wintermantel,18,Unknown,56.0
6337,Heloisa Rosa,46,Unknown,92.0
6338,Helzgloriam,0,Unknown,99.0
6339,Heléne Lundström,19,Unknown,9.0
6340,Hemant Kumar,58,Unknown,15.0
6341,Hennie Bekker,20,Unknown,22.0
6342,Henric Edström,37,Unknown,114.0
6343,Henrik Janson,51,Unknown,20.0
6344,Henrique & Diego,47,Unknown,112.0
6345,Henrique & Juliano,62,Unknown,112.0
6346,Henrique Camacho,61,Unknown,61.0
6347,Henrique Cerqueira,40,Unknown,28.0
6348,Henry,68,Unknown,104.0
6349,Henry Camelot,22,Unknown,9.0
6350,Henry Fiol,33,Unknown,110.0
6351,Henry Freitas,44,Unknown,95.0
6352,Henry Jackman,51,Unknown,93.0
6353,Henry Purcell,0,Unknown,21.0
6354,Hens,63,Unknown,113.0
6355,Hep Stars,30,Unknown,82.0
6356,Hepsi,42,Unknown,116.0
6357,Her,54,Unknown,96.0
6358,Her's,76,Unknown,11.0
6359,Herbert Grönemeyer,41,Unknown,97.0
6360,Herbert Vianna,37,Unknown,109.0
6361,Herbie Hancock,60,Unknown,23.0
6362,Here Comes The Kraken,23,Unknown,65.0
6363,Heritage United Musicians,36,Unknown,107.0
6364,Herman's Hermits,54,Unknown,84.0
6365,Hermanas Jimenez,31,Unknown,82.0
6366,Hermanos Carrion,39,Unknown,82.0
6367,Hermanos Rigual,33,Unknown,113.0
6368,Hermetica,43,Unknown,73.0
6369,Hermitude,57,Unknown,51.0
6370,Herobust,46,Unknown,47.0
6371,Heroes Del Silencio,69,Unknown,113.0
6372,Herr D.K.,37,Unknown,81.0
6373,Herra Ylppö,40,Unknown,80.0
6374,Heruin,43,Unknown,77.0
6375,Herva Doce,44,Unknown,6.0
6376,Hether,55,Unknown,52.0
6377,Hety and Zambo,28,Unknown,86.0
6378,Hevo 84,47,Unknown,92.0
6379,Hex Cougar,39,Unknown,47.0
6380,Hi Hat Henry,35,Unknown,34.0
6381,Hi I'm Ghost,45,Unknown,47.0
6382,Hi Profile,40,Unknown,61.0
6383,Hi! Spencer,36,Unknown,80.0
6384,Hi-Rez,45,Unknown,11.0
6385,Hi-STANDARD,34,Unknown,103.0
6386,Hicksville Bombers,22,Unknown,84.0
6387,Hidden Agenda,16,Unknown,46.0
6388,Hidden Empire,52,Unknown,60.0
6389,Hidden Message,39,Unknown,81.0
6390,Hidehiko Ishizuka,34,Unknown,9.0
6391,Hideki Taniuchi,49,Unknown,91.0
6392,Hideyuki Hashimoto,57,Unknown,23.0
6393,Hidra,48,Unknown,116.0
6394,High Contrast,57,Unknown,46.0
6395,High Fidelity,21,Unknown,17.0
6396,High Sunn,62,Unknown,52.0
6397,High Tone,24,Unknown,47.0
6398,High Valley,0,Unknown,18.0
6399,High Voltage,20,Unknown,53.0
6400,Highland Peak,46,Unknown,24.0
6401,Highlands Worship,54,Unknown,117.0
6402,Highlnd,47,Unknown,47.0
6403,Highlonesome,22,Unknown,67.0
6404,Highly Suspect,65,Unknown,63.0
6405,Higuchi Ai,65,Unknown,25.0
6406,Hijazi,51,Unknown,51.0
6407,Hikaru Shirosu,52,Unknown,91.0
6408,Hikaru Utada,65,Unknown,91.0
6409,Hilary Stagg,52,Unknown,22.0
6410,Hildemaro,29,Unknown,110.0
6411,Hildur Guðnadóttir,53,Unknown,37.0
6412,Hilera,41,Unknown,80.0
6413,Hilight Tribe,62,Unknown,61.0
6414,Hillbilly Casino,25,Unknown,79.0
6415,Hillbilly Hellcats,25,Unknown,84.0
6416,Hillbilly Rawhide,36,Unknown,80.0
6417,Hillsong Em Português,43,Unknown,28.0
6418,Hillsong Kids,38,Unknown,117.0
6419,Hillsong UNITED,71,Unknown,63.0
6420,Hillsong Worship,66,Unknown,117.0
6421,Hillsong Young & Free,54,Unknown,117.0
6422,Himekami,29,Unknown,22.0
6423,Himera,16,Unknown,41.0
6424,Himesh Reshammiya,67,Unknown,15.0
6425,Hinatazaka46,37,Unknown,102.0
6426,Hinder,73,Unknown,63.0
6427,Hins Cheung,58,Unknown,94.0
6428,Hinshi,55,Unknown,40.0
6429,Hip Hop Harry,35,Unknown,
6430,Hiphop Tamizha,66,Unknown,1.0
6431,Hippie Sabotage,61,Unknown,51.0
6432,Hird,19,Unknown,62.0
6433,Hiroaki Tsutsumi,52,Unknown,91.0
6434,Hiroco.M,59,Unknown,23.0
6435,Hirofumi Nakamura,21,Unknown,20.0
6436,Hiroko Murakami,60,Unknown,23.0
6437,Hiroshi Koitabashi,24,Unknown,9.0
6438,Hiroyuki Sawano,62,Unknown,91.0
6439,His Hero Is Gone,25,Unknown,68.0
6440,Hisohkah,68,Unknown,40.0
6441,Hitman Blues Band,24,Unknown,20.0
6442,Hitomi Shimatani,17,Unknown,101.0
6443,Hitorie,52,Unknown,91.0
6444,Hixxy,25,Unknown,10.0
6445,Hiérophante,42,Unknown,41.0
6446,Hjalle & Heavy,38,Unknown,81.0
6447,Hobo Johnson,55,Unknown,66.0
6448,Hocico,23,Unknown,
6449,Hockey Dad,28,Unknown,52.0
6450,Hoffy Beats,50,Unknown,5.0
6451,Hofmästarn,31,Unknown,67.0
6452,Hogland,59,Unknown,43.0
6453,Hojean,63,Unknown,40.0
6454,Holding Absence,66,Unknown,77.0
6455,Hole,69,Unknown,63.0
6456,Holem,62,Unknown,40.0
6457,Hollandse Herrie,25,Unknown,53.0
6458,Hollow Coves,74,Unknown,19.0
6459,Hollow Front,49,Unknown,77.0
6460,Holly,49,Unknown,51.0
6461,Holly Humberstone,1,Unknown,25.0
6462,Hollywood Undead,70,Unknown,76.0
6463,Holy Fuck,54,Unknown,51.0
6464,Hombres G,78,Unknown,113.0
6465,Home,71,Unknown,40.0
6466,Honey Dijon,59,Unknown,43.0
6467,Honeybucket,26,Unknown,17.0
6468,Hong Ronghong,25,Unknown,108.0
6469,Honk!,29,Unknown,57.0
6470,Honky Tonk Hustlas,29,Unknown,67.0
6471,Hoobastank,81,Unknown,63.0
6472,Hoodoo Gurus,35,Unknown,78.0
6473,Hoody,55,Unknown,40.0
6474,Hoolahoop,40,Unknown,81.0
6475,HooplaKidz,47,Unknown,26.0
6476,Hootie & The Blowfish,0,Unknown,32.0
6477,Hooverphonic,61,Unknown,51.0
6478,Hope Tala,56,Unknown,40.0
6479,Hopex,51,Unknown,116.0
6480,Hopscotch Songs,49,Unknown,26.0
6481,Horace Andy,30,Unknown,47.0
6482,Horace Brown,40,Unknown,102.0
6483,Horacio Guarany,46,Unknown,19.0
6484,Horacio Salgán,16,Unknown,115.0
6485,Horcas,34,Unknown,73.0
6486,Horisont,26,Unknown,79.0
6487,Horizon Blue,62,Unknown,96.0
6488,Horn,22,Unknown,64.0
6489,Horrible Creatures,28,Unknown,65.0
6490,Horror Section,23,Unknown,78.0
6491,Horrorpops,36,Unknown,81.0
6492,Horseshoes & Hand Grenades,32,Unknown,17.0
6493,Hot Buttered Rum,29,Unknown,17.0
6494,Hot Chelle Rae,73,Unknown,80.0
6495,Hot Chip,45,Unknown,59.0
6496,Hot Chocolate,72,Unknown,45.0
6497,Hot Flash Heat Wave,60,Unknown,52.0
6498,Hot Rize,29,Unknown,17.0
6499,Hot Shade,74,Unknown,49.0
6500,Hot Since 82,58,Unknown,43.0
6501,Hot Water Music,35,Unknown,66.0
6502,Hotcaller,37,Unknown,41.0
6503,Hotelo,41,Unknown,109.0
6504,House Of Pain,74,Unknown,71.0
6505,House Rockerz,39,Unknown,97.0
6506,Housefires,62,Unknown,117.0
6507,Housenick,42,Unknown,69.0
6508,Hov1,45,Unknown,114.0
6509,Howard Blake,0,Unknown,93.0
6510,Howard Jones,24,Unknown,59.0
6511,Howard Roberts,28,Unknown,20.0
6512,Howie B.,49,Unknown,62.0
6513,Howie Day,67,Unknown,24.0
6514,Howlin' Wolf,62,Unknown,24.0
6515,Hozho,51,Unknown,60.0
6516,Hozier,83,Unknown,32.0
6517,Hoàng Dũng,58,Unknown,32.0
6518,Hrag Mikkel,48,Unknown,51.0
6519,Hriday Gattani,44,Unknown,74.0
6520,Hu Xia,58,Unknown,108.0
6521,Huang Yee Ling,23,Unknown,108.0
6522,Hubert Wu,23,Unknown,94.0
6523,Hucci,58,Unknown,51.0
6524,Huda Hudia,13,Unknown,38.0
6525,Hudson Mohawke,67,Unknown,51.0
6526,Huerco S.,18,Unknown,41.0
6527,Hues Corporation,65,Unknown,45.0
6528,Huey Dunbar,30,Unknown,110.0
6529,Hugar,53,Unknown,37.0
6530,Hugh Hardie,21,Unknown,46.0
6531,Hugh Jackman,72,Unknown,31.0
6532,Hugh Masekela,19,Unknown,90.0
6533,Hugo,62,Unknown,19.0
6534,Hugo & Vitor,62,Unknown,112.0
6535,Hugo Del Carril,32,Unknown,115.0
6536,Hugo Del Vecchio,46,Unknown,112.0
6537,Hugo Díaz,19,Unknown,115.0
6538,Hugo Henrique,47,Unknown,112.0
6539,Hugo TSR,39,Unknown,96.0
6540,Huichol Musical,45,Unknown,106.0
6541,Hujan,55,Unknown,107.0
6542,Hulder,19,Unknown,64.0
6543,Huma,71,Unknown,35.0
6544,Human Remains,13,Unknown,68.0
6545,Human Resource,19,Unknown,10.0
6546,Humberto & Ronaldo,59,Unknown,95.0
6547,Humberto Gessinger,46,Unknown,92.0
6548,Humbreaders,40,Unknown,103.0
6549,Hummingbird of Death,13,Unknown,68.0
6550,Hunter Foster,27,Unknown,31.0
6551,Hunter Hayes,56,Unknown,18.0
6552,Hunter Parrish,27,Unknown,31.0
6553,Huntingtons,22,Unknown,78.0
6554,Huora,35,Unknown,80.0
6555,Hurricane,47,Unknown,19.0
6556,Hurula,36,Unknown,114.0
6557,Huset,27,Unknown,67.0
6558,Hush Little Baby,44,Unknown,26.0
6559,Husman,55,Unknown,61.0
6560,Huxley,0,Unknown,43.0
6561,Hva Snakker Du Om?,27,Unknown,27.0
6562,Hwa Sa,72,Unknown,104.0
6563,Hybrid,38,Unknown,38.0
6564,Hybrid Minds,62,Unknown,46.0
6565,Hyjacked,56,Unknown,53.0
6566,Hype Duo,35,Unknown,27.0
6567,Hyper,60,Unknown,41.0
6568,Hyperanhas,49,Unknown,3.0
6569,Hyperflow,40,Unknown,61.0
6570,Hypnose,20,Unknown,53.0
6571,Hypocrisy,49,Unknown,64.0
6572,Hyro The Hero,50,Unknown,77.0
6573,Hysta,54,Unknown,72.0
6574,Hysteric Panic,24,Unknown,101.0
6575,HyunA,66,Unknown,104.0
6576,HyunA&DAWN,68,Unknown,104.0
6577,HØNEST,51,Unknown,69.0
6578,Hästpojken,29,Unknown,67.0
6579,Håkan Hellström,47,Unknown,67.0
6580,"Héctor ""El Father""",0,Unknown,105.0
6581,Héctor Lavoe,34,Unknown,110.0
6582,Héctor Mauré,16,Unknown,115.0
6583,Héctor Varela,22,Unknown,115.0
6584,Héctor Varela y su Orquesta Típica,23,Unknown,115.0
6585,Höhner,32,Unknown,57.0
6586,Höröyá,18,Unknown,90.0
6587,Hümeyra,36,Unknown,103.0
6588,Hüsker Dü,24,Unknown,78.0
6589,Hüsnü Arkan,49,Unknown,103.0
6590,I AM,27,Unknown,64.0
6591,I AM THEY,62,Unknown,117.0
6592,I Am King,62,Unknown,72.0
6593,I DONT KNOW HOW BUT THEY FOUND ME,71,Unknown,63.0
6594,I Declare War,26,Unknown,65.0
6595,I Don't Like Mondays.,58,Unknown,102.0
6596,I Hate Models,49,Unknown,56.0
6597,I Met a Yeti,29,Unknown,72.0
6598,I Monster,67,Unknown,51.0
6599,I Prevail,68,Unknown,76.0
6600,I Quu,35,Unknown,100.0
6601,I See Stars,52,Unknown,65.0
6602,I Was A King,20,Unknown,78.0
6603,I Wayne,27,Unknown,86.0
6604,I'm With Her,50,Unknown,17.0
6605,I-LAND,65,Unknown,104.0
6606,IA,0,Unknown,91.0
6607,IAM,32,Unknown,96.0
6608,IAMX,46,Unknown,
6609,IAmChino,71,Unknown,88.0
6610,ICE-T,0,Unknown,72.0
6611,ICEHOUSE,28,Unknown,59.0
6612,ICO,33,Unknown,96.0
6613,ID,42,Unknown,58.0
6614,IFÁ,18,Unknown,90.0
6615,IIIrd Tyme Out,22,Unknown,17.0
6616,ILLENIUM,70,Unknown,47.0
6617,ILS,44,Unknown,38.0
6618,INF1N1TE,39,Unknown,47.0
6619,INHUMAN,45,Unknown,47.0
6620,INNA,70,Unknown,54.0
6621,INSITE,38,Unknown,80.0
6622,INTERSECTION,49,Unknown,102.0
6623,INTRN,49,Unknown,40.0
6624,INXS,1,Unknown,3.0
6625,ION LIL GUT,57,Unknown,36.0
6626,IQ,27,Unknown,86.0
6627,ISHA,35,Unknown,96.0
6628,ISK,1,Unknown,96.0
6629,ISOxo,50,Unknown,51.0
6630,ITHAN NY,44,Unknown,106.0
6631,ITZY,78,Unknown,104.0
6632,IU,73,Unknown,104.0
6633,IVE,88,Unknown,104.0
6634,IVYSON,47,Unknown,109.0
6635,IWL,54,Unknown,40.0
6636,IWaata,22,Unknown,100.0
6637,IZ*ONE,66,Unknown,104.0
6638,IZAL,61,Unknown,113.0
6639,Iamthecoffin.,26,Unknown,52.0
6640,Ian Bagg,21,Unknown,27.0
6641,Ian Edwards,24,Unknown,27.0
6642,Ian Munsick,0,Unknown,18.0
6643,Ibiza Pareo,36,Unknown,51.0
6644,Ice Cube,82,Unknown,3.0
6645,Ice Nine Kills,64,Unknown,25.0
6646,Ice Prince,61,Unknown,86.0
6647,Ice Seguerra,25,Unknown,24.0
6648,Ichika Nito,55,Unknown,20.0
6649,Ichiko Aoba,58,Unknown,24.0
6650,Icon For Hire,60,Unknown,67.0
6651,Icona Pop,70,Unknown,49.0
6652,Iconili,18,Unknown,90.0
6653,Idealism,67,Unknown,40.0
6654,Idi Akz,66,Unknown,40.0
6655,Idin Samimi Mofakham,0,Unknown,99.0
6656,Idina Menzel,75,Unknown,31.0
6657,Idkconundrum,32,Unknown,36.0
6658,Idlefon,2,Unknown,99.0
6659,Idoling!!!,44,Unknown,101.0
6660,Iggy Pop,73,Unknown,80.0
6661,Ignacio Corsini,20,Unknown,115.0
6662,Ignaz Friedman,54,Unknown,23.0
6663,Igneous Flame,23,Unknown,37.0
6664,Ignotus,26,Unknown,113.0
6665,Igor Kwiatkowski,20,Unknown,9.0
6666,Igor Talkov,34,Unknown,30.0
6667,Iguinho & Lulinha,37,Unknown,95.0
6668,Iguinho e Lulinha,56,Unknown,95.0
6669,Igulfrid,68,Unknown,23.0
6670,Igão,44,Unknown,3.0
6671,Ihsahn,43,Unknown,64.0
6672,Ikaya,18,Unknown,100.0
6673,Ike & Tina Turner,0,Unknown,6.0
6674,Ikebe Shakedown,51,Unknown,90.0
6675,Ikimonogakari,70,Unknown,91.0
6676,Ikke Hüftgold,37,Unknown,45.0
6677,Ikson,53,Unknown,114.0
6678,Il Divo,58,Unknown,29.0
6679,Il Volo,51,Unknown,29.0
6680,Ilaiyaraaja,62,Unknown,104.0
6681,Ilan Bluestone,46,Unknown,58.0
6682,Ilan Eshkeri,47,Unknown,93.0
6683,Ilaria De Rosa,22,Unknown,9.0
6684,Ilario Alicante,50,Unknown,56.0
6685,Ilija Djokovic,56,Unknown,51.0
6686,Iliza Shlesinger,28,Unknown,27.0
6687,Ilkae,15,Unknown,55.0
6688,Ilkan Gunuc,60,Unknown,43.0
6689,Ilkay Akkaya,39,Unknown,116.0
6690,Ilkay Sencan,70,Unknown,43.0
6691,Ill Niño,55,Unknown,
6692,Illdisposed,21,Unknown,65.0
6693,Illuminine,54,Unknown,37.0
6694,Illy,46,Unknown,109.0
6695,Ilover,20,Unknown,90.0
6696,Ilya Beshevli,51,Unknown,37.0
6697,Ima Rayner,60,Unknown,23.0
6698,Imad,57,Unknown,51.0
6699,Imaginary Future,59,Unknown,19.0
6700,Imaginasamba,51,Unknown,
6701,Imagination,63,Unknown,45.0
6702,Imagination Movers,8,Unknown,26.0
6703,Imagine Dragons,89,Unknown,83.0
6704,Imanbek,87,Unknown,42.0
6705,Imany,66,Unknown,96.0
6706,Imelda May,28,Unknown,84.0
6707,Imelda Miller,37,Unknown,82.0
6708,Imenella,31,Unknown,86.0
6709,Imfinenow,42,Unknown,40.0
6710,Immanuel Henry,25,Unknown,107.0
6711,Immer Hansi,36,Unknown,53.0
6712,Imminence,52,Unknown,77.0
6713,Immortal,44,Unknown,64.0
6714,Imo-Kin Trio,25,Unknown,60.0
6715,Impact & Resist,18,Unknown,10.0
6716,Impacto Crea,29,Unknown,110.0
6717,Impaled,15,Unknown,68.0
6718,Impaled Nazarene,44,Unknown,64.0
6719,Imperative Reaction,27,Unknown,
6720,Imperatorz,49,Unknown,53.0
6721,Imperial,0,Unknown,53.0
6722,Imperial Circus Dead Decadence,47,Unknown,65.0
6723,Imperialist,21,Unknown,64.0
6724,Imperiet,37,Unknown,81.0
6725,Imperio,30,Unknown,61.0
6726,Impetigo,21,Unknown,68.0
6727,Implore,16,Unknown,68.0
6728,Imran Khan,71,Unknown,1.0
6729,In Aphelion,20,Unknown,64.0
6730,In Element,43,Unknown,65.0
6731,In Flames,63,Unknown,65.0
6732,In Hearts Wake,26,Unknown,77.0
6733,In Solitude,20,Unknown,73.0
6734,In Strict Confidence,22,Unknown,
6735,In The Burial,23,Unknown,64.0
6736,In The Woods...,17,Unknown,64.0
6737,In Twilight's Embrace,19,Unknown,64.0
6738,In-Phase,21,Unknown,53.0
6739,InDharma,31,Unknown,72.0
6740,InMe,27,Unknown,93.0
6741,Ina Colada,28,Unknown,57.0
6742,Ina Forsman,34,Unknown,2.0
6743,Ina Wroldsen,66,Unknown,54.0
6744,Incantation,18,Unknown,64.0
6745,Incendiary,29,Unknown,72.0
6746,Incubus,75,Unknown,63.0
6747,India Martinez,69,Unknown,113.0
6748,Indian Ocean,39,Unknown,19.0
6749,IndianRaga,47,Unknown,98.0
6750,Indigo Pool,62,Unknown,96.0
6751,Indila,78,Unknown,96.0
6752,Indivision,20,Unknown,46.0
6753,Indochine,64,Unknown,96.0
6754,Infames Ska,32,Unknown,89.0
6755,Infant Annihilator,46,Unknown,65.0
6756,Infected Mushroom,54,Unknown,61.0
6757,Inferi,18,Unknown,64.0
6758,Infierno 18,37,Unknown,80.0
6759,Infinite Scale,13,Unknown,55.0
6760,Informatik,22,Unknown,
6761,Infraction,44,Unknown,41.0
6762,Ingested,44,Unknown,65.0
6763,Ingo ohne Flamingo,31,Unknown,57.0
6764,Ingrid Andress,68,Unknown,18.0
6765,Ingrid Michaelson,63,Unknown,24.0
6766,Ingrid Olsson,40,Unknown,23.0
6767,Inhaler,60,Unknown,63.0
6768,Inheres,35,Unknown,91.0
6769,Ini Kamoze,58,Unknown,47.0
6770,Inimigos Da HP,48,Unknown,
6771,Inimigos Do Rei,40,Unknown,6.0
6772,Ink Heart,44,Unknown,98.0
6773,Inkubus Sukkubus,23,Unknown,67.0
6774,Innellea,45,Unknown,51.0
6775,Inner Circle,72,Unknown,87.0
6776,Inner City,58,Unknown,44.0
6777,Inocentes,33,Unknown,72.0
6778,Inpetto,47,Unknown,43.0
6779,Inquisition,20,Unknown,64.0
6780,InsideInfo,30,Unknown,46.0
6781,Insomniacks,62,Unknown,107.0
6782,Insomnium,48,Unknown,65.0
6783,Inspector,45,Unknown,63.0
6784,Institute,24,Unknown,52.0
6785,Instituto,43,Unknown,92.0
6786,Instrumental Worship Project from I’m In Records,38,Unknown,23.0
6787,Insult,23,Unknown,68.0
6788,Insurgent,33,Unknown,53.0
6789,Integral Rigor,1,Unknown,99.0
6790,Intence,27,Unknown,86.0
6791,Interactive,20,Unknown,10.0
6792,Interactive Noise,33,Unknown,61.0
6793,Internal Rot,20,Unknown,68.0
6794,Interpuesto,48,Unknown,63.0
6795,Intimistas,43,Unknown,
6796,Into The Pale Abyss,16,Unknown,41.0
6797,Intocable,54,Unknown,105.0
6798,Intoxicados,39,Unknown,89.0
6799,Invector,23,Unknown,53.0
6800,Invent Animate,49,Unknown,77.0
6801,Invisible Motion,62,Unknown,35.0
6802,Iné Kafe,36,Unknown,80.0
6803,Ion Miles,40,Unknown,97.0
6804,Ira Stein,22,Unknown,22.0
6805,Ira!,42,Unknown,109.0
6806,Irem,43,Unknown,116.0
6807,Irene Cara,72,Unknown,45.0
6808,Irina Karatcheva,0,Unknown,30.0
6809,Irma Thomas,56,Unknown,2.0
6810,Irmã Kelly Patrícia,43,Unknown,92.0
6811,Irmão Lázaro,42,Unknown,95.0
6812,Iron & Wine,69,Unknown,19.0
6813,Iron Butterfly,57,Unknown,79.0
6814,Iron Lung,18,Unknown,68.0
6815,Iron Maiden,75,Unknown,71.0
6816,Irving Force,44,Unknown,41.0
6817,Isaac Dunbar,60,Unknown,11.0
6818,Isaac Hayes,0,Unknown,45.0
6819,Isaac Nash,50,Unknown,23.0
6820,Isabel Dörfler,23,Unknown,31.0
6821,Isabel Jacobetty,19,Unknown,9.0
6822,Isabella Celander,58,Unknown,24.0
6823,Isabella Taviani,40,Unknown,109.0
6824,Isadora Pompeo,51,Unknown,92.0
6825,Isaias Saad,58,Unknown,92.0
6826,Isak Danielson,74,Unknown,32.0
6827,Isan,38,Unknown,55.0
6828,Isengard,17,Unknown,64.0
6829,Ishawna,59,Unknown,86.0
6830,Ishiban,28,Unknown,47.0
6831,Ishome,44,Unknown,37.0
6832,Isi Glück,22,Unknown,57.0
6833,Isla Bell,43,Unknown,23.0
6834,Ismael Miranda,32,Unknown,110.0
6835,Ismael Quintana,30,Unknown,110.0
6836,Ismael Rivera Y Sus Cachimbos,29,Unknown,110.0
6837,Isolated,37,Unknown,47.0
6838,Ison & Fille,36,Unknown,114.0
6839,Israel & Rodolffo,44,Unknown,112.0
6840,Israel Novaes,47,Unknown,95.0
6841,Israel Salazar,47,Unknown,92.0
6842,Israel Vibration,56,Unknown,47.0
6843,Israeli Chicks,28,Unknown,52.0
6844,Israell Muniz,39,Unknown,95.0
6845,Issac Delgado,27,Unknown,110.0
6846,Issues,0,Unknown,76.0
6847,Istanbul Trip,43,Unknown,116.0
6848,Istapp,19,Unknown,64.0
6849,Isusko,29,Unknown,113.0
6850,It Dies Today,34,Unknown,72.0
6851,"It Lives, It Breathes",50,Unknown,61.0
6852,It's DPK,60,Unknown,98.0
6853,Itsy Bitsy,48,Unknown,26.0
6854,Itsy Bitsy Spider Kids,59,Unknown,26.0
6855,Ituana,0,Unknown,5.0
6856,Ivan & Alyosha,55,Unknown,24.0
6857,Ivan Bielsa,51,Unknown,20.0
6858,Ivan Carsten,21,Unknown,53.0
6859,Ivan Ferreiro,56,Unknown,113.0
6860,Ivan Gough,63,Unknown,58.0
6861,Ivan Kozlovsky,6,Unknown,30.0
6862,Ivan Petrov,7,Unknown,30.0
6863,Ivan Rebroff,33,Unknown,30.0
6864,Ivan komarenko,31,Unknown,45.0
6865,Ivana Spagna,32,Unknown,45.0
6866,Ivana Wong,32,Unknown,94.0
6867,Ivete Sangalo,43,Unknown,109.0
6868,Ivory,28,Unknown,67.0
6869,Iván Ferrús,19,Unknown,64.0
6870,Ixuol,1,Unknown,99.0
6871,Iyanya,59,Unknown,86.0
6872,Iyaz,76,Unknown,42.0
6873,Izabella Jur'eva,0,Unknown,30.0
6874,Izabella Yurieva,1,Unknown,30.0
6875,Izzamuzzic,78,Unknown,50.0
6876,Izzchughtai,48,Unknown,74.0
6877,Izzy Bizu,60,Unknown,93.0
6878,Izzy Vadim,36,Unknown,48.0
6879,Izïa,34,Unknown,96.0
6880,J Alvarez,0,Unknown,105.0
6881,J Balvin,88,Unknown,105.0
6882,J Boog,64,Unknown,102.0
6883,J Capri,61,Unknown,86.0
6884,J Majik,15,Unknown,46.0
6885,J Neto,42,Unknown,28.0
6886,J Prince,18,Unknown,90.0
6887,J SOUL BROTHERS III,38,Unknown,102.0
6888,J-King y Maximan,0,Unknown,106.0
6889,J-Que Beenz,45,Unknown,24.0
6890,J. Cole,88,Unknown,1.0
6891,J. Red (The Nephew),33,Unknown,2.0
6892,J. Worra,70,Unknown,43.0
6893,J.D. Crowe,24,Unknown,17.0
6894,J.D. Crowe & The New South,33,Unknown,17.0
6895,J.J. Cale,66,Unknown,2.0
6896,J.M. Silk,14,Unknown,39.0
6897,J.Sheon,54,Unknown,108.0
6898,J9ueve,36,Unknown,96.0
6899,JACK,62,Unknown,43.0
6900,JACKIE EXTREME,16,Unknown,41.0
6901,JADED,64,Unknown,43.0
6902,JADY,54,Unknown,36.0
6903,JAM Project,61,Unknown,91.0
6904,JANE HANDCOCK,6,Unknown,3.0
6905,JAWNY,75,Unknown,11.0
6906,JB,36,Unknown,114.0
6907,JBABE,38,Unknown,51.0
6908,JBee,77,Unknown,40.0
6909,JC 陳詠桐,59,Unknown,94.0
6910,JD McPherson,0,Unknown,2.0
6911,JDS,10,Unknown,38.0
6912,JEANIE,42,Unknown,48.0
6913,JEEMBO,43,Unknown,66.0
6914,JENNIE,73,Unknown,104.0
6915,JEON SOMI,66,Unknown,104.0
6916,JERRY,66,Unknown,16.0
6917,JES,0,Unknown,61.0
6918,JGSW,19,Unknown,53.0
6919,JIN,75,Unknown,104.0
6920,JJ,72,Unknown,114.0
6921,JJ Heller,57,Unknown,24.0
6922,JJ Lin,62,Unknown,108.0
6923,JM Puxado,40,Unknown,95.0
6924,JODA,36,Unknown,58.0
6925,JOHNNASCUS,21,Unknown,
6926,JON,58,Unknown,23.0
6927,JON VINYL,57,Unknown,40.0
6928,JONY,71,Unknown,42.0
6929,JORDY,58,Unknown,32.0
6930,JOY.,61,Unknown,50.0
6931,JOYRYDE,55,Unknown,51.0
6932,JP Cooper,0,Unknown,54.0
6933,JPB,55,Unknown,49.0
6934,JPD,40,Unknown,97.0
6935,JPEGMAFIA,64,Unknown,25.0
6936,JS o Mão de Ouro,44,Unknown,3.0
6937,JUDE,43,Unknown,94.0
6938,JUN SKY WALKER(S),36,Unknown,103.0
6939,JUNG,0,Unknown,114.0
6940,JUNNA,51,Unknown,91.0
6941,JUNNY,65,Unknown,40.0
6942,JVKE,81,Unknown,11.0
6943,JVLIAH,38,Unknown,41.0
6944,JVNA,41,Unknown,47.0
6945,JW,19,Unknown,94.0
6946,JYLPO,59,Unknown,40.0
6947,Jaani,66,Unknown,16.0
6948,Jacco,36,Unknown,114.0
6949,Jace Chan,52,Unknown,94.0
6950,Jacek Skubikowski,23,Unknown,59.0
6951,Jacek Stachursky,34,Unknown,45.0
6952,Jack Back,57,Unknown,58.0
6953,Jack Bruce,32,Unknown,2.0
6954,Jack Cardwell,13,Unknown,4.0
6955,Jack Gelee,25,Unknown,57.0
6956,Jack Harlow,86,Unknown,1.0
6957,Jack Hartmann,38,Unknown,
6958,Jack Hylton & His Orchestra,23,Unknown,100.0
6959,Jack Jones,0,Unknown,102.0
6960,Jack Kays,61,Unknown,66.0
6961,Jack Out,34,Unknown,66.0
6962,Jack Rosslyn,61,Unknown,35.0
6963,Jack Savoretti,50,Unknown,24.0
6964,Jack Stauber,75,Unknown,74.0
6965,Jack White,58,Unknown,2.0
6966,Jack Wins,58,Unknown,43.0
6967,Jack Ü,74,Unknown,42.0
6968,Jack's Mannequin,30,Unknown,23.0
6969,Jackie Evancho,42,Unknown,29.0
6970,Jackie Mittoo,40,Unknown,90.0
6971,Jackie Neal,38,Unknown,2.0
6972,Jackie Wilson,72,Unknown,2.0
6973,Jackie Xan,56,Unknown,36.0
6974,Jackro,22,Unknown,53.0
6975,Jackson Browne,61,Unknown,23.0
6976,Jackson Hacking,38,Unknown,34.0
6977,Jackson Love,58,Unknown,23.0
6978,Jacky Cheung,56,Unknown,94.0
6979,Jacky Terrasson,30,Unknown,23.0
6980,Jacky Wu,21,Unknown,108.0
6981,Jacob,39,Unknown,61.0
6982,Jacob Collier,1,Unknown,25.0
6983,Jacob David,70,Unknown,21.0
6984,Jacob LaVallee,53,Unknown,23.0
6985,Jacob's Piano,55,Unknown,22.0
6986,Jacques,31,Unknown,96.0
6987,Jacques Blanc,60,Unknown,23.0
6988,Jacques Offenbach,57,Unknown,96.0
6989,Jada Kingdom,26,Unknown,86.0
6990,Jade Blue,29,Unknown,43.0
6991,Jade Key,33,Unknown,48.0
6992,Jaded Juice Riders,51,Unknown,52.0
6993,Jadon Lavik,56,Unknown,117.0
6994,Jads & Jadson,51,Unknown,112.0
6995,Jadu Heart,61,Unknown,7.0
6996,Jae Hall,57,Unknown,24.0
6997,Jafrass,22,Unknown,100.0
6998,Jagjit Singh,62,Unknown,104.0
6999,Jagoda & Brylant,29,Unknown,45.0
7000,Jah Fabio,32,Unknown,113.0
7001,Jah Nattoh,35,Unknown,113.0
7002,Jah Vinci,25,Unknown,86.0
7003,Jahshii,24,Unknown,100.0
7004,Jahvillani,23,Unknown,86.0
7005,Jahyanai,36,Unknown,86.0
7006,Jai Wolf,58,Unknown,49.0
7007,Jaigo Gill,43,Unknown,98.0
7008,Jaill,41,Unknown,97.0
7009,Jaime Guardia,27,Unknown,20.0
7010,Jain,60,Unknown,96.0
7011,Jair Rodrigues,45,Unknown,109.0
7012,Jairo Bonfim,39,Unknown,28.0
7013,Jairo Vera,52,Unknown,106.0
7014,Jaiz John,43,Unknown,107.0
7015,Jake Eaw,46,Unknown,91.0
7016,Jake Mandell,8,Unknown,55.0
7017,Jake Miller,60,Unknown,11.0
7018,Jake Owen,70,Unknown,18.0
7019,Jake Scott,61,Unknown,11.0
7020,Jake Thackray,23,Unknown,27.0
7021,Jakka-B,18,Unknown,10.0
7022,Jako Diaz,63,Unknown,96.0
7023,Jakob,67,Unknown,52.0
7024,Jakob Bro,22,Unknown,20.0
7025,Jakob Hellman,36,Unknown,114.0
7026,Jakob Karlberg,44,Unknown,114.0
7027,Jakob Sveistrup,19,Unknown,9.0
7028,Jaksi Taksi,36,Unknown,80.0
7029,Jaleh Negari,1,Unknown,99.0
7030,Jam & Spoon,35,Unknown,60.0
7031,Jam City,17,Unknown,41.0
7032,Jam Hsiao,33,Unknown,108.0
7033,Jamelão,37,Unknown,111.0
7034,"James ""Bla"" Pahinui",21,Unknown,20.0
7035,James Arthur,85,Unknown,16.0
7036,James Blake,65,Unknown,25.0
7037,James Blunt,76,Unknown,83.0
7038,James Brown,3,Unknown,3.0
7039,James Brown & The Famous Flames,1,Unknown,3.0
7040,James Deano,32,Unknown,96.0
7041,James Gang,64,Unknown,2.0
7042,James Hand,26,Unknown,4.0
7043,James Heather,60,Unknown,37.0
7044,James Hunter,40,Unknown,93.0
7045,James Hype,90,Unknown,42.0
7046,James Mercy,60,Unknown,49.0
7047,James Quinn,62,Unknown,23.0
7048,James Taylor,0,Unknown,19.0
7049,James Todd,20,Unknown,22.0
7050,James Vasanthan,65,Unknown,15.0
7051,Jameson Rodgers,40,Unknown,18.0
7052,Jamie Cullum,2,Unknown,102.0
7053,Jamie Jones,59,Unknown,43.0
7054,Jamie Kilstein,24,Unknown,27.0
7055,Jamie Miller,78,Unknown,7.0
7056,Jamie Muscato,62,Unknown,31.0
7057,Jamie Principle,21,Unknown,39.0
7058,Jamie xx,67,Unknown,51.0
7059,Jamily,46,Unknown,92.0
7060,Jammil E Uma Noites,42,Unknown,
7061,Jammy Weirdo,59,Unknown,98.0
7062,Jamsha,42,Unknown,106.0
7063,Jamule,42,Unknown,97.0
7064,Jan & Dean,2,Unknown,82.0
7065,Jan Ammann,24,Unknown,31.0
7066,Jan Blomqvist,62,Unknown,43.0
7067,Jan Jelinek,17,Unknown,56.0
7068,Jan Thiel,57,Unknown,23.0
7069,Jana Kramer,58,Unknown,18.0
7070,Jana Werner,23,Unknown,9.0
7071,Janaynna,43,Unknown,112.0
7072,Jane Good,64,Unknown,96.0
7073,Jane Huang,54,Unknown,108.0
7074,Jane Leslie,21,Unknown,22.0
7075,Jane Monheit,36,Unknown,5.0
7076,Jane's Addiction,66,Unknown,63.0
7077,Janelle Monáe,0,Unknown,25.0
7078,Janet Dacal,22,Unknown,31.0
7079,Janice Vidal,53,Unknown,94.0
7080,Janice Yan,48,Unknown,108.0
7081,Janine,58,Unknown,40.0
7082,Janis Joplin,70,Unknown,2.0
7083,Janis Martin,24,Unknown,84.0
7084,Janji,69,Unknown,49.0
7085,Janna Nick,45,Unknown,107.0
7086,Janne Lucas,41,Unknown,114.0
7087,Jannicke Kruse,20,Unknown,9.0
7088,Jantsen,23,Unknown,48.0
7089,Janusz Laskowski,32,Unknown,45.0
7090,Japanische Kampfhörspiele,12,Unknown,68.0
7091,Japanther,33,Unknown,52.0
7092,Japinha Conde,46,Unknown,112.0
7093,Japãozin,49,Unknown,95.0
7094,Jarabe De Palo,76,Unknown,113.0
7095,Jards Macalé,39,Unknown,111.0
7096,Jared Gertner,25,Unknown,31.0
7097,Jarhead Fertilizer,16,Unknown,68.0
7098,Jarico,46,Unknown,54.0
7099,Jaron Nurse,19,Unknown,90.0
7100,Jartisto,48,Unknown,9.0
7101,Jarvis Cocker,50,Unknown,93.0
7102,Jaska Mäkynen,33,Unknown,115.0
7103,Jasleen Royal,77,Unknown,98.0
7104,Jasmine Cephas-Jones,63,Unknown,31.0
7105,Jasmine Infiniti,17,Unknown,41.0
7106,Jasmine Sandlas,67,Unknown,16.0
7107,Jason & The Scorchers,25,Unknown,78.0
7108,Jason Aldean,46,Unknown,18.0
7109,Jason Allen,21,Unknown,27.0
7110,Jason Chan,55,Unknown,94.0
7111,Jason Derulo,81,Unknown,42.0
7112,Jason Manford,23,Unknown,27.0
7113,Jason Mraz,80,Unknown,24.0
7114,Jason Payne,25,Unknown,53.0
7115,Jason Ross,47,Unknown,47.0
7116,Jason Tam,26,Unknown,31.0
7117,Jason Upton,41,Unknown,117.0
7118,Jass Manak,67,Unknown,1.0
7119,Jassie Gift,57,Unknown,15.0
7120,Jatin-Lalit,72,Unknown,15.0
7121,Jaura Phagwara,66,Unknown,1.0
7122,Jauría,35,Unknown,80.0
7123,Jauz,59,Unknown,51.0
7124,Javed Ali,74,Unknown,15.0
7125,Javed-Mohsin,72,Unknown,16.0
7126,Javi Lobe,59,Unknown,23.0
7127,Javier Bátiz,37,Unknown,82.0
7128,Javier Camarena,20,Unknown,29.0
7129,Javier Vásquez,32,Unknown,110.0
7130,Javiera Mena,40,Unknown,51.0
7131,Jawad Ahmad,65,Unknown,16.0
7132,Jawsh 685,73,Unknown,16.0
7133,Jax,82,Unknown,32.0
7134,Jax Jones,83,Unknown,49.0
7135,Jay & The Americans,65,Unknown,6.0
7136,Jay Aliyev,46,Unknown,116.0
7137,Jay Chou,64,Unknown,108.0
7138,Jay Daniel,39,Unknown,44.0
7139,Jay Dunham,65,Unknown,41.0
7140,Jay Filson,26,Unknown,24.0
7141,Jay Fung,56,Unknown,94.0
7142,Jay Groovi,9,Unknown,34.0
7143,Jay Hardway,48,Unknown,58.0
7144,Jay Kava,58,Unknown,98.0
7145,Jay Lumen,55,Unknown,60.0
7146,Jay Mohr,19,Unknown,27.0
7147,Jay Park,70,Unknown,104.0
7148,Jay Pharoah,21,Unknown,27.0
7149,Jay Pryor,64,Unknown,43.0
7150,Jay Reatard,30,Unknown,52.0
7151,Jay Reeve,25,Unknown,53.0
7152,Jay Sean,78,Unknown,42.0
7153,Jay Wheeler,80,Unknown,106.0
7154,Jay-Jay Johanson,51,Unknown,62.0
7155,Jaya The Cat,32,Unknown,89.0
7156,Jayateerth Mevundi,30,Unknown,21.0
7157,Jaye Hammer,34,Unknown,2.0
7158,Jayke Orvis,25,Unknown,67.0
7159,Jayla Darden,53,Unknown,40.0
7160,Jaylon Ashaun,57,Unknown,40.0
7161,Jaymes Young,85,Unknown,16.0
7162,Jaz Dhami,59,Unknown,1.0
7163,"Jaz, The Legend",25,Unknown,34.0
7164,Jazzanova,46,Unknown,62.0
7165,Jazzarama,41,Unknown,34.0
7166,Jazzinuf,59,Unknown,40.0
7167,Jazzy Bazz,33,Unknown,96.0
7168,Jazzystics,0,Unknown,5.0
7169,Jbrisko,63,Unknown,36.0
7170,Jd Pantoja,0,Unknown,87.0
7171,Jean DeVoite,55,Unknown,23.0
7172,Jean Ferrat,38,Unknown,96.0
7173,Jean Sibelius,0,Unknown,21.0
7174,Jean du Voyage,51,Unknown,51.0
7175,Jean-Baptiste Lully,51,Unknown,96.0
7176,Jean-Jacques Goldman,32,Unknown,96.0
7177,Jean-Michel Blais,53,Unknown,37.0
7178,Jean-Philippe Rameau,64,Unknown,21.0
7179,Jeanne Added,29,Unknown,59.0
7180,Jebase,40,Unknown,114.0
7181,Jebroer,57,Unknown,53.0
7182,Jecin George,57,Unknown,49.0
7183,Jeeiph,0,Unknown,106.0
7184,Jeepstarr,32,Unknown,86.0
7185,Jeet Gannguli,70,Unknown,15.0
7186,Jefe,40,Unknown,116.0
7187,Jeff Allen,27,Unknown,27.0
7188,Jeff Beck,53,Unknown,2.0
7189,Jeff Bernat,65,Unknown,40.0
7190,Jeff Birma,64,Unknown,35.0
7191,Jeff Buckley,71,Unknown,32.0
7192,Jeff Chang,53,Unknown,108.0
7193,Jeff Floyd,38,Unknown,2.0
7194,Jeff Foxworthy,30,Unknown,27.0
7195,Jeff Fullyauto,28,Unknown,86.0
7196,Jeff Mills,45,Unknown,44.0
7197,Jeff Morales,28,Unknown,110.0
7198,Jeff Peterson,22,Unknown,20.0
7199,Jeff Riv3r & Mike F,54,Unknown,114.0
7200,Jeff Rosenstock,28,Unknown,78.0
7201,Jeff Wahl,21,Unknown,20.0
7202,Jefferson & Suellen,58,Unknown,92.0
7203,Jefferson Airplane,72,Unknown,2.0
7204,Jeffrey Iqbal,44,Unknown,98.0
7205,Jefte Santos,37,Unknown,69.0
7206,Jehan Barbur,41,Unknown,102.0
7207,Jehza,46,Unknown,87.0
7208,Jeito Moleque,55,Unknown,
7209,Jeloz,45,Unknown,87.0
7210,Jenevieve,68,Unknown,40.0
7211,Jenifer Lewis,65,Unknown,9.0
7212,Jennifer Cardini,1,Unknown,60.0
7213,Jennifer Lopez,79,Unknown,42.0
7214,Jennifer Rostock,40,Unknown,97.0
7215,Jennifer Thomas,21,Unknown,22.0
7216,Jenny Talia,22,Unknown,27.0
7217,Jenny Tseng,24,Unknown,94.0
7218,Jens Hult,35,Unknown,114.0
7219,Jer 柳應廷,55,Unknown,94.0
7220,Jeremy Camp,0,Unknown,63.0
7221,Jeremy Jordan,49,Unknown,31.0
7222,Jeremy Passion,64,Unknown,40.0
7223,Jeremy Weinglass,21,Unknown,22.0
7224,Jeremy Zucker,79,Unknown,50.0
7225,Jeric,28,Unknown,108.0
7226,Jerome Isma-Ae,11,Unknown,58.0
7227,Jerry Byrd,29,Unknown,20.0
7228,Jerry Di,1,Unknown,106.0
7229,Jerry Douglas,58,Unknown,17.0
7230,Jerry Galante,29,Unknown,110.0
7231,Jerry Garcia Band,28,Unknown,17.0
7232,Jerry Lee Lewis,68,Unknown,23.0
7233,Jerry Orbach,25,Unknown,31.0
7234,Jerry Rivera,38,Unknown,110.0
7235,Jerry's Kids,29,Unknown,72.0
7236,Jesper Munk,38,Unknown,2.0
7237,Jess Bays,63,Unknown,43.0
7238,Jess Benko,71,Unknown,32.0
7239,Jess Glynne,1,Unknown,54.0
7240,Jess Lee,54,Unknown,108.0
7241,Jess Penner,33,Unknown,24.0
7242,Jesse,66,Unknown,25.0
7243,Jesse & Joy,7,Unknown,105.0
7244,Jesse Barrera,62,Unknown,40.0
7245,Jesse Cook,44,Unknown,20.0
7246,Jesse Gold,62,Unknown,40.0
7247,Jesse Joyce,24,Unknown,27.0
7248,Jesse Popp,20,Unknown,27.0
7249,Jesse Rice,32,Unknown,20.0
7250,Jesse Saunders,32,Unknown,39.0
7251,Jessi,78,Unknown,104.0
7252,Jessi Campbell,22,Unknown,27.0
7253,Jessica Andrea,46,Unknown,40.0
7254,Jessica Grange,49,Unknown,20.0
7255,Jessica Keenan Wynn,67,Unknown,31.0
7256,Jessie Mueller,58,Unknown,31.0
7257,Jessie Ware,65,Unknown,93.0
7258,Jessy Bulbo,37,Unknown,52.0
7259,Jessé Aguiar,49,Unknown,92.0
7260,Jesus Culture,55,Unknown,117.0
7261,Jesus Piece,20,Unknown,64.0
7262,Jet,76,Unknown,63.0
7263,Jet Black Stare,59,Unknown,70.0
7264,Jethro Heston,62,Unknown,43.0
7265,Jethro Tull,63,Unknown,2.0
7266,Jey D,26,Unknown,86.0
7267,Jeyzer Maia,51,Unknown,92.0
7268,Jhayco,82,Unknown,105.0
7269,Jhonas Serra,46,Unknown,92.0
7270,Jia Jia,48,Unknown,108.0
7271,Jify,25,Unknown,107.0
7272,Jilax,42,Unknown,61.0
7273,Jill Johnson,33,Unknown,89.0
7274,Jill Vidal,19,Unknown,94.0
7275,Jillian Rossi,65,Unknown,32.0
7276,"Jim ""Kimo"" West",21,Unknown,20.0
7277,Jim & Jesse,29,Unknown,17.0
7278,Jim Brickman,57,Unknown,22.0
7279,Jim Croce,37,Unknown,18.0
7280,Jim Cummings,65,Unknown,26.0
7281,Jim Florentine,24,Unknown,27.0
7282,Jim Morrison,56,Unknown,79.0
7283,Jim Norton,33,Unknown,27.0
7284,Jim Vancleve,23,Unknown,17.0
7285,Jim Well Tempered,49,Unknown,23.0
7286,Jim White,38,Unknown,67.0
7287,Jim Yosef,55,Unknown,49.0
7288,Jim and Jesse and the Virginia Boys,32,Unknown,17.0
7289,Jimi Hendrix,77,Unknown,2.0
7290,"Jimmy ""Bo"" Horne",36,Unknown,45.0
7291,Jimmy Brown,61,Unknown,40.0
7292,Jimmy Buffett,0,Unknown,19.0
7293,Jimmy Carter and Dallas County Green,30,Unknown,79.0
7294,Jimmy Clanton,55,Unknown,82.0
7295,Jimmy Cliff,0,Unknown,87.0
7296,Jimmy Eat World,81,Unknown,63.0
7297,Jimmy Lite Hands,36,Unknown,34.0
7298,Jimmy Martin,26,Unknown,17.0
7299,Jimmy Ponder,23,Unknown,20.0
7300,Jimmy Rogers,50,Unknown,24.0
7301,Jimmy Saa,28,Unknown,110.0
7302,Jimmy Sabater,33,Unknown,110.0
7303,Jimmy Somerville,28,Unknown,59.0
7304,Jimmy Tailor,19,Unknown,53.0
7305,Jinny Ng,53,Unknown,94.0
7306,Jinsang,64,Unknown,40.0
7307,Jirou Soller,64,Unknown,35.0
7308,Jisatsu,54,Unknown,91.0
7309,Jitendra Abhisheki,34,Unknown,21.0
7310,Jitendra Thankur,43,Unknown,98.0
7311,Jitterin' Jinn,22,Unknown,84.0
7312,Jitz jz,54,Unknown,98.0
7313,Jiří Horák,66,Unknown,21.0
7314,Jkyl & Hyde,27,Unknown,47.0
7315,Jlyricz,16,Unknown,90.0
7316,Jo Ann Castle,16,Unknown,4.0
7317,Joachim Pastor,55,Unknown,96.0
7318,Joakim Berg,0,Unknown,114.0
7319,Joakim Lundell,46,Unknown,114.0
7320,Joakim Molitor,39,Unknown,114.0
7321,Joan Jett & the Blackhearts,78,Unknown,80.0
7322,Joan Magana,61,Unknown,35.0
7323,Joan Osborne,0,Unknown,32.0
7324,Joan Sebastian,52,Unknown,6.0
7325,Joanna Dong,47,Unknown,108.0
7326,Joanna Wang,46,Unknown,108.0
7327,Joao Do Vale,37,Unknown,95.0
7328,Joaquim Azevedo,59,Unknown,23.0
7329,Joaquim e Manuel,45,Unknown,112.0
7330,Joaquín Rodrigo,56,Unknown,20.0
7331,Joaquín Sabina,28,Unknown,113.0
7332,Job Kurian,53,Unknown,107.0
7333,Jobii,41,Unknown,34.0
7334,Jocelyn Brown,28,Unknown,45.0
7335,Joddla Med Siv,42,Unknown,89.0
7336,Jodi Benson,70,Unknown,9.0
7337,Jody Chiang,27,Unknown,108.0
7338,Jody Reynolds,23,Unknown,84.0
7339,Jody Wisternoff,51,Unknown,51.0
7340,Joe Arroyo,36,Unknown,110.0
7341,Joe Brooks,53,Unknown,24.0
7342,Joe Buck Yourself,32,Unknown,2.0
7343,Joe Clay,22,Unknown,84.0
7344,Joe Cocker,70,Unknown,2.0
7345,Joe Dassin,63,Unknown,96.0
7346,Joe DeRosa,22,Unknown,27.0
7347,Joe Diffie,46,Unknown,18.0
7348,Joe Flizzow,62,Unknown,107.0
7349,Joe Gibbs,24,Unknown,47.0
7350,Joe Gibbs & The Professionals,24,Unknown,47.0
7351,Joe Hisaishi,68,Unknown,91.0
7352,Joe Inoue,57,Unknown,102.0
7353,Joe Jackson,58,Unknown,78.0
7354,Joe Nichols,41,Unknown,18.0
7355,Joe Pass,48,Unknown,20.0
7356,Joe Quijano,32,Unknown,110.0
7357,Joe Sample,0,Unknown,23.0
7358,Joe Satriani,55,Unknown,20.0
7359,Joe Smooth,55,Unknown,39.0
7360,Joe Stone,51,Unknown,43.0
7361,Joe Strummer,15,Unknown,80.0
7362,Joe Vasconcellos,44,Unknown,63.0
7363,Joe Walsh,0,Unknown,2.0
7364,Joe Zimmerman,22,Unknown,27.0
7365,Joel Adams,71,Unknown,7.0
7366,Joel Carlo,50,Unknown,112.0
7367,Joel Corry,81,Unknown,42.0
7368,Joel Fletcher,40,Unknown,56.0
7369,Joel Grey,21,Unknown,31.0
7370,Joel Grind,21,Unknown,64.0
7371,Joell,45,Unknown,98.0
7372,Joep Beving,64,Unknown,37.0
7373,"Joey ""CoCo"" Diaz",22,Unknown,27.0
7374,Joey Cape,25,Unknown,24.0
7375,Joey Montana,66,Unknown,105.0
7376,Joey Negro,25,Unknown,43.0
7377,Joey Niceforo,19,Unknown,29.0
7378,Joey Riot,23,Unknown,10.0
7379,Joey Smith,38,Unknown,56.0
7380,Joey Yung,53,Unknown,94.0
7381,Johan Söderqvist,2,Unknown,114.0
7382,Johann Pachelbel,63,Unknown,21.0
7383,Johann Sebastian Bach,69,Unknown,21.0
7384,Johannes Brahms,40,Unknown,21.0
7385,John A. Nilson,50,Unknown,20.0
7386,John Adams,57,Unknown,24.0
7387,John Amplificado,44,Unknown,95.0
7388,John Archambault and David Plummer,50,Unknown,
7389,John B,17,Unknown,46.0
7390,John Berry,54,Unknown,17.0
7391,John Bishop,24,Unknown,27.0
7392,John Caparulo,21,Unknown,27.0
7393,John Coltrane,59,Unknown,5.0
7394,John Concepcion,59,Unknown,40.0
7395,John Dahlbäck,0,Unknown,58.0
7396,John Davis & The Monster Orchestra,30,Unknown,45.0
7397,John De Sohn,65,Unknown,49.0
7398,John Denver,75,Unknown,18.0
7399,John Doan,21,Unknown,22.0
7400,John Elliott,33,Unknown,24.0
7401,John Frusciante,54,Unknown,24.0
7402,John Hartford,32,Unknown,17.0
7403,John Keawe,26,Unknown,20.0
7404,John Lee Hooker,58,Unknown,2.0
7405,John Legend,85,Unknown,7.0
7406,John Lennon,77,Unknown,83.0
7407,John Lindberg Trio,38,Unknown,84.0
7408,John Lunn,49,Unknown,93.0
7409,John Martyn,59,Unknown,93.0
7410,John Mayall & The Bluesbreakers,57,Unknown,2.0
7411,John Mayer,74,Unknown,32.0
7412,John McLaughlin,22,Unknown,20.0
7413,John Michael Montgomery,0,Unknown,18.0
7414,John Paul Young,24,Unknown,45.0
7415,John Pinette,25,Unknown,27.0
7416,John Pizzarelli,24,Unknown,20.0
7417,John Powell,64,Unknown,93.0
7418,John Reyton,42,Unknown,69.0
7419,John Rutter,28,Unknown,93.0
7420,John Scofield,44,Unknown,20.0
7421,John Smith,62,Unknown,93.0
7422,John Talabot,19,Unknown,56.0
7423,John Tavener,27,Unknown,93.0
7424,John Tesh,53,Unknown,22.0
7425,John Vincent III,71,Unknown,19.0
7426,John Wayne,26,Unknown,77.0
7427,John Wildcat,33,Unknown,84.0
7428,John Williams,1,Unknown,20.0
7429,John Williamson,32,Unknown,26.0
7430,Johnnie Ray,52,Unknown,84.0
7431,Johnnie Taylor,39,Unknown,2.0
7432,Johnny & The Hurricanes,24,Unknown,84.0
7433,Johnny Burnette,52,Unknown,82.0
7434,Johnny Burnette & The Rock 'N' Roll Trio,24,Unknown,84.0
7435,Johnny Cash,74,Unknown,18.0
7436,Johnny Dinamo,30,Unknown,82.0
7437,Johnny Dynamo,35,Unknown,82.0
7438,Johnny Hates Jazz,65,Unknown,59.0
7439,Johnny Hooker,42,Unknown,109.0
7440,Johnny Hunter,26,Unknown,52.0
7441,Johnny Ip,27,Unknown,94.0
7442,Johnny Kidd & The Pirates,32,Unknown,93.0
7443,Johnny Laboriel,37,Unknown,82.0
7444,Johnny Maddox,20,Unknown,4.0
7445,Johnny Maestro,30,Unknown,82.0
7446,Johnny Osbourne,28,Unknown,86.0
7447,Johnny Pacheco,31,Unknown,110.0
7448,Johnny Preston,26,Unknown,84.0
7449,Johnny Ray Salsa Con Clase,27,Unknown,110.0
7450,Johnny Rivers,37,Unknown,82.0
7451,Johnny Stimson,60,Unknown,40.0
7452,Johnny Tillotson,51,Unknown,82.0
7453,Johnny Yin,28,Unknown,108.0
7454,Johnnyswim,29,Unknown,24.0
7455,Joi Barua,61,Unknown,98.0
7456,Joi Casette,47,Unknown,34.0
7457,Joji,94,Unknown,16.0
7458,Jok'air,37,Unknown,96.0
7459,Joker,46,Unknown,116.0
7460,Joker Xue,59,Unknown,108.0
7461,Jolin Tsai,54,Unknown,108.0
7462,Jolly Jordan,43,Unknown,34.0
7463,Jolyon Petch,53,Unknown,43.0
7464,Jomanda,14,Unknown,39.0
7465,Jome,63,Unknown,19.0
7466,Jomie,51,Unknown,36.0
7467,Jon & Vangelis,32,Unknown,22.0
7468,Jon Boden,52,Unknown,93.0
7469,Jon Bon Jovi,68,Unknown,71.0
7470,Jon Bryant,56,Unknown,24.0
7471,Jon Caryl,63,Unknown,36.0
7472,Jon Cutler,30,Unknown,43.0
7473,Jon Droulis,34,Unknown,34.0
7474,Jon Hopkins,58,Unknown,37.0
7475,Jon Kennedy,56,Unknown,62.0
7476,Jon Lajoie,75,Unknown,27.0
7477,Jon Langston,0,Unknown,18.0
7478,Jon Liddell,44,Unknown,107.0
7479,Jon McLaughlin,52,Unknown,24.0
7480,Jon Pardi,40,Unknown,18.0
7481,Jon Reep,21,Unknown,27.0
7482,Jon Sarta,33,Unknown,9.0
7483,Jon Schmidt,22,Unknown,22.0
7484,Jon-Jon Geitel,18,Unknown,9.0
7485,Jonah Baker,56,Unknown,24.0
7486,Jonas Blue,76,Unknown,42.0
7487,Jonas Brothers,81,Unknown,42.0
7488,Jonas Lundqvist,36,Unknown,67.0
7489,Jonathan Antoine,19,Unknown,29.0
7490,Jonathan Davis,52,Unknown,
7491,Jonathan Groff,70,Unknown,31.0
7492,Jonathan Johansson,36,Unknown,114.0
7493,Jonathan Lee,47,Unknown,108.0
7494,Jonathan Young,51,Unknown,76.0
7495,Jones & Stephenson,29,Unknown,61.0
7496,Joni Laakkonen,25,Unknown,20.0
7497,Jonnie Snoilsky,26,Unknown,20.0
7498,Jonny Greenwood,41,Unknown,37.0
7499,Jonny L,19,Unknown,46.0
7500,Jony Roy,33,Unknown,86.0
7501,Joonas Saartamo,19,Unknown,9.0
7502,Jopin,47,Unknown,92.0
7503,Jor'dan Armstrong,27,Unknown,90.0
7504,Jordan Chan,58,Unknown,94.0
7505,Jordan Davis,80,Unknown,18.0
7506,Jordan Sandhu,68,Unknown,1.0
7507,Jordan Solomon,37,Unknown,36.0
7508,Jorge & Mateus,49,Unknown,112.0
7509,Jorge Acosta,44,Unknown,19.0
7510,Jorge Aragão,55,Unknown,109.0
7511,Jorge Ben Jor,44,Unknown,109.0
7512,Jorge Castro,19,Unknown,29.0
7513,Jorge De Altinho,48,Unknown,95.0
7514,Jorge Drexler,63,Unknown,90.0
7515,Jorge Falcón,31,Unknown,115.0
7516,Jorge Leo & Atrato River,29,Unknown,110.0
7517,Jorge Muñiz,45,Unknown,6.0
7518,Jorge Sobral,18,Unknown,115.0
7519,Jorge Valdez,20,Unknown,115.0
7520,Jorge Vercillo,48,Unknown,109.0
7521,Jorge Vidal,19,Unknown,115.0
7522,Jorginho do Império,37,Unknown,111.0
7523,Jorin Williams,60,Unknown,35.0
7524,Joris Delacroix,57,Unknown,51.0
7525,Joris Voorn,53,Unknown,56.0
7526,Jorrgus,29,Unknown,45.0
7527,Jorrgus & Crump,31,Unknown,45.0
7528,Jos & Eli,36,Unknown,60.0
7529,"Jose ""Papo"" Rivera",38,Unknown,110.0
7530,Jose A. Jimenez,21,Unknown,20.0
7531,Jose Basso,17,Unknown,115.0
7532,Josef Slunge,27,Unknown,67.0
7533,Josement,55,Unknown,56.0
7534,Joseph & Maia,35,Unknown,19.0
7535,Joseph Capriati,17,Unknown,56.0
7536,Joseph Haydn,0,Unknown,21.0
7537,Joseph Huber,27,Unknown,52.0
7538,Joseph Sullinger,49,Unknown,24.0
7539,Joseph Tilley,50,Unknown,40.0
7540,Joseph Williams,62,Unknown,9.0
7541,Josephine Forrester,51,Unknown,20.0
7542,Josh & Wesz,23,Unknown,53.0
7543,Josh A,74,Unknown,66.0
7544,Josh Gad,66,Unknown,31.0
7545,Josh Golden,59,Unknown,36.0
7546,Josh Groban,61,Unknown,29.0
7547,Josh Johnson,20,Unknown,27.0
7548,Josh Kramer,65,Unknown,21.0
7549,Josh Sneed,27,Unknown,27.0
7550,Josh Turner,73,Unknown,18.0
7551,Josh Wagner,23,Unknown,27.0
7552,Josh Williams,23,Unknown,17.0
7553,Josh Wink,8,Unknown,56.0
7554,Joshua Aaron,66,Unknown,16.0
7555,Joshua Ali,18,Unknown,90.0
7556,Joshua Hyslop,62,Unknown,24.0
7557,Joshua Radin,56,Unknown,24.0
7558,Joshwa,67,Unknown,43.0
7559,Josie Kreuzer,24,Unknown,84.0
7560,Josimar y Su Yambú,40,Unknown,110.0
7561,Josman,35,Unknown,96.0
7562,Joss Stone,46,Unknown,93.0
7563,Josue,29,Unknown,82.0
7564,Josué Bom de Faixa,50,Unknown,95.0
7565,"José Alberto ""El Canario""",37,Unknown,110.0
7566,José Carreras,24,Unknown,29.0
7567,José Cura,19,Unknown,29.0
7568,José González,67,Unknown,19.0
7569,José Guardiola,30,Unknown,113.0
7570,José Luis Perales,1,Unknown,105.0
7571,José Rodríguez,31,Unknown,110.0
7572,José-Luis Garcia,28,Unknown,110.0
7573,José-Luis Orozco,33,Unknown,26.0
7574,Jota 3,28,Unknown,47.0
7575,Jota Quest,54,Unknown,92.0
7576,Journey,83,Unknown,71.0
7577,Jovelina Perola Negra,42,Unknown,111.0
7578,Jovonn,36,Unknown,39.0
7579,Joy Again,80,Unknown,52.0
7580,Joy Crookes,61,Unknown,7.0
7581,Joy Division,69,Unknown,63.0
7582,Joy John,30,Unknown,107.0
7583,Joy Oladokun,0,Unknown,19.0
7584,Joy Williams,64,Unknown,24.0
7585,Joyce Cheng,49,Unknown,94.0
7586,Joyeux urbains,30,Unknown,96.0
7587,Joyhauser,42,Unknown,60.0
7588,Jozyanne,50,Unknown,92.0
7589,João Alexandre,38,Unknown,28.0
7590,João Bosco,39,Unknown,111.0
7591,João Bosco & Vinicius,60,Unknown,112.0
7592,João Bosco e Gabriel,47,Unknown,112.0
7593,João Carreiro & Capataz,49,Unknown,112.0
7594,João Donato,31,Unknown,23.0
7595,João Gilberto,58,Unknown,20.0
7596,João Gordo,26,Unknown,84.0
7597,João Gustavo e Murilo,45,Unknown,95.0
7598,João Klein,41,Unknown,109.0
7599,João Mar,44,Unknown,109.0
7600,João Neto & Frederico,44,Unknown,112.0
7601,João Nogueira,44,Unknown,111.0
7602,João Paulo & Daniel,47,Unknown,112.0
7603,João Pedro Gonçalves,21,Unknown,9.0
7604,João Pedro e Cristiano,52,Unknown,112.0
7605,João Penca E Seus Miquinhos Amestrados,45,Unknown,6.0
7606,João de Souza & Bonifacio,52,Unknown,112.0
7607,Ju Cassou,29,Unknown,9.0
7608,Juan Atkins,34,Unknown,44.0
7609,Juan Carlos Caceres,22,Unknown,115.0
7610,Juan D'Arienzo,25,Unknown,115.0
7611,Juan D'Arienzo and his Orchestra,20,Unknown,115.0
7612,Juan D'Arienzo y su Orquesta Típica,22,Unknown,115.0
7613,Juan Falú,25,Unknown,20.0
7614,Juan Formell,28,Unknown,110.0
7615,Juan Formell y Los Van Van,28,Unknown,110.0
7616,Juan Gabriel,56,Unknown,105.0
7617,Juan Ingaramo,46,Unknown,63.0
7618,Juan Luis Guerra 4.40,1,Unknown,105.0
7619,Juan Magán,0,Unknown,50.0
7620,Juan Marcus & Vinícius,60,Unknown,112.0
7621,Juan Perro,28,Unknown,113.0
7622,Juan Veronico,23,Unknown,20.0
7623,Juanafé,46,Unknown,90.0
7624,JuanchitoSaico,31,Unknown,86.0
7625,Juancho Style,34,Unknown,86.0
7626,Juanello,28,Unknown,82.0
7627,Juanes,2,Unknown,105.0
7628,Jubei,18,Unknown,46.0
7629,Jubiläumscast Wien 2012,31,Unknown,31.0
7630,Jubin Nautiyal,72,Unknown,104.0
7631,Jubël,75,Unknown,54.0
7632,Judah & the Lion,0,Unknown,19.0
7633,Judas Priest,72,Unknown,71.0
7634,Judi Cranston,55,Unknown,26.0
7635,Judi Khan,64,Unknown,35.0
7636,Judithe Abelsen,61,Unknown,35.0
7637,Judy Garland,0,Unknown,5.0
7638,Judy Kuhn,65,Unknown,31.0
7639,Juelz Santana,61,Unknown,72.0
7640,Juggernaut,19,Unknown,10.0
7641,Jugglerz,33,Unknown,86.0
7642,Juhani Ahonen,64,Unknown,35.0
7643,Juice Brenner,27,Unknown,34.0
7644,Juice Newton,59,Unknown,18.0
7645,Juicy M,62,Unknown,51.0
7646,Jukebox The Ghost,60,Unknown,23.0
7647,Jukka Poika,46,Unknown,87.0
7648,Jules Larson,31,Unknown,24.0
7649,Jules Massenet,57,Unknown,96.0
7650,Juli,0,Unknown,97.0
7651,Julia Alexa,56,Unknown,40.0
7652,Julia Michaels,82,Unknown,42.0
7653,Julia Peng,44,Unknown,108.0
7654,Julia Scheeser,23,Unknown,9.0
7655,Julia Vitória,39,Unknown,28.0
7656,Julian Calor,52,Unknown,58.0
7657,Julian Cope,31,Unknown,79.0
7658,Julian Jeweil,41,Unknown,56.0
7659,Julian Lage,47,Unknown,20.0
7660,Julian Sommer,72,Unknown,57.0
7661,Julian Winding,35,Unknown,41.0
7662,Julianno Sosa,47,Unknown,106.0
7663,Juliano Cezar,46,Unknown,112.0
7664,Juliano Son,47,Unknown,92.0
7665,Julie Andrews,57,Unknown,31.0
7666,Julie London,0,Unknown,5.0
7667,Julie Pietri,38,Unknown,96.0
7668,Julien Baker,61,Unknown,37.0
7669,Julien Bam,45,Unknown,97.0
7670,Julien Clerc,35,Unknown,96.0
7671,Julien Granel,33,Unknown,96.0
7672,Julieta Laso,20,Unknown,115.0
7673,Julieta Venegas,0,Unknown,63.0
7674,Juliette & The Licks,25,Unknown,78.0
7675,Juliette Armanet,32,Unknown,96.0
7676,Juliette Reilly,33,Unknown,32.0
7677,Julio Cesar,26,Unknown,69.0
7678,Julio De Caro,19,Unknown,115.0
7679,Julio Martel,21,Unknown,115.0
7680,Julio Preciado,45,Unknown,6.0
7681,Julio Preciado Y Su Banda Perla Del Pacifico,54,Unknown,6.0
7682,Julio Secchin,40,Unknown,109.0
7683,Julio Sosa,37,Unknown,115.0
7684,Julio de la Rosa,26,Unknown,113.0
7685,Juls,54,Unknown,86.0
7686,Julyan Brynn,41,Unknown,20.0
7687,Jumo,55,Unknown,96.0
7688,Jumpin'up,26,Unknown,84.0
7689,Jun Togawa,63,Unknown,60.0
7690,June Anderson,20,Unknown,29.0
7691,Junerule,58,Unknown,43.0
7692,Junge Junge,58,Unknown,43.0
7693,Jungle Fire,44,Unknown,90.0
7694,Jungle Wonz,8,Unknown,39.0
7695,Junie,0,Unknown,114.0
7696,Juninho Black,33,Unknown,69.0
7697,Juninho Thybau,38,Unknown,111.0
7698,Junior,38,Unknown,28.0
7699,Junior Brielle,37,Unknown,114.0
7700,Junior Doctor,54,Unknown,66.0
7701,Junior Gonzalez,26,Unknown,110.0
7702,Junior Jingles,23,Unknown,
7703,Junior M.A.F.I.A.,62,Unknown,72.0
7704,Junko Yagami,60,Unknown,102.0
7705,Juno Mak,50,Unknown,94.0
7706,Juno Reed,64,Unknown,35.0
7707,Jupiter Breeze,61,Unknown,35.0
7708,Jurassic 5,31,Unknown,72.0
7709,Jurassic Shark,27,Unknown,52.0
7710,Jussi Björling,20,Unknown,29.0
7711,Just A Gent,56,Unknown,47.0
7712,Just D,37,Unknown,114.0
7713,Just Friends,33,Unknown,66.0
7714,Just Her,43,Unknown,60.0
7715,Just Kiddin,53,Unknown,43.0
7716,Just Kids,28,Unknown,26.0
7717,Justice,66,Unknown,51.0
7718,Justin Bieber,88,Unknown,16.0
7719,Justin Jet Zorbas,43,Unknown,47.0
7720,Justin Lo,52,Unknown,94.0
7721,Justin Moore,2,Unknown,18.0
7722,Justin Moses,30,Unknown,17.0
7723,Justin Park,63,Unknown,40.0
7724,Justin Quiles,76,Unknown,1.0
7725,Justin Stone,58,Unknown,36.0
7726,Justine Clarke,42,Unknown,26.0
7727,Justine Skye,75,Unknown,25.0
7728,Justnormal,43,Unknown,34.0
7729,Justo Betancourt,29,Unknown,110.0
7730,Juveniles,26,Unknown,59.0
7731,Juventude S/A,45,Unknown,
7732,Jxve,37,Unknown,36.0
7733,Jyotica Tangri,63,Unknown,15.0
7734,Jyrki 69,20,Unknown,67.0
7735,Jão,53,Unknown,3.0
7736,Jägermeister DJ Alex,26,Unknown,57.0
7737,Jägermeister DJ Alex & Matty Valentino,24,Unknown,57.0
7738,Jéssica Augusto,45,Unknown,28.0
7739,Jóhann Jóhannsson,64,Unknown,37.0
7740,Jóvenes Pordioseros,46,Unknown,63.0
7741,Jörg & Dragan (Die Autohändler),31,Unknown,57.0
7742,Jörg Bausch,31,Unknown,45.0
7743,Jøsefine,59,Unknown,23.0
7744,Júnior Angelim,50,Unknown,112.0
7745,Júnior e Cézar,48,Unknown,112.0
7746,Jürgen Drews,31,Unknown,45.0
7747,Jürgen Milski,32,Unknown,45.0
7748,Jürgen Paape,49,Unknown,56.0
7749,K Lion,28,Unknown,86.0
7750,K Motionz,58,Unknown,46.0
7751,K'NAAN,69,Unknown,87.0
7752,K-391,70,Unknown,42.0
7753,K-Fly,42,Unknown,97.0
7754,K-Hand,33,Unknown,44.0
7755,K-NINE,43,Unknown,47.0
7756,K-Si Yang,56,Unknown,7.0
7757,K. B. Sundarambal,29,Unknown,21.0
7758,K. G. Markose,40,Unknown,107.0
7759,K. S. Harisankar,58,Unknown,107.0
7760,K.Flay,76,Unknown,50.0
7761,K.I.Z,45,Unknown,97.0
7762,K.Will,59,Unknown,104.0
7763,K/DA,74,Unknown,104.0
7764,K1,59,Unknown,40.0
7765,KAAZE,60,Unknown,58.0
7766,KAI,71,Unknown,104.0
7767,KALEO,78,Unknown,63.0
7768,KALMA,33,Unknown,103.0
7769,KAMRAD,76,Unknown,19.0
7770,KANA-BOON,73,Unknown,91.0
7771,KANKAKU PIERO,63,Unknown,91.0
7772,KARLK,54,Unknown,96.0
7773,KAROL G,93,Unknown,87.0
7774,KAS:ST,49,Unknown,96.0
7775,KASHIWA Daisuke,37,Unknown,55.0
7776,KASIMIR1441,37,Unknown,97.0
7777,KAVO,60,Unknown,40.0
7778,KAVYA,29,Unknown,51.0
7779,KAYDEN,59,Unknown,40.0
7780,KAYEF,0,Unknown,97.0
7781,KC & The Sunshine Band,71,Unknown,45.0
7782,KC Lights,4,Unknown,43.0
7783,KD,29,Unknown,114.0
7784,KD Da Kid,18,Unknown,
7785,KDrew,50,Unknown,47.0
7786,KEAN DYSSO,54,Unknown,49.0
7787,KELTEK,56,Unknown,53.0
7788,KEVVO,0,Unknown,105.0
7789,KEVZOR,50,Unknown,114.0
7790,KEYTALK,31,Unknown,103.0
7791,KIKESA,34,Unknown,96.0
7792,KILJ,59,Unknown,36.0
7793,KIMSEJEONG,61,Unknown,104.0
7794,KING SAPO,35,Unknown,113.0
7795,KIRINJI,0,Unknown,102.0
7796,KISS,77,Unknown,71.0
7797,KK,69,Unknown,15.0
7798,KLOUD,61,Unknown,41.0
7799,KLUB,35,Unknown,89.0
7800,KM,45,Unknown,91.0
7801,KMFDM,48,Unknown,
7802,KOBUKURO,39,Unknown,102.0
7803,KOHTA YAMAMOTO,58,Unknown,91.0
7804,KOKÔ CECÊ,34,Unknown,51.0
7805,KONGOS,67,Unknown,2.0
7806,KR$NA,62,Unknown,1.0
7807,KRS-One,64,Unknown,72.0
7808,KSHMR,66,Unknown,49.0
7809,KSU,31,Unknown,72.0
7810,KSW,65,Unknown,98.0
7811,KT Tunstall,73,Unknown,24.0
7812,KVPV,45,Unknown,51.0
7813,KVSH,69,Unknown,92.0
7814,Kaan Boşnak,40,Unknown,116.0
7815,Kaan Tangöze,42,Unknown,32.0
7816,Kaash,42,Unknown,98.0
7817,Kaavish,50,Unknown,98.0
7818,Kabir Cafe,54,Unknown,19.0
7819,Kabza De Small,13,Unknown,7.0
7820,Kacey Musgraves,70,Unknown,18.0
7821,Kadaverficker,12,Unknown,68.0
7822,Kado,56,Unknown,36.0
7823,Kadri Gopalnath,43,Unknown,21.0
7824,Kahlon,62,Unknown,1.0
7825,Kaho Hung,57,Unknown,94.0
7826,Kahtmayan,5,Unknown,99.0
7827,Kai Wachi,54,Unknown,47.0
7828,Kai Whiston,38,Unknown,41.0
7829,Kaiak,50,Unknown,24.0
7830,Kail BRL,50,Unknown,87.0
7831,Kailash Kher,70,Unknown,19.0
7832,Kailee Morgue,63,Unknown,11.0
7833,Kainbeats,55,Unknown,91.0
7834,Kaiser Chiefs,59,Unknown,83.0
7835,Kaiserdisco,51,Unknown,43.0
7836,Kaitlyn Aurelia Smith,41,Unknown,37.0
7837,Kaivon,55,Unknown,47.0
7838,Kajagoogoo,61,Unknown,59.0
7839,Kaka,67,Unknown,16.0
7840,Kalado,26,Unknown,86.0
7841,Kalash,33,Unknown,96.0
7842,Kalash Criminel,32,Unknown,96.0
7843,Kalben,40,Unknown,116.0
7844,Kalen Elmsley,66,Unknown,23.0
7845,Kaliffa,52,Unknown,86.0
7846,Kalla Sha,23,Unknown,107.0
7847,Kalle Moraeus,43,Unknown,19.0
7848,Kalmah,46,Unknown,65.0
7849,Kalpana Patowary,38,Unknown,19.0
7850,Kam Michael,50,Unknown,66.0
7851,Kamaal Khan,63,Unknown,15.0
7852,Kamakshi Khanna,37,Unknown,32.0
7853,Kamal,20,Unknown,22.0
7854,Kamal Haasan,58,Unknown,104.0
7855,Kamal Khan,65,Unknown,16.0
7856,Kamau,43,Unknown,92.0
7857,Kameleba,35,Unknown,89.0
7858,Kamelot,25,Unknown,67.0
7859,Kamikazee,39,Unknown,80.0
7860,Kamisa 10,57,Unknown,
7861,Kampfar,20,Unknown,64.0
7862,Kamufle,39,Unknown,116.0
7863,Kamuran Akkor,43,Unknown,79.0
7864,Kane Brown,78,Unknown,18.0
7865,Kangding Ray,1,Unknown,56.0
7866,Kanika Kapoor,64,Unknown,1.0
7867,Kanine,57,Unknown,46.0
7868,Kanishk Seth,75,Unknown,98.0
7869,Kano,49,Unknown,91.0
7870,Kanonenfieber,28,Unknown,64.0
7871,Kansas,78,Unknown,71.0
7872,Kantboll,37,Unknown,34.0
7873,Kaoru Wada,52,Unknown,91.0
7874,Kapanga,48,Unknown,63.0
7875,Kapelle Petra,37,Unknown,97.0
7876,Kapes,35,Unknown,58.0
7877,Kapono Beamer,24,Unknown,20.0
7878,Kapten Röd,35,Unknown,86.0
7879,Kara Veia,40,Unknown,95.0
7880,Karakoram,52,Unknown,83.0
7881,Karamelo Santo,37,Unknown,80.0
7882,Karametade,42,Unknown,
7883,Karan Aujla,72,Unknown,1.0
7884,Karan Randhawa,63,Unknown,16.0
7885,Karaçalı,39,Unknown,116.0
7886,Karen Dalton,53,Unknown,37.0
7887,Karen Harding,68,Unknown,43.0
7888,Karen Keldani,44,Unknown,92.0
7889,Karen Marie Garrett,26,Unknown,22.0
7890,Karen Mok,58,Unknown,94.0
7891,Karen Nyame KG,46,Unknown,41.0
7892,Karen Overton,49,Unknown,61.0
7893,Karen Wolfe,37,Unknown,2.0
7894,Kargo,41,Unknown,116.0
7895,Kari Jobe,61,Unknown,63.0
7896,Karibe Orquesta,29,Unknown,110.0
7897,Karim Kamar,40,Unknown,23.0
7898,Karolina Trebacz,28,Unknown,9.0
7899,Karsten Pflum,11,Unknown,55.0
7900,Kartellen,34,Unknown,114.0
7901,Karthik,64,Unknown,15.0
7902,Karthik Rao,56,Unknown,98.0
7903,Karunesh,49,Unknown,22.0
7904,Karunya,58,Unknown,74.0
7905,Kary Ng,49,Unknown,94.0
7906,Kasabian,66,Unknown,52.0
7907,Kasalla,42,Unknown,97.0
7908,Kasbo,53,Unknown,114.0
7909,Kaskade,60,Unknown,58.0
7910,Kaspar Mann,49,Unknown,20.0
7911,Kasper Koman,53,Unknown,61.0
7912,Kataklysm,49,Unknown,65.0
7913,Katarzyna Łaska,28,Unknown,9.0
7914,Katatonia,49,Unknown,67.0
7915,Kate Baldwin,30,Unknown,31.0
7916,Kate Bush,90,Unknown,23.0
7917,Kate Miller-Heidke,29,Unknown,23.0
7918,Katee Kross,28,Unknown,93.0
7919,Katherine Jenkins,53,Unknown,29.0
7920,Kathleen Battle,0,Unknown,29.0
7921,Kathleen Madigan,29,Unknown,27.0
7922,Kathryn Beaumont,53,Unknown,9.0
7923,Kathryn Gallagher,50,Unknown,61.0
7924,Kathryn Scott,52,Unknown,117.0
7925,Kathryn Toyama,20,Unknown,22.0
7926,Kathy Brown,0,Unknown,43.0
7927,Kathy Cristina,33,Unknown,110.0
7928,Katie Hannigan,24,Unknown,27.0
7929,Katinguelê,52,Unknown,
7930,Kato,62,Unknown,91.0
7931,Katsbarnea,39,Unknown,28.0
7932,Katsu Hoshi,56,Unknown,91.0
7933,Katt Williams,30,Unknown,27.0
7934,Katteni Shiyagare,28,Unknown,84.0
7935,Katy Perry,78,Unknown,42.0
7936,Kaua Correia,64,Unknown,35.0
7937,Kaunis Kuolematon,22,Unknown,65.0
7938,Kauã Araújo,37,Unknown,95.0
7939,Kav Verhouzer,53,Unknown,43.0
7940,Kavinsky,73,Unknown,25.0
7941,Kavita Krishnamurthy,60,Unknown,15.0
7942,Kavita Seth,69,Unknown,74.0
7943,Kavya Ajit,33,Unknown,107.0
7944,Kawe,45,Unknown,92.0
7945,Kay Tse,58,Unknown,94.0
7946,KayBlack,49,Unknown,3.0
7947,Kayahan,39,Unknown,116.0
7948,Kayee Tam,45,Unknown,94.0
7949,Kayoko Ishu,33,Unknown,9.0
7950,Kayou.,60,Unknown,40.0
7951,Kayra,44,Unknown,116.0
7952,Kayzo,57,Unknown,47.0
7953,KazOnDaBeat,37,Unknown,97.0
7954,Kaza,33,Unknown,96.0
7955,Kazancı Bedih,38,Unknown,116.0
7956,Kazik,36,Unknown,81.0
7957,Kazutaka Ishii,36,Unknown,9.0
7958,Kazuya Yoshii,54,Unknown,103.0
7959,Kazuyoshi Saito,27,Unknown,24.0
7960,Kaçak,37,Unknown,80.0
7961,Kballero Rap,34,Unknown,91.0
7962,Keala Settle,74,Unknown,31.0
7963,Keane,85,Unknown,23.0
7964,Keanu Silva,65,Unknown,49.0
7965,Keaton Henson,52,Unknown,37.0
7966,Keb' Mo',0,Unknown,24.0
7967,Kedam,60,Unknown,96.0
7968,Kedar Pandit,30,Unknown,21.0
7969,Keen' V,33,Unknown,96.0
7970,Keenan Te,66,Unknown,32.0
7971,Keeno,39,Unknown,46.0
7972,Keepitinside,48,Unknown,40.0
7973,Keethan,42,Unknown,98.0
7974,Keeva Mak,49,Unknown,94.0
7975,Kegawa No Maries,31,Unknown,103.0
7976,Kehlani,60,Unknown,42.0
7977,Keiko Ishida,63,Unknown,23.0
7978,Keisha White,27,Unknown,24.0
7979,Keith Alberstadt,24,Unknown,27.0
7980,Keith Mackenzie,20,Unknown,38.0
7981,Keith Sweat,1,Unknown,7.0
7982,Keith Urban,53,Unknown,18.0
7983,Keişan,43,Unknown,116.0
7984,Kell Smith,45,Unknown,109.0
7985,Kellen Byanca,52,Unknown,92.0
7986,Keller & The Keels,29,Unknown,17.0
7987,Keller Williams,31,Unknown,17.0
7988,Keller Williams with The Travelin' McCourys,23,Unknown,17.0
7989,Kelli Hand,7,Unknown,44.0
7990,Kelli O'Hara,23,Unknown,31.0
7991,Kelly Chen,51,Unknown,94.0
7992,Kelly Lee Owens,18,Unknown,56.0
7993,Kelly Rowland,0,Unknown,7.0
7994,Kelly Yu,58,Unknown,108.0
7995,Kelman Duran,19,Unknown,41.0
7996,Kelpe,14,Unknown,55.0
7997,Kelsea Ballerini,73,Unknown,18.0
7998,Kelsey Grammer,28,Unknown,31.0
7999,Kelvin Kwan,21,Unknown,94.0
8000,Kelvin T,21,Unknown,41.0
8001,Kemilly Santos,39,Unknown,28.0
8002,Kempo,34,Unknown,86.0
8003,Kemuel,45,Unknown,92.0
8004,Ken Arai,52,Unknown,91.0
8005,Ken Davis,21,Unknown,22.0
8006,Ken Navarro,48,Unknown,20.0
8007,Ken Ring,35,Unknown,114.0
8008,Ken Vybz,28,Unknown,86.0
8009,Ken Yokoyama,31,Unknown,103.0
8010,Kenai,21,Unknown,53.0
8011,Kenan Doğulu,40,Unknown,116.0
8012,Kendji Girac,64,Unknown,96.0
8013,Kendo Kaponi,40,Unknown,106.0
8014,Kendrick Lamar,84,Unknown,1.0
8015,Kenia OS,54,Unknown,87.0
8016,Kenichi Ebe,27,Unknown,20.0
8017,Kenji Wu,56,Unknown,108.0
8018,Kenma,49,Unknown,91.0
8019,Kenn Kington,21,Unknown,27.0
8020,Kenne' Wayne,32,Unknown,2.0
8021,Kenneth & The Knutters,41,Unknown,114.0
8022,Kenneth M. Christensen,32,Unknown,9.0
8023,Kenno,40,Unknown,69.0
8024,Kenny & Amanda Smith Band,21,Unknown,17.0
8025,Kenny Baker,25,Unknown,17.0
8026,Kenny Bee,48,Unknown,94.0
8027,Kenny Burrell,55,Unknown,20.0
8028,Kenny Chesney,40,Unknown,18.0
8029,Kenny G,55,Unknown,5.0
8030,Kenny Larkin,30,Unknown,39.0
8031,Kenny Loggins,77,Unknown,83.0
8032,Kenny Rogers,75,Unknown,18.0
8033,Kenshi Yonezu,83,Unknown,91.0
8034,Kensuke Ushio,63,Unknown,91.0
8035,Kenyaman,28,Unknown,86.0
8036,Kenzie Smith Piano,49,Unknown,91.0
8037,Keola & Kapono Beamer,22,Unknown,20.0
8038,Keola Beamer,28,Unknown,20.0
8039,Kep1er,74,Unknown,104.0
8040,Kerala Dust,55,Unknown,51.0
8041,Kerchak,75,Unknown,96.0
8042,Kerim Tekin,39,Unknown,116.0
8043,Kero,9,Unknown,55.0
8044,Kerry Butler,22,Unknown,31.0
8045,Kerstin Heiles,18,Unknown,9.0
8046,Kerstin Ibald,23,Unknown,31.0
8047,"Kerstin Ibald, Wietske van Tongeren",23,Unknown,31.0
8048,Kes,27,Unknown,86.0
8049,Keskin,49,Unknown,116.0
8050,Kester,39,Unknown,107.0
8051,Ketama126,37,Unknown,66.0
8052,Keto Dzhaparidze,0,Unknown,30.0
8053,Kettel,35,Unknown,55.0
8054,Keule,38,Unknown,97.0
8055,Keung To,72,Unknown,94.0
8056,KevGee,55,Unknown,36.0
8057,Kevi Jonny,53,Unknown,95.0
8058,Kevin Bloody Wilson,33,Unknown,27.0
8059,Kevin Ceballo,35,Unknown,110.0
8060,Kevin Chamberlin,33,Unknown,31.0
8061,Kevin Cheng,22,Unknown,94.0
8062,Kevin Hart,36,Unknown,27.0
8063,Kevin Hutchins,60,Unknown,35.0
8064,Kevin Kendle,21,Unknown,22.0
8065,Kevin Kern,53,Unknown,22.0
8066,Kevin Martes 13,55,Unknown,105.0
8067,Kevin McKay,62,Unknown,45.0
8068,Kevin Nealon,23,Unknown,27.0
8069,Kevin Powers,58,Unknown,36.0
8070,Kevin Roldan,41,Unknown,105.0
8071,Kevin Saunderson,28,Unknown,44.0
8072,Kevin Teves,21,Unknown,20.0
8073,Kevin de Vries,63,Unknown,60.0
8074,Kevitch,54,Unknown,40.0
8075,Keyakizaka46,34,Unknown,101.0
8076,Keyblade,36,Unknown,91.0
8077,Keys & Copper,61,Unknown,43.0
8078,Keys N Krates,57,Unknown,51.0
8079,Keyshia Cole,76,Unknown,7.0
8080,Kezzo,41,Unknown,116.0
8081,Khainz,37,Unknown,60.0
8082,Khaled,69,Unknown,113.0
8083,Khalil Fong,56,Unknown,94.0
8084,Khan Bhaini,66,Unknown,16.0
8085,Khantrast,64,Unknown,91.0
8086,Khatija Rahman,41,Unknown,98.0
8087,Khen,34,Unknown,60.0
8088,KhoMha,51,Unknown,61.0
8089,Khold,21,Unknown,64.0
8090,Khontkar,50,Unknown,116.0
8091,KiLLATK,35,Unknown,61.0
8092,Kiara Leonard,61,Unknown,23.0
8093,Kiara Vitória,46,Unknown,92.0
8094,Kiasmos,55,Unknown,56.0
8095,Kiawasch Sahebnassagh,0,Unknown,99.0
8096,Kibariye,46,Unknown,19.0
8097,Kick Puncher,41,Unknown,41.0
8098,Kid Abelha,50,Unknown,92.0
8099,Kid Cudi,3,Unknown,1.0
8100,Kid Dynamite,29,Unknown,72.0
8101,Kid Francescoli,66,Unknown,51.0
8102,Kid Koala,52,Unknown,62.0
8103,Kid Loco,51,Unknown,51.0
8104,Kid Riz,57,Unknown,7.0
8105,Kid Rock,73,Unknown,25.0
8106,Kid Travis,70,Unknown,40.0
8107,Kidd G,1,Unknown,18.0
8108,Kideko,59,Unknown,43.0
8109,Kidnap,62,Unknown,52.0
8110,Kids Dance Party,42,Unknown,
8111,Kids Hit Masters,8,Unknown,
8112,Kids Rap Radio,11,Unknown,
8113,Kids Rap'n The Hits,7,Unknown,
8114,Kids Rock Kidz,30,Unknown,
8115,Kids Songs Rule!,48,Unknown,26.0
8116,Kids Superstars,33,Unknown,26.0
8117,Kids TV 123,47,Unknown,26.0
8118,Kidsongs,45,Unknown,26.0
8119,Kidsounds,33,Unknown,
8120,Kidz Bop Kids,60,Unknown,26.0
8121,Kierra Sheard,0,Unknown,28.0
8122,Kiiara,0,Unknown,11.0
8123,Kijugo,50,Unknown,91.0
8124,Kikka Laitinen,24,Unknown,9.0
8125,Kikki Danielsson,41,Unknown,114.0
8126,Kiko Blac,51,Unknown,91.0
8127,Kiko Chicabana,45,Unknown,95.0
8128,Kiko Dinucci e Bando Afro Macarrônico,20,Unknown,90.0
8129,Kiko Revatta,32,Unknown,20.0
8130,Kiko Veneno,0,Unknown,113.0
8131,KilSoSouth,21,Unknown,41.0
8132,Kilink,37,Unknown,81.0
8133,Kill Dyll,49,Unknown,36.0
8134,Kill Paris,50,Unknown,48.0
8135,Kill The Client,13,Unknown,68.0
8136,Kill The Noise,52,Unknown,47.0
8137,KillBunk,67,Unknown,36.0
8138,Killa Hakan,42,Unknown,116.0
8139,Killer Be Killed,25,Unknown,69.0
8140,Killer Clown,22,Unknown,53.0
8141,Killermichel,35,Unknown,45.0
8142,Killerwatts,39,Unknown,61.0
8143,Killing Joke,57,Unknown,67.0
8144,Killing Me Inside,45,Unknown,66.0
8145,Killpop,53,Unknown,36.0
8146,Killshot,29,Unknown,72.0
8147,Killstation,62,Unknown,66.0
8148,Killswitch Engage,68,Unknown,76.0
8149,Killval,54,Unknown,36.0
8150,Kilms,38,Unknown,66.0
8151,Kiloucura,46,Unknown,
8152,Kilpi,30,Unknown,73.0
8153,Kim Bo,57,Unknown,23.0
8154,Kim English,26,Unknown,43.0
8155,Kim Petras,6,Unknown,42.0
8156,Kim Walker-Smith,55,Unknown,117.0
8157,Kim Wilde,70,Unknown,45.0
8158,Kimberley Chen,58,Unknown,108.0
8159,Kina,80,Unknown,36.0
8160,Kina Grannis,71,Unknown,24.0
8161,Kind Kaputt,34,Unknown,71.0
8162,Kinderen voor Kinderen,38,Unknown,26.0
8163,Kindy Corner,20,Unknown,9.0
8164,King,81,Unknown,1.0
8165,King 810,29,Unknown,77.0
8166,King Clave,28,Unknown,82.0
8167,King Crimson,57,Unknown,103.0
8168,King Diamond,26,Unknown,65.0
8169,King Gnu,73,Unknown,102.0
8170,King Princess,72,Unknown,11.0
8171,King Satan,21,Unknown,
8172,King Savagge,51,Unknown,106.0
8173,King Shubh,47,Unknown,98.0
8174,King Stephen,20,Unknown,41.0
8175,King Stingray,33,Unknown,52.0
8176,King Sunny Ade,19,Unknown,90.0
8177,King Tee,57,Unknown,72.0
8178,King Tubby,0,Unknown,47.0
8179,Kingdom,22,Unknown,41.0
8180,Kings Of Tomorrow,0,Unknown,43.0
8181,Kings of Günter,35,Unknown,57.0
8182,Kinky,54,Unknown,63.0
8183,Kinniku Shōjo Tai,23,Unknown,73.0
8184,Kino,56,Unknown,80.0
8185,Kinobe,54,Unknown,62.0
8186,Kinokoteikoku,57,Unknown,103.0
8187,Kip Moore,0,Unknown,18.0
8188,Kiprich,22,Unknown,100.0
8189,Kiri Te Kanawa,0,Unknown,29.0
8190,Kiro Akiyama,59,Unknown,91.0
8191,Kisch,56,Unknown,43.0
8192,Kishore Kumar,62,Unknown,15.0
8193,Kishori Amonkar,32,Unknown,21.0
8194,Kit Chan,51,Unknown,108.0
8195,Kitaro,26,Unknown,22.0
8196,Kitchen Dwellers,38,Unknown,17.0
8197,Kite,28,Unknown,59.0
8198,Kitri,51,Unknown,24.0
8199,Kittie,25,Unknown,
8200,Kiwini Vaitai,36,Unknown,102.0
8201,Kjell Höglund,36,Unknown,114.0
8202,Klaangen,62,Unknown,35.0
8203,Klaas,60,Unknown,97.0
8204,Klaatu,51,Unknown,79.0
8205,Klamydia,41,Unknown,80.0
8206,Klangkuenstler,45,Unknown,43.0
8207,Klaus & Klaus,35,Unknown,45.0
8208,Klaus Badelt,49,Unknown,97.0
8209,Klavdiya Shulzhenko,9,Unknown,30.0
8210,Klaxons,0,Unknown,51.0
8211,Kleber Lucas,50,Unknown,92.0
8212,Klebson Kollins,45,Unknown,92.0
8213,Kleiton & Kledir,43,Unknown,109.0
8214,Kleo Dibah & Rafael,49,Unknown,112.0
8215,Klingande,58,Unknown,43.0
8216,Klubbheads,33,Unknown,61.0
8217,Klubfiller,26,Unknown,43.0
8218,Klute,17,Unknown,46.0
8219,Knee Deep,31,Unknown,43.0
8220,KnightVision,17,Unknown,10.0
8221,Knock2,61,Unknown,51.0
8222,Knowmadic,55,Unknown,40.0
8223,Knoxa,46,Unknown,43.0
8224,Knuckles & Tails,16,Unknown,34.0
8225,Knust,47,Unknown,92.0
8226,Koalaz,28,Unknown,53.0
8227,Koba LaD,35,Unknown,96.0
8228,Kochetkovv,67,Unknown,40.0
8229,Kodak Black,8,Unknown,1.0
8230,Kodaline,82,Unknown,83.0
8231,Koe Wetzel,52,Unknown,18.0
8232,Koffee,67,Unknown,86.0
8233,Kohra,20,Unknown,60.0
8234,Koi,50,Unknown,36.0
8235,Koichi Yamadera,35,Unknown,9.0
8236,Koil,43,Unknown,71.0
8237,Koji Kikkawa,34,Unknown,103.0
8238,Kojo Funds,57,Unknown,86.0
8239,Kokiri,29,Unknown,43.0
8240,Kokoroko,60,Unknown,93.0
8241,Kollegah,40,Unknown,97.0
8242,Kollektiv Turmstrasse,51,Unknown,56.0
8243,Kolombo,28,Unknown,56.0
8244,Kolpa,39,Unknown,116.0
8245,Kombi,27,Unknown,59.0
8246,Kombinaciya,41,Unknown,59.0
8247,Kompany,41,Unknown,47.0
8248,Konai,46,Unknown,92.0
8249,Kongsted,49,Unknown,51.0
8250,Koni,43,Unknown,43.0
8251,Konomi Suzuki,56,Unknown,91.0
8252,Konshens,60,Unknown,86.0
8253,Konstantin Pluzhnikov,0,Unknown,30.0
8254,Konteks,58,Unknown,40.0
8255,Kontra K,41,Unknown,97.0
8256,Koo Koo Kanga Roo,52,Unknown,
8257,Kool & The Gang,72,Unknown,45.0
8258,Koop,59,Unknown,62.0
8259,Koray Candemir,40,Unknown,116.0
8260,Kordian,33,Unknown,45.0
8261,Korede Bello,58,Unknown,86.0
8262,Korn,76,Unknown,63.0
8263,Korol i Shut,57,Unknown,80.0
8264,Korsakoff,58,Unknown,10.0
8265,Kosheen,18,Unknown,62.0
8266,Kosmonova,30,Unknown,61.0
8267,Kostas Chatzis,24,Unknown,20.0
8268,Kostia,21,Unknown,22.0
8269,Kotaro Oshio,36,Unknown,20.0
8270,Kotiteollisuus,33,Unknown,73.0
8271,Kotono Tanaka,49,Unknown,23.0
8272,Kove,53,Unknown,46.0
8273,Koven,53,Unknown,40.0
8274,Koyo,32,Unknown,66.0
8275,Kozah,36,Unknown,48.0
8276,Kraak & Smaak,60,Unknown,43.0
8277,Kraff Gad,34,Unknown,86.0
8278,Kraftklub,38,Unknown,97.0
8279,Kraftwerk,59,Unknown,60.0
8280,Krafty Kuts,17,Unknown,38.0
8281,Krakota,55,Unknown,46.0
8282,Kramp,30,Unknown,79.0
8283,Kranium,60,Unknown,86.0
8284,Kreator,52,Unknown,65.0
8285,Kreisligahelden,35,Unknown,57.0
8286,Kreisligalegende,34,Unknown,57.0
8287,Krewella,55,Unknown,47.0
8288,Kriegsmaschine,19,Unknown,64.0
8289,Kris Allen,55,Unknown,24.0
8290,Kris Bowers,59,Unknown,5.0
8291,Krish K,21,Unknown,107.0
8292,Krishh,63,Unknown,16.0
8293,Krishnaprasad,52,Unknown,107.0
8294,Kristen Anderson-Lopez,55,Unknown,9.0
8295,Kristen Bell,71,Unknown,9.0
8296,Kristin Chenoweth,58,Unknown,31.0
8297,Kristine Blond,26,Unknown,52.0
8298,Kristine Yde Eriksen,28,Unknown,9.0
8299,Kristoffer Wallin,50,Unknown,21.0
8300,Kritiman Mishra,56,Unknown,98.0
8301,Krmoni,65,Unknown,92.0
8302,Kronno Zomber,36,Unknown,91.0
8303,Kronos,43,Unknown,53.0
8304,Kronos Quartet,51,Unknown,37.0
8305,Krovostok,50,Unknown,51.0
8306,Krowdexx,25,Unknown,53.0
8307,Kruder & Dorfmeister,49,Unknown,62.0
8308,Kruelty,22,Unknown,53.0
8309,Kruger Brothers,23,Unknown,17.0
8310,Krust,16,Unknown,46.0
8311,Kruszwil,30,Unknown,45.0
8312,Krymplings,36,Unknown,81.0
8313,Krystina Alabado,22,Unknown,31.0
8314,Kuana Torres Kahele,60,Unknown,20.0
8315,Kuase Nada,44,Unknown,92.0
8316,Kuba Jurzyk,22,Unknown,9.0
8317,Kudasaibeats,56,Unknown,40.0
8318,Kuldeep Manak,41,Unknown,19.0
8319,Kum,42,Unknown,116.0
8320,Kumar Gandharva,33,Unknown,21.0
8321,Kumar Sanu,65,Unknown,15.0
8322,Kumaresh Kamalakannan,20,Unknown,107.0
8323,Kumiko Mori,28,Unknown,9.0
8324,Kunal Ganjawala,58,Unknown,15.0
8325,"Kundalini: Yoga, Meditation, Relaxation",32,Unknown,35.0
8326,Kungs,77,Unknown,54.0
8327,Kupla,59,Unknown,91.0
8328,Kura,57,Unknown,58.0
8329,Kurban,42,Unknown,76.0
8330,Kurei,26,Unknown,24.0
8331,Kurt Braunohler,23,Unknown,27.0
8332,Kurt Cobain,66,Unknown,24.0
8333,Kurt Metzger,23,Unknown,27.0
8334,Kurt Rosenwinkel,0,Unknown,20.0
8335,Kurupt,51,Unknown,72.0
8336,Kush Kush,61,Unknown,97.0
8337,Kutay Uçar,38,Unknown,116.0
8338,Kutiman,43,Unknown,90.0
8339,Kuty,43,Unknown,116.0
8340,Kuzu Mellow,63,Unknown,36.0
8341,Kvaen,22,Unknown,64.0
8342,Kvatro,18,Unknown,30.0
8343,Kvelertak,25,Unknown,64.0
8344,Kwam.E,38,Unknown,97.0
8345,Kx5,73,Unknown,49.0
8346,Kyan,50,Unknown,3.0
8347,Kyary Pamyu Pamyu,55,Unknown,101.0
8348,Kyau & Albert,42,Unknown,97.0
8349,Kygo,80,Unknown,42.0
8350,Kyle Edwards,30,Unknown,41.0
8351,Kyle Kinane,31,Unknown,27.0
8352,Kyle Walker,56,Unknown,43.0
8353,Kylie Minogue,50,Unknown,50.0
8354,Kylähullut,34,Unknown,72.0
8355,Kyo,32,Unknown,96.0
8356,Kyodi,25,Unknown,86.0
8357,Kyoko Koizumi,42,Unknown,60.0
8358,Kyson,56,Unknown,37.0
8359,Kyuso Nekokami,31,Unknown,103.0
8360,Kyuss,0,Unknown,70.0
8361,KÅRP,26,Unknown,67.0
8362,KÖFN,42,Unknown,116.0
8363,Këkht Aräkh,19,Unknown,64.0
8364,Kölsch,53,Unknown,56.0
8365,Köttgrottorna,37,Unknown,81.0
8366,Kúra,51,Unknown,51.0
8367,Kıraç,40,Unknown,116.0
8368,Kıvılcım Ural,33,Unknown,116.0
8369,Kızılırmak,40,Unknown,5.0
8370,L O K P I K,31,Unknown,34.0
8371,L'Algérino,57,Unknown,96.0
8372,L'Allemand,33,Unknown,96.0
8373,L'Impératrice,65,Unknown,96.0
8374,L.A.,57,Unknown,113.0
8375,L7,60,Unknown,70.0
8376,LA INDIA,36,Unknown,110.0
8377,LAKEY INSPIRED,61,Unknown,40.0
8378,LANDMVRKS,55,Unknown,77.0
8379,LANKS,50,Unknown,7.0
8380,LARINHX,37,Unknown,40.0
8381,LAYZ,48,Unknown,47.0
8382,LCD Soundsystem,61,Unknown,63.0
8383,LE SSERAFIM,83,Unknown,104.0
8384,LEALL,46,Unknown,92.0
8385,LEISURE,65,Unknown,7.0
8386,LETNI,30,Unknown,45.0
8387,LETTER FOR ME,39,Unknown,81.0
8388,LEVEL UP,48,Unknown,48.0
8389,LEYA,33,Unknown,41.0
8390,LFO,40,Unknown,55.0
8391,LGHTNNG,38,Unknown,59.0
8392,LICK,43,Unknown,41.0
8393,LIK,23,Unknown,64.0
8394,LIL DUSTY G,64,Unknown,66.0
8395,LIL GRIPPIE,34,Unknown,66.0
8396,LINDBERG,38,Unknown,102.0
8397,LIONE,50,Unknown,47.0
8398,LISA,78,Unknown,104.0
8399,LISTENBEE,59,Unknown,43.0
8400,LIT killah,43,Unknown,105.0
8401,LJ Echols,35,Unknown,2.0
8402,LL COOL J,64,Unknown,72.0
8403,LOCKBOX,39,Unknown,47.0
8404,LOONA,69,Unknown,104.0
8405,LOS HERMANOS,12,Unknown,44.0
8406,LOSER,29,Unknown,52.0
8407,LOUDNESS,36,Unknown,73.0
8408,LOUTA,44,Unknown,63.0
8409,LOVA,60,Unknown,114.0
8410,LOVE PSYCHEDELICO,34,Unknown,103.0
8411,LOVEBITES,20,Unknown,101.0
8412,LOZAREENA,43,Unknown,100.0
8413,LRN Slime,67,Unknown,40.0
8414,LSB,22,Unknown,46.0
8415,LTGTR,24,Unknown,60.0
8416,LTJ Bukem,18,Unknown,46.0
8417,LTN,50,Unknown,58.0
8418,LU2VYK,53,Unknown,43.0
8419,LUCHS,59,Unknown,37.0
8420,LUDI,43,Unknown,92.0
8421,LUDMILLA,56,Unknown,3.0
8422,LULLANAS,51,Unknown,19.0
8423,LUM!X,72,Unknown,54.0
8424,LUUV.,53,Unknown,40.0
8425,LUVRE47,40,Unknown,97.0
8426,LVNDSCAPE,53,Unknown,43.0
8427,LX,39,Unknown,97.0
8428,LXVI,32,Unknown,36.0
8429,LYOD,60,Unknown,43.0
8430,L_cio,30,Unknown,60.0
8431,La 25,47,Unknown,63.0
8432,La Adictiva,44,Unknown,6.0
8433,La BOA,18,Unknown,90.0
8434,La Belle Bleue,34,Unknown,96.0
8435,La Bien Querida,1,Unknown,113.0
8436,La Bouche,68,Unknown,97.0
8437,La Casa Azul,59,Unknown,113.0
8438,La Chicana,24,Unknown,115.0
8439,La Critica,31,Unknown,110.0
8440,La Cumbia Chicharra,23,Unknown,90.0
8441,La Femme,51,Unknown,79.0
8442,La Fine Equipe,57,Unknown,96.0
8443,La Floripondio,42,Unknown,80.0
8444,La Franela,45,Unknown,63.0
8445,La Fuga,57,Unknown,113.0
8446,La Furia,52,Unknown,3.0
8447,La Gente Pesada,28,Unknown,110.0
8448,La Grande Sophie,31,Unknown,96.0
8449,La Guardia,54,Unknown,113.0
8450,La Gusana Ciega,45,Unknown,63.0
8451,La Juan D'Arienzo,18,Unknown,115.0
8452,La La Love You,67,Unknown,113.0
8453,La Ley,0,Unknown,63.0
8454,La Matatena,41,Unknown,89.0
8455,La Misa Negra,28,Unknown,90.0
8456,La Misma Gente,36,Unknown,110.0
8457,La Mississippi,43,Unknown,2.0
8458,La Mosca Tse-Tse,36,Unknown,63.0
8459,La Novel de Martín Guevara,35,Unknown,110.0
8460,La Oreja de Van Gogh,77,Unknown,105.0
8461,La Original Banda El Limón de Salvador Lizárraga,44,Unknown,6.0
8462,La Parranda Magna,37,Unknown,89.0
8463,La Pegatina,59,Unknown,113.0
8464,La Perra Que Los Parió,41,Unknown,89.0
8465,La Polla,28,Unknown,113.0
8466,La Polla Records,26,Unknown,113.0
8467,La Portuaria,46,Unknown,63.0
8468,La Progresiva del Callao,29,Unknown,110.0
8469,La Quinta Estacion,75,Unknown,105.0
8470,La Rata Bluesera,42,Unknown,2.0
8471,La Renga,0,Unknown,63.0
8472,La Revolución De Emiliano Zapata,28,Unknown,82.0
8473,La Rondalla Tapatía,21,Unknown,20.0
8474,La Roux,71,Unknown,25.0
8475,La Rue Kétanou,33,Unknown,96.0
8476,La Sonora Dinamita,40,Unknown,110.0
8477,La Sonora Matancera,35,Unknown,110.0
8478,La Suprema Corte,30,Unknown,110.0
8479,La Transa,36,Unknown,89.0
8480,La Tremenda Korte,39,Unknown,89.0
8481,La Trenza de la Abuela,34,Unknown,89.0
8482,La Tropa Loca,44,Unknown,82.0
8483,La Vela Puerca,45,Unknown,63.0
8484,La Verbena Popular,46,Unknown,63.0
8485,La-33,32,Unknown,110.0
8486,LaLa Hsu,59,Unknown,108.0
8487,LaMorris Williams,34,Unknown,2.0
8488,LaPalomaLui,28,Unknown,57.0
8489,Laa Lee,55,Unknown,86.0
8490,Laban,30,Unknown,45.0
8491,Labrinth,83,Unknown,11.0
8492,Labyrint,33,Unknown,86.0
8493,Lacee,37,Unknown,2.0
8494,Lack Of Afro,49,Unknown,90.0
8495,Lack Of Interest,14,Unknown,68.0
8496,Lacrim,34,Unknown,96.0
8497,Lacrimas Profundere,19,Unknown,67.0
8498,Lacrimosa,25,Unknown,67.0
8499,Lacuna Coil,55,Unknown,67.0
8500,Laden,21,Unknown,100.0
8501,Lado de Cá,47,Unknown,109.0
8502,Lady A,74,Unknown,18.0
8503,Lady G,30,Unknown,86.0
8504,Lady Gaga,84,Unknown,42.0
8505,Lady Saw,25,Unknown,86.0
8506,Lady Waks,11,Unknown,38.0
8507,Ladytron,63,Unknown,59.0
8508,Laeland,54,Unknown,36.0
8509,Laetitia Dostie,65,Unknown,23.0
8510,Lafayette Afro Rock Band,21,Unknown,90.0
8511,Lafayette Leake,49,Unknown,23.0
8512,Lagori & Friends,29,Unknown,107.0
8513,Lagosta Bronzeada,38,Unknown,95.0
8514,Lagum,49,Unknown,109.0
8515,Lagwagon,30,Unknown,72.0
8516,Laharl Square,32,Unknown,91.0
8517,Laica,61,Unknown,40.0
8518,Laidback Luke,66,Unknown,58.0
8519,Laika Room,16,Unknown,34.0
8520,Laila Wollo,61,Unknown,35.0
8521,Lake Of Tears,45,Unknown,67.0
8522,Lakmann,38,Unknown,97.0
8523,Laleh,35,Unknown,114.0
8524,Lalgudi G. Jayaraman,35,Unknown,21.0
8525,Lalo Carrion,32,Unknown,82.0
8526,Lalo Ebratt,1,Unknown,105.0
8527,Lalo Rodriguez,70,Unknown,110.0
8528,Lamb,51,Unknown,62.0
8529,Lamb of God,66,Unknown,25.0
8530,Lambasaia,38,Unknown,95.0
8531,Lambchop,29,Unknown,79.0
8532,Lambert,51,Unknown,37.0
8533,Lamparina,40,Unknown,109.0
8534,Lana Del Rey,7,Unknown,16.0
8535,Lance & Linton,56,Unknown,114.0
8536,Lance Allen,44,Unknown,20.0
8537,Lance Takamiya,32,Unknown,20.0
8538,Landa La Sensación,28,Unknown,110.0
8539,Landon Cube,55,Unknown,66.0
8540,Landon Pigg,58,Unknown,24.0
8541,Landy Wen,51,Unknown,108.0
8542,Lane 8,60,Unknown,58.0
8543,Lanek,37,Unknown,51.0
8544,Language of Flowers,16,Unknown,41.0
8545,Lani Love,17,Unknown,
8546,Lani Mo,35,Unknown,67.0
8547,Lantlôs,36,Unknown,64.0
8548,Lara Fabian,57,Unknown,29.0
8549,Lara George,39,Unknown,90.0
8550,Lara Liang,56,Unknown,108.0
8551,Larissa Lambert,67,Unknown,40.0
8552,Larry,32,Unknown,96.0
8553,Larry Gaaga,54,Unknown,86.0
8554,Larry Heard,43,Unknown,39.0
8555,Larry Keel,25,Unknown,17.0
8556,Larry Morey,20,Unknown,9.0
8557,Larry Sparks,28,Unknown,17.0
8558,Larry The Cable Guy,30,Unknown,27.0
8559,Lars Frederiksen and the Bastards,38,Unknown,89.0
8560,Lars Winnerbäck,44,Unknown,32.0
8561,Lartiste,69,Unknown,96.0
8562,Larz-Kristerz,43,Unknown,114.0
8563,Las Almas Nuevas,47,Unknown,20.0
8564,Las Lagrimas,50,Unknown,20.0
8565,Las Moskas,31,Unknown,82.0
8566,Las Olas Del Mar,31,Unknown,117.0
8567,Las Pastillas del Abuelo,50,Unknown,63.0
8568,Las Pelotas,46,Unknown,63.0
8569,Las Perlas Negras,47,Unknown,20.0
8570,Las Tres Abejas,47,Unknown,20.0
8571,Las Tres Cuerdas,28,Unknown,20.0
8572,Las manos de Filippi,36,Unknown,89.0
8573,Laser Inc.,37,Unknown,114.0
8574,Lasse Holm,37,Unknown,114.0
8575,Lasse Ivonen,52,Unknown,20.0
8576,Lasse Lindh,53,Unknown,11.0
8577,Lasse Stefanz,50,Unknown,18.0
8578,Lasse Vermeli,21,Unknown,9.0
8579,Lasso,4,Unknown,105.0
8580,Last Call,35,Unknown,89.0
8581,Last Child,50,Unknown,80.0
8582,Last Days Of Humanity,16,Unknown,68.0
8583,Last Heroes,46,Unknown,47.0
8584,Last Idol,25,Unknown,101.0
8585,Last Minute India,46,Unknown,98.0
8586,Lastkaj 14,35,Unknown,114.0
8587,Lata Mangeshkar,59,Unknown,15.0
8588,Latha Hentry,19,Unknown,107.0
8589,Lauana Prado,51,Unknown,112.0
8590,Laufey,63,Unknown,32.0
8591,Lauge,0,Unknown,37.0
8592,Laura Benanti,26,Unknown,31.0
8593,Laura Branigan,73,Unknown,45.0
8594,Laura Chiatti,31,Unknown,9.0
8595,Laura Dreyfuss,58,Unknown,31.0
8596,Laura Jane Grace,26,Unknown,24.0
8597,Laura Marling,58,Unknown,93.0
8598,Laura Osnes,28,Unknown,31.0
8599,Laura Pausini,5,Unknown,105.0
8600,Laura Story,54,Unknown,117.0
8601,Laura Sullivan,54,Unknown,22.0
8602,Laura Wilde,29,Unknown,45.0
8603,Lauren Alaina,0,Unknown,18.0
8604,Lauren Babic,55,Unknown,72.0
8605,Lauren Daigle,75,Unknown,63.0
8606,Lauren Marcus,20,Unknown,31.0
8607,Lauren Spencer Smith,81,Unknown,32.0
8608,Lauren Weintraub,60,Unknown,32.0
8609,Laurent Garnier,21,Unknown,56.0
8610,Laurent Voulzy,35,Unknown,96.0
8611,Laurent Wolf,57,Unknown,45.0
8612,Laurie Lewis,20,Unknown,17.0
8613,Laurie Z.,26,Unknown,22.0
8614,Lauriete,47,Unknown,92.0
8615,Laurindo Almeida,36,Unknown,20.0
8616,Laus Høybye,30,Unknown,9.0
8617,Lauv,83,Unknown,42.0
8618,Lavell Crawford,22,Unknown,27.0
8619,Lavern,63,Unknown,96.0
8620,Lawineboys,35,Unknown,10.0
8621,Layo & Bushwacka!,52,Unknown,38.0
8622,Layto,62,Unknown,63.0
8623,Layton Giordani,52,Unknown,56.0
8624,Lazar Berman,58,Unknown,23.0
8625,Lazarito Valdés y Bamboleo,30,Unknown,110.0
8626,Lazerpunk,40,Unknown,41.0
8627,Lazy Leopard,47,Unknown,34.0
8628,Le Butcherettes,25,Unknown,52.0
8629,Le Castle Vania,55,Unknown,41.0
8630,Le Endrigo,33,Unknown,72.0
8631,Le Fly,37,Unknown,80.0
8632,Le Mans,27,Unknown,113.0
8633,Le Tigre,69,Unknown,81.0
8634,Le Winter,44,Unknown,114.0
8635,Le Youth,60,Unknown,45.0
8636,LeAnn Rimes,69,Unknown,18.0
8637,LeBrock,44,Unknown,59.0
8638,LeKtriQue,42,Unknown,41.0
8639,Lea Michele,61,Unknown,31.0
8640,Lea Salonga,63,Unknown,31.0
8641,Leafcutter John,34,Unknown,55.0
8642,Leah Marie Perez,51,Unknown,40.0
8643,Leah Nobel,57,Unknown,32.0
8644,Leandro Borges,49,Unknown,92.0
8645,Leandro Sapucahy,40,Unknown,111.0
8646,Leat'eq,61,Unknown,49.0
8647,Leatherface,27,Unknown,52.0
8648,Lebanon Hanover,67,Unknown,81.0
8649,Lebo M.,52,Unknown,9.0
8650,Lebrado,37,Unknown,2.0
8651,Leci Brandao,41,Unknown,111.0
8652,Led Zeppelin,79,Unknown,71.0
8653,Leda Moreno,31,Unknown,82.0
8654,Ledetraad,59,Unknown,23.0
8655,"Lee ""Scratch"" Perry",26,Unknown,47.0
8656,Lee Bloccboy,36,Unknown,114.0
8657,Lee Cabrera,63,Unknown,45.0
8658,Lee DeWyze,49,Unknown,24.0
8659,Lee Killington,45,Unknown,36.0
8660,Lee Mack,25,Unknown,27.0
8661,Lee Richardson,47,Unknown,2.0
8662,Lee Rocker,27,Unknown,79.0
8663,Lee So Ra,56,Unknown,32.0
8664,LeeHi,77,Unknown,104.0
8665,Leehom Wang,56,Unknown,108.0
8666,Leeland,67,Unknown,63.0
8667,Left Alone,31,Unknown,89.0
8668,Left Lane Cruiser,57,Unknown,52.0
8669,Left spectrum of the brain,37,Unknown,34.0
8670,Left/Right,10,Unknown,38.0
8671,Leftfield,51,Unknown,62.0
8672,Lefties Soul Connection,20,Unknown,90.0
8673,Leftover Salmon,37,Unknown,17.0
8674,Leftwing : Kody,56,Unknown,43.0
8675,Lefty Frizzell,48,Unknown,4.0
8676,Legião Urbana,51,Unknown,92.0
8677,Lehmber Hussainpuri,64,Unknown,1.0
8678,Leidy Murilho,34,Unknown,69.0
8679,Leila Bela,0,Unknown,99.0
8680,Leila Milki,59,Unknown,23.0
8681,Leiva,64,Unknown,113.0
8682,Lele Pons,67,Unknown,105.0
8683,Leman Sam,43,Unknown,102.0
8684,Lemon D,17,Unknown,46.0
8685,Lemon Jelly,52,Unknown,62.0
8686,Lemongrass,52,Unknown,62.0
8687,Lena,60,Unknown,97.0
8688,Lena Philipsson,35,Unknown,114.0
8689,Leng Tch'e,13,Unknown,68.0
8690,Lenine,43,Unknown,109.0
8691,Lennon Stella,0,Unknown,50.0
8692,Lenny Dee,21,Unknown,10.0
8693,Lenny Kravitz,1,Unknown,83.0
8694,Lenny Tavárez,1,Unknown,105.0
8695,Lenny code fiction,56,Unknown,91.0
8696,Lenzman,20,Unknown,46.0
8697,Leo Baumgart,62,Unknown,35.0
8698,Leo Brouwer,58,Unknown,20.0
8699,Leo Gandelman,40,Unknown,5.0
8700,Leo Jaime,45,Unknown,109.0
8701,Leo Ku,59,Unknown,94.0
8702,Leo Nucci,25,Unknown,29.0
8703,Leo Roi,32,Unknown,96.0
8704,Leo Santana,46,Unknown,3.0
8705,Leo Sayer,60,Unknown,18.0
8706,Leola,24,Unknown,100.0
8707,Leon Bridges,74,Unknown,2.0
8708,Leon James,68,Unknown,16.0
8709,Leon Lai,25,Unknown,94.0
8710,Leon Payne,14,Unknown,4.0
8711,Leon Vynehall,55,Unknown,37.0
8712,Leona Lewis,75,Unknown,93.0
8713,Leonard,34,Unknown,45.0
8714,Leonard Bernstein,0,Unknown,21.0
8715,Leonard Cohen,64,Unknown,19.0
8716,Leonard Kwan,25,Unknown,20.0
8717,Leonardo,48,Unknown,112.0
8718,Leonardo Gonçalves,46,Unknown,92.0
8719,Leonardo Holmes,42,Unknown,9.0
8720,Leonce,15,Unknown,41.0
8721,Leoni,48,Unknown,92.0
8722,Leopoldo Federico,20,Unknown,115.0
8723,Lepoka,29,Unknown,113.0
8724,Leprosy,26,Unknown,65.0
8725,Les 3 Fromages,32,Unknown,96.0
8726,Les Caméléons,33,Unknown,96.0
8727,Les Dales Hawerchuk,39,Unknown,80.0
8728,Les Discrets,39,Unknown,64.0
8729,Les Fatals Picards,37,Unknown,96.0
8730,Les Mamans du Congo,20,Unknown,90.0
8731,Les Ramoneurs De Menhirs,37,Unknown,96.0
8732,Les Rita Mitsouko,33,Unknown,96.0
8733,Les Sales Majestés,35,Unknown,96.0
8734,Les Sexareenos,24,Unknown,52.0
8735,Lesiem,28,Unknown,22.0
8736,Lesley Garrett,19,Unknown,29.0
8737,Leslie Cheung,52,Unknown,94.0
8738,Leslie Grace,55,Unknown,31.0
8739,Leslie Kritzer,53,Unknown,31.0
8740,Leslie Odom Jr.,70,Unknown,5.0
8741,Lesram,35,Unknown,96.0
8742,Lester Flatt,29,Unknown,17.0
8743,Lester Young,55,Unknown,5.0
8744,Let's Active,20,Unknown,78.0
8745,Lethal,27,Unknown,73.0
8746,Leto,36,Unknown,96.0
8747,Letoa,62,Unknown,36.0
8748,Letrux,44,Unknown,109.0
8749,Letta Mbulu,51,Unknown,90.0
8750,Letter Day Story,37,Unknown,80.0
8751,Lety Cisneros,27,Unknown,82.0
8752,Level,31,Unknown,77.0
8753,Level 42,69,Unknown,45.0
8754,Level One,21,Unknown,53.0
8755,Levent Yüksel,40,Unknown,102.0
8756,Leviathan,20,Unknown,64.0
8757,Lewis Capaldi,87,Unknown,16.0
8758,Lexaunculpt,10,Unknown,55.0
8759,Lexer,47,Unknown,43.0
8760,Lexi Jonga,63,Unknown,40.0
8761,Lexxus,26,Unknown,86.0
8762,Leyona,23,Unknown,100.0
8763,Li Yugang,54,Unknown,108.0
8764,LiL Lotus,52,Unknown,66.0
8765,LiSA,74,Unknown,91.0
8766,Lia de Itamaracá,41,Unknown,109.0
8767,Liad Abraham,45,Unknown,20.0
8768,Liam Stoler,46,Unknown,20.0
8769,Liana Flores,81,Unknown,11.0
8770,Liane Foly,33,Unknown,96.0
8771,Lianne La Havas,58,Unknown,93.0
8772,Liaze,44,Unknown,97.0
8773,Libero 5,33,Unknown,45.0
8774,Libertad Lamarque,26,Unknown,115.0
8775,Libin Scaria,21,Unknown,107.0
8776,Libor Kolman,69,Unknown,23.0
8777,Library Tapes,58,Unknown,37.0
8778,Lidell Townsell,15,Unknown,39.0
8779,Lidia Borda,24,Unknown,115.0
8780,Lieblingsplattendreher,18,Unknown,56.0
8781,Liedfett,35,Unknown,80.0
8782,Lifafa,46,Unknown,50.0
8783,Life Of Agony,32,Unknown,72.0
8784,Life is a Lie,11,Unknown,68.0
8785,Lifehouse,76,Unknown,63.0
8786,Lifelike,41,Unknown,45.0
8787,Liferuiner,22,Unknown,65.0
8788,Lifvsleda,18,Unknown,64.0
8789,Light Garden,60,Unknown,35.0
8790,Light The Torch,61,Unknown,77.0
8791,"Lightning, Thunder and Rain Storm",36,Unknown,35.0
8792,Lights,0,Unknown,19.0
8793,Lights & Motion,49,Unknown,37.0
8794,Lights Of Euphoria,26,Unknown,
8795,Lihua Zhao,58,Unknown,23.0
8796,Lijadu Sisters,45,Unknown,90.0
8797,Like Moths To Flames,46,Unknown,77.0
8798,Lil Baby,8,Unknown,1.0
8799,Lil Cobaine,62,Unknown,7.0
8800,Lil Dicky,66,Unknown,27.0
8801,Lil E,17,Unknown,41.0
8802,Lil God Dan,73,Unknown,36.0
8803,Lil Happy Lil Sad,60,Unknown,66.0
8804,Lil J,44,Unknown,107.0
8805,Lil Kesh,56,Unknown,86.0
8806,Lil Loski,52,Unknown,36.0
8807,Lil Nas X,90,Unknown,1.0
8808,Lil Peep,81,Unknown,66.0
8809,Lil Pump,64,Unknown,66.0
8810,Lil Rae,59,Unknown,36.0
8811,Lil Rel Howery,21,Unknown,27.0
8812,Lil Revive,61,Unknown,66.0
8813,Lil Shrimp,42,Unknown,97.0
8814,Lil Tjay,81,Unknown,6.0
8815,Lil Tracy,61,Unknown,66.0
8816,Lil Xan,70,Unknown,66.0
8817,Lil Yung Pharaoh,50,Unknown,66.0
8818,Lil Zey,46,Unknown,116.0
8819,Lil' Kim,0,Unknown,25.0
8820,Lil' Ron Ron,13,Unknown,
8821,Lilas Ikuta,68,Unknown,102.0
8822,Lili,28,Unknown,45.0
8823,Lilium,43,Unknown,67.0
8824,Lill Lindfors,35,Unknown,114.0
8825,Lill-Babs,37,Unknown,114.0
8826,Lillian Axe,41,Unknown,71.0
8827,Lilly Eaton,49,Unknown,23.0
8828,Lilly Palmer,58,Unknown,60.0
8829,Lilly Wood and The Prick,73,Unknown,96.0
8830,Lilorx,56,Unknown,36.0
8831,Lim Hyung Joo,40,Unknown,29.0
8832,Limahl,66,Unknown,59.0
8833,Limbo Slice,48,Unknown,41.0
8834,Lime,33,Unknown,45.0
8835,Limoblaze,64,Unknown,90.0
8836,Limp Bizkit,77,Unknown,25.0
8837,Limsa d'Aulnay,34,Unknown,96.0
8838,Limão Com Mel,51,Unknown,95.0
8839,Lin Hsin Yi,23,Unknown,108.0
8840,Lin-Manuel Miranda,67,Unknown,31.0
8841,Lincoln Brewster,53,Unknown,117.0
8842,Linda Bengtzing,39,Unknown,114.0
8843,Linda Chung,30,Unknown,94.0
8844,Linda Eder,23,Unknown,31.0
8845,Linda Jo Rizzo,44,Unknown,45.0
8846,Linda Mirada,30,Unknown,113.0
8847,Linda P,30,Unknown,27.0
8848,Linda Perhacs,52,Unknown,79.0
8849,Linda Vera,31,Unknown,82.0
8850,Linda Wong,20,Unknown,94.0
8851,Lindiwe Mkhize,56,Unknown,9.0
8852,Lindsay Mendez,33,Unknown,31.0
8853,Line Dances,15,Unknown,
8854,Linerz Motorsports,27,Unknown,107.0
8855,Linet,42,Unknown,116.0
8856,Ling tosite sigure,51,Unknown,72.0
8857,Liniker,45,Unknown,109.0
8858,Liniker e os Caramelows,47,Unknown,109.0
8859,Link Wray,52,Unknown,84.0
8860,Linke Soep,29,Unknown,53.0
8861,Linked Horizon,69,Unknown,91.0
8862,Linkin Park,85,Unknown,25.0
8863,Linn Brikell,45,Unknown,24.0
8864,Linn da Quebrada,41,Unknown,41.0
8865,Lion Bigmao,26,Unknown,86.0
8866,Lion Fiah,34,Unknown,86.0
8867,Lionel Richie,72,Unknown,45.0
8868,Lionheart,29,Unknown,72.0
8869,Lionrock,14,Unknown,38.0
8870,Lipsika,72,Unknown,74.0
8871,Liquid Mind,26,Unknown,37.0
8872,Liquid Soul,51,Unknown,61.0
8873,Lisa Antoni,20,Unknown,31.0
8874,Lisa Ekdahl,36,Unknown,102.0
8875,Lisa Kelly,23,Unknown,29.0
8876,Lisa Lynne,21,Unknown,22.0
8877,Lisa Nilsson,45,Unknown,102.0
8878,Lisa Stansfield,64,Unknown,93.0
8879,Lisa Stokke,31,Unknown,9.0
8880,Lissom,62,Unknown,19.0
8881,Listener Kids,53,Unknown,26.0
8882,Lithe,61,Unknown,7.0
8883,Little Anthony & The Imperials,42,Unknown,2.0
8884,Little Apple Band,32,Unknown,
8885,Little Big Town,70,Unknown,18.0
8886,Little Boo & Friends,35,Unknown,26.0
8887,Little Circuits,71,Unknown,35.0
8888,Little Dragon,62,Unknown,67.0
8889,Little Eva,61,Unknown,82.0
8890,Little Gerhard,40,Unknown,82.0
8891,Little Glee Monster,39,Unknown,102.0
8892,Little Jinder,26,Unknown,59.0
8893,Little Lazy Lights,42,Unknown,34.0
8894,Little Mix,78,Unknown,42.0
8895,Little People,48,Unknown,62.0
8896,Little Piano Player,22,Unknown,9.0
8897,Little Richard,65,Unknown,82.0
8898,Little River Band,2,Unknown,18.0
8899,Little Simz,64,Unknown,25.0
8900,Little Symphony,51,Unknown,37.0
8901,Little Walter,59,Unknown,24.0
8902,Liturgy,18,Unknown,64.0
8903,Liu,62,Unknown,92.0
8904,Liu & Léu,49,Unknown,112.0
8905,Live,69,Unknown,63.0
8906,Lividity,13,Unknown,68.0
8907,Livin' Joy,31,Unknown,45.0
8908,Living Colour,68,Unknown,63.0
8909,Living In A Box,53,Unknown,59.0
8910,Living Room,1,Unknown,5.0
8911,Livingston,62,Unknown,36.0
8912,Liz Callaway,57,Unknown,31.0
8913,Liz Lanne,38,Unknown,28.0
8914,Liz Story,27,Unknown,22.0
8915,Liz Torres,6,Unknown,39.0
8916,Liza Minnelli,19,Unknown,31.0
8917,Lizzo,89,Unknown,1.0
8918,Ljå,21,Unknown,64.0
8919,Llewellyn,27,Unknown,22.0
8920,Llorca,23,Unknown,62.0
8921,Lloyd Banks,64,Unknown,72.0
8922,Lloyd Cole and the Commotions,35,Unknown,59.0
8923,Lluvia para Dormir,47,Unknown,35.0
8924,Lo Fidelity Allstars,7,Unknown,38.0
8925,Lo'Jo,17,Unknown,90.0
8926,LoFinga,39,Unknown,34.0
8927,LoFoxy,42,Unknown,91.0
8928,Loadstar,20,Unknown,46.0
8929,Loathe,62,Unknown,77.0
8930,Lobby Lingu!n!,40,Unknown,34.0
8931,Lobo,67,Unknown,19.0
8932,Lobão,44,Unknown,92.0
8933,Local H,66,Unknown,70.0
8934,Lock Up,12,Unknown,68.0
8935,Locked Club,39,Unknown,
8936,Loco,68,Unknown,104.0
8937,Loco Dice,17,Unknown,56.0
8938,Loess,8,Unknown,55.0
8939,Lofi Temptation,50,Unknown,36.0
8940,Logistics,37,Unknown,46.0
8941,Lokel,60,Unknown,40.0
8942,Lola Indigo,76,Unknown,105.0
8943,Lola Le Lann,31,Unknown,96.0
8944,Lola Ponce,26,Unknown,113.0
8945,Lollies,27,Unknown,57.0
8946,Lollypop Lorry,42,Unknown,5.0
8947,Lomepal,39,Unknown,96.0
8948,Lomoplay,27,Unknown,34.0
8949,London After Midnight,21,Unknown,67.0
8950,London Elektricity,46,Unknown,46.0
8951,London Symphony Orchestra,51,Unknown,93.0
8952,Lonely God,76,Unknown,11.0
8953,Lonely Night,56,Unknown,96.0
8954,Lonely Spring,32,Unknown,72.0
8955,Lonely The Brave,47,Unknown,93.0
8956,Lonely in the Rain,65,Unknown,96.0
8957,Lonesome River Band,28,Unknown,17.0
8958,Lonesome Wyatt and the Holy Spooks,21,Unknown,67.0
8959,Lonestar,71,Unknown,18.0
8960,Long Beach Dub Allstars,31,Unknown,89.0
8961,Long Shot Party,57,Unknown,102.0
8962,Longview,21,Unknown,17.0
8963,LooLoo Kids,53,Unknown,26.0
8964,Lookas,49,Unknown,51.0
8965,Loopable,44,Unknown,35.0
8966,Loose Ends,29,Unknown,45.0
8967,Loote,65,Unknown,49.0
8968,Loquillo,57,Unknown,84.0
8969,Loquillo Y Los Trogloditas,59,Unknown,113.0
8970,Lord Belial,17,Unknown,64.0
8971,Lord Folter,38,Unknown,97.0
8972,Lord Huron,83,Unknown,19.0
8973,Lord Of The Lost,26,Unknown,67.0
8974,Lordi,55,Unknown,73.0
8975,Lords Of Acid,21,Unknown,
8976,Lords Of The New Church,23,Unknown,67.0
8977,Lords Of The Underground,6,Unknown,72.0
8978,Lordson Antony,22,Unknown,107.0
8979,Loreen,63,Unknown,114.0
8980,Lorelle Paredes,65,Unknown,35.0
8981,Loren Allred,75,Unknown,31.0
8982,Lorena Chaves,39,Unknown,109.0
8983,Lorenz Büffel,35,Unknown,45.0
8984,Lorenzo,36,Unknown,96.0
8985,Lorenzo Di Martino,39,Unknown,97.0
8986,Lorenzo Fiore,60,Unknown,23.0
8987,Loretta Lynn,0,Unknown,18.0
8988,Lorhann,44,Unknown,92.0
8989,Lori Mechem,0,Unknown,22.0
8990,Lori Meyers,63,Unknown,113.0
8991,Lorne Balfe,54,Unknown,93.0
8992,Los 4,34,Unknown,110.0
8993,Los Abuelos De La Nada,43,Unknown,63.0
8994,Los Amigos Invisibles,71,Unknown,90.0
8995,Los Amores Recientes,50,Unknown,20.0
8996,Los Antiguos,35,Unknown,73.0
8997,Los Apson,47,Unknown,82.0
8998,Los Apson Boys,32,Unknown,82.0
8999,Los Apus,38,Unknown,20.0
9000,Los Auténticos Decadentes,46,Unknown,63.0
9001,Los Baby's,46,Unknown,82.0
9002,Los Benders,36,Unknown,84.0
9003,Los Blue Caps,35,Unknown,82.0
9004,Los Brios,42,Unknown,82.0
9005,Los Bunkers,47,Unknown,63.0
9006,Los Caballeros De La Quema,47,Unknown,63.0
9007,Los Cafres,40,Unknown,89.0
9008,Los Caligaris,52,Unknown,63.0
9009,Los Camisas Negras,33,Unknown,82.0
9010,Los Chicanos,41,Unknown,82.0
9011,Los Chijuas,28,Unknown,52.0
9012,Los Churumbeles De España,36,Unknown,82.0
9013,Los Cinco Latinos,30,Unknown,82.0
9014,Los Corazones Solitarios,30,Unknown,82.0
9015,Los Crazy Boys,40,Unknown,82.0
9016,Los Crudos,32,Unknown,72.0
9017,Los Cuatro Soles,42,Unknown,82.0
9018,Los Daniels,44,Unknown,63.0
9019,Los De Abajo,40,Unknown,89.0
9020,Los Delinquentes,61,Unknown,113.0
9021,Los Diabólicos,30,Unknown,52.0
9022,Los Dinner's,34,Unknown,82.0
9023,Los Enanitos Verdes,42,Unknown,63.0
9024,Los Estramboticos,47,Unknown,63.0
9025,Los Ex,35,Unknown,80.0
9026,Los Fabulosos Cadillacs,45,Unknown,63.0
9027,Los Freddy's,45,Unknown,82.0
9028,Los Fredy´s,33,Unknown,82.0
9029,Los Freneticos Del Ritmo,35,Unknown,82.0
9030,Los Gardelitos,46,Unknown,63.0
9031,Los Gatos Negros,46,Unknown,19.0
9032,Los Gliders,38,Unknown,82.0
9033,Los Hermanos,49,Unknown,63.0
9034,Los Hermanos Campos,43,Unknown,19.0
9035,Los Hermanos Carrion,41,Unknown,82.0
9036,Los Hermanos Lopez,41,Unknown,110.0
9037,Los Hitters,39,Unknown,82.0
9038,Los Hnos. Carrión,35,Unknown,82.0
9039,Los Hooligans,34,Unknown,82.0
9040,Los Indios Tacunau,30,Unknown,20.0
9041,Los Intocables,32,Unknown,89.0
9042,Los Johnny Jets,30,Unknown,82.0
9043,Los Juniors,37,Unknown,82.0
9044,Los KK,33,Unknown,72.0
9045,Los Korucos,34,Unknown,89.0
9046,Los Legendarios,75,Unknown,88.0
9047,Los Llopis,27,Unknown,113.0
9048,Los Locos Del Ritmo,35,Unknown,82.0
9049,Los Loud Jets,40,Unknown,82.0
9050,Los Látigos,39,Unknown,51.0
9051,Los Master's,32,Unknown,110.0
9052,Los Matematicos,28,Unknown,82.0
9053,Los Miserables,44,Unknown,71.0
9054,Los Mitos,31,Unknown,113.0
9055,Los Moonlights,33,Unknown,82.0
9056,Los Muchachos De Antes,21,Unknown,115.0
9057,Los Muertos de Cristo,28,Unknown,113.0
9058,Los Nastys,29,Unknown,113.0
9059,Los Ovnis,28,Unknown,82.0
9060,Los Pandilleros,25,Unknown,84.0
9061,Los Pasteles Verdes,45,Unknown,6.0
9062,Los Peores De Chile,41,Unknown,80.0
9063,Los Pericos,42,Unknown,89.0
9064,Los Perlas,42,Unknown,19.0
9065,Los Piojos,49,Unknown,63.0
9066,Los Piratas,55,Unknown,113.0
9067,Los Pirañas,33,Unknown,90.0
9068,Los Planetas,0,Unknown,113.0
9069,Los Poetas De La Guitarra,22,Unknown,20.0
9070,Los Polifaceticos,41,Unknown,82.0
9071,Los Prisioneros,43,Unknown,63.0
9072,Los Punsetes,25,Unknown,113.0
9073,Los Rebujitos,59,Unknown,113.0
9074,Los Reno,42,Unknown,82.0
9075,Los Retros,73,Unknown,25.0
9076,Los Reyes Del Tango,21,Unknown,115.0
9077,Los Rodriguez,34,Unknown,63.0
9078,Los Rogers,40,Unknown,82.0
9079,Los Roller's,42,Unknown,19.0
9080,Los Ronaldos,63,Unknown,113.0
9081,Los Rude Boys,42,Unknown,89.0
9082,Los Saylors,29,Unknown,82.0
9083,Los Sebosos Postizos,41,Unknown,109.0
9084,Los Secretos,61,Unknown,113.0
9085,Los Shadows,26,Unknown,52.0
9086,Los Sinners,31,Unknown,82.0
9087,Los Skarnales,31,Unknown,89.0
9088,Los Sleepers,40,Unknown,82.0
9089,Los Soberanos,29,Unknown,113.0
9090,Los Solistas,26,Unknown,115.0
9091,Los Solitarios,45,Unknown,82.0
9092,Los Sonor's,33,Unknown,82.0
9093,Los Strwck,33,Unknown,82.0
9094,Los Superclasicos,30,Unknown,82.0
9095,Los Tecolines,41,Unknown,20.0
9096,Los Teen Tops,39,Unknown,82.0
9097,Los Tiki Phantoms,26,Unknown,84.0
9098,Los Tipitos,50,Unknown,63.0
9099,Los Traviesos,29,Unknown,110.0
9100,Los Tres Caballeros,35,Unknown,20.0
9101,Los Tukas,37,Unknown,82.0
9102,Los Twist,37,Unknown,89.0
9103,Los Vaguens,38,Unknown,84.0
9104,Los Victorios,34,Unknown,89.0
9105,Los Xochimilcas,35,Unknown,82.0
9106,Los Yaki,27,Unknown,82.0
9107,Los Yorsy's,31,Unknown,82.0
9108,Lost Boyz,1,Unknown,72.0
9109,Lost Fables,59,Unknown,35.0
9110,Lost Frequencies,88,Unknown,42.0
9111,Lost Kids,32,Unknown,66.0
9112,Lost Stories,52,Unknown,49.0
9113,Lostboycrow,66,Unknown,11.0
9114,Lotta Engberg,38,Unknown,114.0
9115,Lou Bega,77,Unknown,105.0
9116,Lou Rawls,1,Unknown,2.0
9117,Lou Reed,73,Unknown,79.0
9118,Louane,0,Unknown,96.0
9119,Loubet,52,Unknown,112.0
9120,Loud Luxury,75,Unknown,49.0
9121,Louie Anderson,24,Unknown,27.0
9122,Louie Cut,21,Unknown,56.0
9123,Louie Vega,27,Unknown,43.0
9124,Louis & Clark,44,Unknown,60.0
9125,Louis Armstrong,73,Unknown,5.0
9126,Louis Capone,62,Unknown,91.0
9127,Louis Chedid,37,Unknown,96.0
9128,Louis Katz,24,Unknown,27.0
9129,Louis Koo,19,Unknown,94.0
9130,Louis Pascal,34,Unknown,90.0
9131,Louis Prima,0,Unknown,2.0
9132,Louis The Child,0,Unknown,49.0
9133,Louise Attaque,33,Unknown,96.0
9134,Louise Hoffsten,37,Unknown,2.0
9135,Lourenco & Lourival,48,Unknown,112.0
9136,Louro Santos & Forró da Malagueta,41,Unknown,95.0
9137,Louyah,63,Unknown,36.0
9138,Lov1,40,Unknown,114.0
9139,Lovage,19,Unknown,62.0
9140,Love,59,Unknown,79.0
9141,Love Falk,57,Unknown,23.0
9142,Love Unlimited,32,Unknown,45.0
9143,Love and Rockets,23,Unknown,67.0
9144,Love of Lesbian,56,Unknown,113.0
9145,Love to Sing,35,Unknown,26.0
9146,LoveJSan,49,Unknown,36.0
9147,Loveless,71,Unknown,81.0
9148,Lovely Rascals,44,Unknown,34.0
9149,Loverboy,36,Unknown,45.0
9150,Loving,59,Unknown,52.0
9151,Low,52,Unknown,79.0
9152,Low Steppa,40,Unknown,43.0
9153,Low-E,29,Unknown,53.0
9154,Lowell Lo,21,Unknown,94.0
9155,Lower Than Atlantis,43,Unknown,93.0
9156,Loyla Lo,39,Unknown,34.0
9157,Loyle Carner,0,Unknown,25.0
9158,Ls Jack,44,Unknown,92.0
9159,Lstn,56,Unknown,96.0
9160,Lt. Stitchie,23,Unknown,100.0
9161,Lu Han,51,Unknown,108.0
9162,Luamarte,40,Unknown,109.0
9163,Luan Estilizado,47,Unknown,95.0
9164,Luan Pereira,55,Unknown,112.0
9165,Luana Berti,42,Unknown,109.0
9166,Luar La L,91,Unknown,105.0
9167,Luc Delvaux,38,Unknown,34.0
9168,Luca,65,Unknown,96.0
9169,Luca Brasi,30,Unknown,52.0
9170,Luca Vieri,22,Unknown,9.0
9171,Luca Ward,33,Unknown,9.0
9172,Lucas & Steve,62,Unknown,58.0
9173,Lucas Cervetti,32,Unknown,117.0
9174,Lucas Estrada,67,Unknown,43.0
9175,Lucas Lomholt Eriksen,23,Unknown,9.0
9176,Lucas Lucco,46,Unknown,3.0
9177,Lucas Nord,65,Unknown,58.0
9178,Lucas Reis & Thácio,56,Unknown,112.0
9179,LucasPianoRoom,43,Unknown,91.0
9180,Lucca e Mateus,48,Unknown,112.0
9181,Luccas Carlos,46,Unknown,92.0
9182,Lucenzo,67,Unknown,96.0
9183,Lucia Guiada,25,Unknown,117.0
9184,Luciana Mello,42,Unknown,111.0
9185,Luciano,84,Unknown,86.0
9186,Luciano Claw,36,Unknown,69.0
9187,Luciano Pavarotti,49,Unknown,21.0
9188,Luciano Pereyra,43,Unknown,19.0
9189,Lucille Croft,53,Unknown,41.0
9190,Lucio Demare,22,Unknown,115.0
9191,Lucky Ali,65,Unknown,15.0
9192,Lucky Daye,73,Unknown,11.0
9193,Lucky Luke,71,Unknown,50.0
9194,Lucus,56,Unknown,36.0
9195,Lucy Rose,54,Unknown,37.0
9196,Lucybell,44,Unknown,63.0
9197,Ludmila Ferber,42,Unknown,28.0
9198,Ludomir,47,Unknown,43.0
9199,Ludovico Einaudi,79,Unknown,37.0
9200,Ludovico Technique,21,Unknown,
9201,Ludwig van Beethoven,69,Unknown,21.0
9202,Luedji Luna,41,Unknown,109.0
9203,Lugatti,39,Unknown,97.0
9204,Lugatti & 9ine,43,Unknown,97.0
9205,Lugnet före stormen,60,Unknown,35.0
9206,Lui Joseph,62,Unknown,36.0
9207,Luidji,32,Unknown,96.0
9208,Luigi Madonna,39,Unknown,56.0
9209,Luigi Texidor,27,Unknown,110.0
9210,Luis Aguile,30,Unknown,113.0
9211,Luis Alberto Spinetta,45,Unknown,63.0
9212,Luis Arcaraz Y Su Orquesta,37,Unknown,5.0
9213,Luis Berra,44,Unknown,23.0
9214,Luis Eduardo Aute,32,Unknown,113.0
9215,Luis Enrique,75,Unknown,110.0
9216,Luis Fonsi,80,Unknown,105.0
9217,Luis Mosqueda y los Roller's,42,Unknown,19.0
9218,Luis Pescetti,39,Unknown,106.0
9219,Luis Salinas,29,Unknown,20.0
9220,Luis Ángel Gómez Jaramillo,61,Unknown,9.0
9221,Luisa Amogida,59,Unknown,23.0
9222,Luisito Ayala Y La Puerto Rican Power,32,Unknown,110.0
9223,Luisito Carrion,30,Unknown,110.0
9224,Luismi,28,Unknown,110.0
9225,Luiz Arcanjo,28,Unknown,69.0
9226,Luiz Ayrao,39,Unknown,102.0
9227,Luiz Bonfá,49,Unknown,20.0
9228,Luiz Gonzaga,47,Unknown,95.0
9229,Luiz Henrique e Leo,45,Unknown,112.0
9230,Luiz Melodia,42,Unknown,109.0
9231,Luiza Possi,47,Unknown,109.0
9232,Lujipeka,39,Unknown,96.0
9233,Luka Rosi,29,Unknown,45.0
9234,Lukas Agustinho,52,Unknown,92.0
9235,Lukas Freudenberger,20,Unknown,56.0
9236,"Lukas, Der Rapper",38,Unknown,97.0
9237,Luke Abbott,33,Unknown,55.0
9238,Luke Bryan,75,Unknown,18.0
9239,Luke Chiang,71,Unknown,40.0
9240,Luke Combs,82,Unknown,18.0
9241,Luke Howard,64,Unknown,37.0
9242,Luke Marzec,54,Unknown,93.0
9243,Luke Sital-Singh,0,Unknown,93.0
9244,Luke Vibert,38,Unknown,55.0
9245,Lullabies for Deep Meditation,35,Unknown,35.0
9246,Lulleaux,53,Unknown,43.0
9247,Lulu Santos,48,Unknown,92.0
9248,Luma Elpidio,53,Unknown,92.0
9249,Lumaraa,41,Unknown,97.0
9250,Lumber,47,Unknown,66.0
9251,Lumi Couri,64,Unknown,35.0
9252,Luminite,22,Unknown,53.0
9253,Luminn,21,Unknown,61.0
9254,Luna Bauer,58,Unknown,23.0
9255,Luna Haruna,54,Unknown,91.0
9256,Luna Li,63,Unknown,52.0
9257,Luna Stars,48,Unknown,36.0
9258,Lunachicks,22,Unknown,78.0
9259,Lunar Vacation,52,Unknown,52.0
9260,Lunatic Calm,44,Unknown,38.0
9261,Lunatic Soul,47,Unknown,79.0
9262,Lunay,75,Unknown,106.0
9263,Lund,72,Unknown,40.0
9264,Luniz,75,Unknown,3.0
9265,Luny Tunes,1,Unknown,106.0
9266,Lupa,46,Unknown,63.0
9267,Lupe Sinsonte,62,Unknown,23.0
9268,Lupillo Rivera,47,Unknown,6.0
9269,Lusaint,55,Unknown,24.0
9270,Lush & Simon,51,Unknown,58.0
9271,Lushington,23,Unknown,69.0
9272,Lusine,43,Unknown,55.0
9273,Lutan Fyah,5,Unknown,86.0
9274,Luther,37,Unknown,96.0
9275,Luther Allison,52,Unknown,24.0
9276,Luv Resval,41,Unknown,96.0
9277,Luxtorpeda,36,Unknown,80.0
9278,Luxtreme,20,Unknown,53.0
9279,Luz,63,Unknown,32.0
9280,Luz Casal,26,Unknown,113.0
9281,Luísa e os Alquimistas,42,Unknown,109.0
9282,Lvbel C5,1,Unknown,116.0
9283,Lvne,61,Unknown,96.0
9284,Lxst,58,Unknown,36.0
9285,Lyde,37,Unknown,41.0
9286,Lydia Barnes,52,Unknown,23.0
9287,Lydia Moisés,42,Unknown,28.0
9288,Lykke Li,75,Unknown,50.0
9289,Lyla Foy,43,Unknown,93.0
9290,Lyn Lapid,73,Unknown,11.0
9291,Lynda Lemay,34,Unknown,96.0
9292,Lynk Lee,57,Unknown,32.0
9293,Lynyrd Skynyrd,81,Unknown,2.0
9294,Lyres,25,Unknown,52.0
9295,Lyudmila Zykina,22,Unknown,30.0
9296,LØLØ,59,Unknown,81.0
9297,Léa Corbelin,50,Unknown,23.0
9298,Léo & Raphael,51,Unknown,112.0
9299,Léo Delibes,58,Unknown,96.0
9300,Léo Magalhães,48,Unknown,95.0
9301,Lérica,62,Unknown,113.0
9302,Lílian Pinto,50,Unknown,23.0
9303,Líom,49,Unknown,37.0
9304,Lörihen,31,Unknown,73.0
9305,Lúc,52,Unknown,24.0
9306,Lützenkirchen,0,Unknown,56.0
9307,M-22,63,Unknown,43.0
9308,M-BAND,23,Unknown,84.0
9309,M-Beat,56,Unknown,46.0
9310,M-Clan,60,Unknown,113.0
9311,M. Balamuralikrishna,36,Unknown,21.0
9312,M. L. Vasanthakumari,29,Unknown,21.0
9313,M. S. Subbulakshmi,48,Unknown,21.0
9314,M.A.G.S.,59,Unknown,52.0
9315,M.A.N.D.Y.,46,Unknown,56.0
9316,M.I.A.,77,Unknown,11.0
9317,M.I.L.K.,0,Unknown,96.0
9318,M.O.P.,62,Unknown,72.0
9319,M83,76,Unknown,96.0
9320,MACABRE,25,Unknown,65.0
9321,MADKID,56,Unknown,91.0
9322,MAGIC!,81,Unknown,87.0
9323,MAGICMINT,47,Unknown,34.0
9324,MAGNAVOLT,48,Unknown,41.0
9325,MAISONdes,65,Unknown,102.0
9326,MAJAN,37,Unknown,97.0
9327,MAKJ,63,Unknown,58.0
9328,MALFNKTION,35,Unknown,51.0
9329,MALIQ & D'Essentials,41,Unknown,102.0
9330,MAMAMOO,72,Unknown,104.0
9331,MAN WITH A MISSION,56,Unknown,91.0
9332,MANILA GREY,56,Unknown,7.0
9333,MAR ABERTO,51,Unknown,19.0
9334,MARAUDA,54,Unknown,47.0
9335,MARINA,78,Unknown,25.0
9336,MARLENA,63,Unknown,113.0
9337,MASN,69,Unknown,40.0
9338,MAW,46,Unknown,116.0
9339,MAX,76,Unknown,42.0
9340,MAXIMUM THE HORMONE,60,Unknown,77.0
9341,MAYUMI SUZUKI,31,Unknown,9.0
9342,MBNN,62,Unknown,49.0
9343,MBW,38,Unknown,53.0
9344,MC 3L,42,Unknown,3.0
9345,MC 900 Ft. Jesus,24,Unknown,
9346,MC Arraia,45,Unknown,3.0
9347,MC BN,24,Unknown,3.0
9348,MC Bomber,38,Unknown,97.0
9349,MC Bruninho,61,Unknown,3.0
9350,MC CH da Z.O,0,Unknown,3.0
9351,MC Cabelinho,51,Unknown,3.0
9352,MC Caja,43,Unknown,3.0
9353,MC Cebezinho,46,Unknown,3.0
9354,MC Couper,32,Unknown,107.0
9355,MC Fioti,69,Unknown,3.0
9356,MC GP,61,Unknown,3.0
9357,MC Guto VGS,21,Unknown,3.0
9358,MC Hariel,55,Unknown,3.0
9359,MC HotDog,47,Unknown,108.0
9360,MC Igu,47,Unknown,92.0
9361,MC Iguinho da Capital,46,Unknown,3.0
9362,MC Igão,48,Unknown,3.0
9363,MC Ingryd,60,Unknown,3.0
9364,MC Joãozinho VT,55,Unknown,3.0
9365,MC Kaique da VP,63,Unknown,3.0
9366,MC Kapela,43,Unknown,3.0
9367,MC Kevin o Chris,80,Unknown,3.0
9368,MC Kevinho,70,Unknown,3.0
9369,MC Koringa,42,Unknown,3.0
9370,MC L da Vinte,69,Unknown,3.0
9371,MC Lemos,45,Unknown,3.0
9372,MC Leozinho,43,Unknown,3.0
9373,MC Levin,58,Unknown,3.0
9374,MC Liro,42,Unknown,3.0
9375,MC Luan da BS,46,Unknown,3.0
9376,MC Lyte,0,Unknown,72.0
9377,MC Maneirinho,42,Unknown,3.0
9378,MC Marks,48,Unknown,3.0
9379,MC Mazzie,75,Unknown,3.0
9380,MC Meno K,45,Unknown,3.0
9381,MC Menor da VG,47,Unknown,3.0
9382,MC Neguinho BDP,44,Unknown,3.0
9383,MC Neguinho do Kaxeta,51,Unknown,3.0
9384,MC PH,56,Unknown,3.0
9385,MC Paulin da Capital,54,Unknown,3.0
9386,MC Qiru,27,Unknown,107.0
9387,MC RN do Capão,43,Unknown,3.0
9388,MC Rage,21,Unknown,10.0
9389,MC Rhamon,50,Unknown,3.0
9390,MC Rick,47,Unknown,3.0
9391,MC Rodolfinho,42,Unknown,3.0
9392,MC Roger,43,Unknown,3.0
9393,MC Rogerinho,44,Unknown,3.0
9394,MC Ryan SP,55,Unknown,3.0
9395,MC SQUARE,61,Unknown,1.0
9396,MC STAN,67,Unknown,1.0
9397,MC Saci,43,Unknown,3.0
9398,MC Teteu,43,Unknown,3.0
9399,MC Tinho da Sul,44,Unknown,3.0
9400,MC Tuto,44,Unknown,3.0
9401,MC V7,47,Unknown,3.0
9402,MC Vinny,44,Unknown,3.0
9403,MC Virgins,68,Unknown,36.0
9404,MC 張天賦,66,Unknown,94.0
9405,MDFMK,21,Unknown,
9406,MEDUZA,85,Unknown,42.0
9407,MEDZ,41,Unknown,47.0
9408,MELER,54,Unknown,113.0
9409,MEMBA,59,Unknown,49.0
9410,MERO,0,Unknown,97.0
9411,MEUTE,0,Unknown,51.0
9412,MFÖ,42,Unknown,102.0
9413,MGMT,83,Unknown,63.0
9414,MHD,65,Unknown,96.0
9415,MHRAP,47,Unknown,6.0
9416,MIGI,39,Unknown,114.0
9417,MIKTEK,30,Unknown,55.0
9418,MILES,56,Unknown,36.0
9419,MINO,63,Unknown,104.0
9420,MISAEL,47,Unknown,92.0
9421,MISSIO,66,Unknown,63.0
9422,MJ,0,Unknown,87.0
9423,MKAY,65,Unknown,40.0
9424,MKTO,82,Unknown,83.0
9425,MMOTHS,15,Unknown,55.0
9426,MOD SUN,61,Unknown,81.0
9427,MOGUAI,56,Unknown,97.0
9428,MOLY,33,Unknown,110.0
9429,MOMOLAND,66,Unknown,104.0
9430,MONGOL800,34,Unknown,103.0
9431,MORADA,51,Unknown,87.0
9432,MORIS BLAK,17,Unknown,41.0
9433,MORTEN,60,Unknown,51.0
9434,MOSHIMO,21,Unknown,101.0
9435,MOSSS,53,Unknown,40.0
9436,MOTHICA,67,Unknown,7.0
9437,MOTi,62,Unknown,58.0
9438,MPB4,49,Unknown,109.0
9439,MPL,34,Unknown,96.0
9440,MR TOUT LE MONDE,70,Unknown,96.0
9441,MTK,41,Unknown,6.0
9442,MU330,31,Unknown,89.0
9443,MULAMBA,41,Unknown,109.0
9444,MUNICH MONSTRS,58,Unknown,96.0
9445,MUSASHI PROJECT,56,Unknown,91.0
9446,MUZZ,50,Unknown,40.0
9447,MV Bill,47,Unknown,92.0
9448,MVSE,41,Unknown,47.0
9449,MVTATE,44,Unknown,53.0
9450,MY FIRST STORY,55,Unknown,91.0
9451,MYKOOL,38,Unknown,48.0
9452,MYRNE,54,Unknown,47.0
9453,MYST,51,Unknown,53.0
9454,MZ,33,Unknown,96.0
9455,MaRLo,45,Unknown,61.0
9456,Maanam,36,Unknown,80.0
9457,Maarten de Jong,47,Unknown,43.0
9458,Maasho,54,Unknown,40.0
9459,Maati Baani,33,Unknown,19.0
9460,Mabel,77,Unknown,49.0
9461,Mac Ayres,67,Unknown,40.0
9462,Mac DeMarco,82,Unknown,49.0
9463,Mac Lawlor,44,Unknown,20.0
9464,Mac Miller,5,Unknown,1.0
9465,Mac Wiseman,20,Unknown,17.0
9466,Macaco,27,Unknown,113.0
9467,Macaroni Empitsu,56,Unknown,91.0
9468,Maceo Plex,54,Unknown,43.0
9469,Machel Montano,39,Unknown,86.0
9470,Machetazo,14,Unknown,68.0
9471,Machine Girl,60,Unknown,72.0
9472,Machine Gun Kelly,4,Unknown,1.0
9473,Machine Head,64,Unknown,63.0
9474,Machines Of Loving Grace,26,Unknown,
9475,Machuca,39,Unknown,71.0
9476,Maciej Stuhr,23,Unknown,9.0
9477,Maciel Melo,43,Unknown,95.0
9478,Mack 10,0,Unknown,72.0
9479,Macka B,25,Unknown,47.0
9480,Macka Diamond,27,Unknown,86.0
9481,Mackned,63,Unknown,66.0
9482,Macy Gray,72,Unknown,7.0
9483,Mad Caddies,34,Unknown,89.0
9484,Mad Cobra,30,Unknown,86.0
9485,Mad Maxx,33,Unknown,61.0
9486,Mad Professor,34,Unknown,47.0
9487,Mad Season,57,Unknown,70.0
9488,Mad Tribe,36,Unknown,61.0
9489,Mad Tsai,73,Unknown,11.0
9490,Madan Mohan,66,Unknown,98.0
9491,Maddie & Tae,1,Unknown,18.0
9492,Made In Brazil,34,Unknown,71.0
9493,Made in M,57,Unknown,40.0
9494,MadeInParis,34,Unknown,96.0
9495,Madeleine Peyroux,39,Unknown,102.0
9496,Madeline The Person,72,Unknown,32.0
9497,Mademoiselle K,30,Unknown,96.0
9498,Madhur Sharma,76,Unknown,16.0
9499,Madhusree,58,Unknown,104.0
9500,Madi Diaz,37,Unknown,24.0
9501,Madism,74,Unknown,54.0
9502,Madison Beer,80,Unknown,50.0
9503,Madison Cunningham,0,Unknown,19.0
9504,Madness,20,Unknown,89.0
9505,Madonna,76,Unknown,42.0
9506,Madrigal,77,Unknown,116.0
9507,Maduk,50,Unknown,46.0
9508,Madurai Somasundaram,35,Unknown,21.0
9509,Mae,30,Unknown,23.0
9510,Mae Ji-Yoon,45,Unknown,20.0
9511,Maelo Ruiz,40,Unknown,110.0
9512,Maestro,39,Unknown,116.0
9513,Maga,47,Unknown,51.0
9514,Maga Bo,18,Unknown,90.0
9515,Magazine,32,Unknown,59.0
9516,Magda,18,Unknown,56.0
9517,Magda Niewińska,30,Unknown,45.0
9518,Magdalena,40,Unknown,60.0
9519,Magdalena Fleitas,41,Unknown,106.0
9520,Magdalena Wasylik,33,Unknown,9.0
9521,Maggie Reilly,35,Unknown,45.0
9522,Maggie Rogers,1,Unknown,11.0
9523,Magia,45,Unknown,
9524,Magic Piano Covers,43,Unknown,9.0
9525,Magic System,68,Unknown,96.0
9526,Magik Band,30,Unknown,45.0
9527,Maglore,44,Unknown,109.0
9528,Magn Us,49,Unknown,34.0
9529,Magneto,35,Unknown,113.0
9530,Magnitude,31,Unknown,72.0
9531,Magnus Johansson,35,Unknown,114.0
9532,Magnus Uggla,45,Unknown,114.0
9533,Magníficos,40,Unknown,95.0
9534,Magrudergrind,22,Unknown,68.0
9535,Mahalia,0,Unknown,25.0
9536,Maharajan,35,Unknown,100.0
9537,Mahdyar,20,Unknown,99.0
9538,Mahesh Raghvan,39,Unknown,21.0
9539,Mahmut Orhan,57,Unknown,43.0
9540,Mahom,27,Unknown,47.0
9541,Maiara & Maraisa,44,Unknown,112.0
9542,Maikel Delacalle,0,Unknown,106.0
9543,Maikkis,61,Unknown,49.0
9544,Mainstreet,43,Unknown,3.0
9545,Maire Brennan,48,Unknown,22.0
9546,Mairead Nesbitt,20,Unknown,29.0
9547,Maisie Peters,73,Unknown,11.0
9548,Maite Hontelé,28,Unknown,110.0
9549,Maite Kelly,0,Unknown,97.0
9550,Maj Majid,37,Unknown,34.0
9551,Majestic,80,Unknown,42.0
9552,Majid Jordan,69,Unknown,7.0
9553,Majoe,38,Unknown,97.0
9554,Major Lazer,73,Unknown,42.0
9555,Major RD,50,Unknown,92.0
9556,Major7,40,Unknown,61.0
9557,Makalister,49,Unknown,92.0
9558,Makano,40,Unknown,106.0
9559,Makaveli,70,Unknown,72.0
9560,Make Them Die Slowly,16,Unknown,68.0
9561,Make Them Suffer,58,Unknown,64.0
9562,Maki Ohguro,37,Unknown,102.0
9563,Mako,49,Unknown,58.0
9564,Makoto,34,Unknown,46.0
9565,Maksim Dark,34,Unknown,60.0
9566,Mala Rodríguez,0,Unknown,113.0
9567,Malaa,62,Unknown,51.0
9568,Malandra Jr.,50,Unknown,60.0
9569,Malbec,53,Unknown,51.0
9570,Malcolm McLaren,49,Unknown,59.0
9571,Malcolm Yelvington,20,Unknown,4.0
9572,Maldita Nerea,56,Unknown,113.0
9573,Maldita Vecindad Y Los Hijos Del 5to. Patio,42,Unknown,89.0
9574,Maleek Berry,62,Unknown,86.0
9575,Malena Ernman,29,Unknown,29.0
9576,Malena Muyala,28,Unknown,115.0
9577,Malente,45,Unknown,38.0
9578,Malevolence,25,Unknown,65.0
9579,Malibu,50,Unknown,41.0
9580,Malie Donn,30,Unknown,86.0
9581,Malik Djoudi,23,Unknown,59.0
9582,Malik Dub,28,Unknown,34.0
9583,Malik Jeremiassen,59,Unknown,35.0
9584,Malin Brown,29,Unknown,57.0
9585,Malini Awasthi,31,Unknown,19.0
9586,Malito Malozo,49,Unknown,87.0
9587,Malla 100 Alça,40,Unknown,95.0
9588,Malladi Brothers,35,Unknown,21.0
9589,Mallorca Allstars,39,Unknown,57.0
9590,Mallorca Cowboys,33,Unknown,45.0
9591,Malon,39,Unknown,73.0
9592,Malt,40,Unknown,76.0
9593,Maluma,81,Unknown,105.0
9594,Malía,43,Unknown,3.0
9595,Malú,0,Unknown,113.0
9596,Mama Gecko,40,Unknown,34.0
9597,Mambalam Sisters,33,Unknown,21.0
9598,Mame Khan,59,Unknown,19.0
9599,Mammoth Grinder,23,Unknown,65.0
9600,Mamonas Assassinas,42,Unknown,6.0
9601,Mampi Swift,20,Unknown,46.0
9602,Mamta Sharma,63,Unknown,15.0
9603,Man,18,Unknown,79.0
9604,Man Cub,51,Unknown,47.0
9605,Man Is The Bastard,23,Unknown,68.0
9606,Manal,35,Unknown,2.0
9607,Manan Bhardwaj,68,Unknown,16.0
9608,Manas Roy,49,Unknown,98.0
9609,Mance Lipscomb,31,Unknown,24.0
9610,Mancha De Rolando,47,Unknown,63.0
9611,Mandelbarth,55,Unknown,43.0
9612,Mando Diao,31,Unknown,52.0
9613,Mandragora,58,Unknown,92.0
9614,Mandrill,34,Unknown,90.0
9615,Mandy,47,Unknown,53.0
9616,Mandy Patinkin,22,Unknown,31.0
9617,Maneli Jamal,36,Unknown,20.0
9618,Manes,20,Unknown,64.0
9619,Maneva,57,Unknown,92.0
9620,Manfred Mann's Earth Band,35,Unknown,93.0
9621,Manger Cadavre?,21,Unknown,68.0
9622,Mangoo,60,Unknown,114.0
9623,Manik Varma,38,Unknown,21.0
9624,Manikka Vinayagam,55,Unknown,98.0
9625,Manila Killa,47,Unknown,47.0
9626,Manim Vaqueiro,44,Unknown,95.0
9627,Maninder Buttar,73,Unknown,1.0
9628,Manizha,49,Unknown,59.0
9629,Manjari,55,Unknown,107.0
9630,Mankirt Aulakh,63,Unknown,16.0
9631,Mannequin Pussy,24,Unknown,78.0
9632,Mano,57,Unknown,15.0
9633,Mano Le Tough,45,Unknown,56.0
9634,Manoel Cordeiro,18,Unknown,90.0
9635,Manoella Torres,46,Unknown,6.0
9636,Manolakas,61,Unknown,35.0
9637,Manolito y Su Trabuco,28,Unknown,110.0
9638,Manolo Garcia,63,Unknown,113.0
9639,Manolo Lezcano,34,Unknown,110.0
9640,Manolo Muñoz,40,Unknown,82.0
9641,Manowar,0,Unknown,71.0
9642,Mansfield.TYA,31,Unknown,96.0
9643,Mansij,40,Unknown,37.0
9644,Mantra Deva,22,Unknown,117.0
9645,Mantu Chhuria,31,Unknown,111.0
9646,Manu Dibango,49,Unknown,90.0
9647,Manu Gavassi,47,Unknown,3.0
9648,Manudigital,57,Unknown,47.0
9649,Manuel Carrasco,64,Unknown,105.0
9650,Manuel Riva,55,Unknown,51.0
9651,Manuel Silva,24,Unknown,20.0
9652,Manuel Straube,31,Unknown,9.0
9653,Manuel Turizo,98,Unknown,105.0
9654,Manuela Villa,28,Unknown,9.0
9655,Manuelcha Prado,29,Unknown,20.0
9656,Manutti,48,Unknown,112.0
9657,Manuş Baba,41,Unknown,116.0
9658,Maoli,54,Unknown,102.0
9659,Maquiny,48,Unknown,92.0
9660,Mara Lima,40,Unknown,28.0
9661,Maraca,38,Unknown,5.0
9662,Maranatha! Kids,29,Unknown,26.0
9663,Marc Acardipane,31,Unknown,10.0
9664,Marc Almond,25,Unknown,59.0
9665,Marc Anthony,76,Unknown,105.0
9666,Marc Benjamin,70,Unknown,49.0
9667,Marc Broussard,28,Unknown,24.0
9668,Marc DePulse,35,Unknown,56.0
9669,Marc Holland,45,Unknown,20.0
9670,Marc Maron,23,Unknown,27.0
9671,Marc Pircher,34,Unknown,45.0
9672,Marc Pociello,44,Unknown,9.0
9673,Marc Ribot,21,Unknown,20.0
9674,Marc Ribot y Los Cubanos,21,Unknown,20.0
9675,Marc Romboy,49,Unknown,56.0
9676,Marc Seguí,81,Unknown,113.0
9677,Marc Streitenfeld,61,Unknown,97.0
9678,Marc Wavy,55,Unknown,40.0
9679,Marcel Depuis,52,Unknown,20.0
9680,Marcel Dettmann,17,Unknown,56.0
9681,Marcel Fengler,17,Unknown,56.0
9682,Marcelinho Da Lua,38,Unknown,111.0
9683,Marcelo Aguiar,47,Unknown,92.0
9684,Marcelo D2,65,Unknown,92.0
9685,Marcelo Falcão,50,Unknown,92.0
9686,Marcelo Markes,58,Unknown,92.0
9687,Marcelo Nova,35,Unknown,80.0
9688,Marcianeke,50,Unknown,87.0
9689,Marcin Franc,31,Unknown,9.0
9690,Marcin Siegienczuk,32,Unknown,45.0
9691,Marcio Seixas,19,Unknown,9.0
9692,Marco Antonio Muñiz,42,Unknown,6.0
9693,Marco Antonio Solís,1,Unknown,105.0
9694,Marco Antonio Vázquez,33,Unknown,82.0
9695,Marco Carola,24,Unknown,56.0
9696,Marco Kloss,32,Unknown,45.0
9697,Marco Kraats,33,Unknown,53.0
9698,Marco Luka,60,Unknown,36.0
9699,Marco Mzee,23,Unknown,57.0
9700,Marco Wagner,33,Unknown,57.0
9701,Marconi Union,68,Unknown,37.0
9702,Marcos & Belutti,49,Unknown,112.0
9703,Marcos Antônio,47,Unknown,92.0
9704,Marcos Freire,45,Unknown,92.0
9705,Marcus Layton,63,Unknown,97.0
9706,Marcus Salles,46,Unknown,92.0
9707,Marcy Playground,59,Unknown,70.0
9708,Marcynho Sensação,51,Unknown,95.0
9709,Marduk,19,Unknown,64.0
9710,Marea,59,Unknown,113.0
9711,Marek Bois,21,Unknown,56.0
9712,Marek Hemmann,41,Unknown,56.0
9713,Maren Morris,75,Unknown,18.0
9714,Mares,37,Unknown,114.0
9715,Maretu,65,Unknown,91.0
9716,Margaret Cho,22,Unknown,27.0
9717,Margaret Keys,19,Unknown,29.0
9718,Margareth Menezes,36,Unknown,111.0
9719,Margarita Siempre Viva,38,Unknown,80.0
9720,Mari Borges,50,Unknown,92.0
9721,Maria Bethânia,45,Unknown,109.0
9722,Maria Callas,31,Unknown,29.0
9723,Maria Cristina Brancucci,28,Unknown,9.0
9724,Maria Del Sol,41,Unknown,2.0
9725,Maria Graña,22,Unknown,115.0
9726,Maria Maksakova,0,Unknown,30.0
9727,Maria Rita,44,Unknown,109.0
9728,Mariah Angeliq,2,Unknown,105.0
9729,Mariana Aydar,41,Unknown,109.0
9730,Mariana Fagundes,47,Unknown,112.0
9731,Mariana Nolasco,45,Unknown,109.0
9732,Mariana Valadão,38,Unknown,28.0
9733,Marianne Faithfull,29,Unknown,93.0
9734,Mariano Barba,51,Unknown,6.0
9735,Mariano Mores,22,Unknown,115.0
9736,Maribou State,68,Unknown,50.0
9737,Marie Antoinette (Original Soundtrack),29,Unknown,31.0
9738,Marie Fredriksson,38,Unknown,102.0
9739,Marie Protivová,62,Unknown,35.0
9740,Marie-Flore,35,Unknown,96.0
9741,Mariene De Castro,39,Unknown,109.0
9742,Marika Hackman,55,Unknown,37.0
9743,Marika Takeuchi,52,Unknown,91.0
9744,Marilina Bertoldi,44,Unknown,63.0
9745,Marilyn Manson,73,Unknown,63.0
9746,Marin Mazzie,24,Unknown,31.0
9747,Marina De Oliveira,43,Unknown,28.0
9748,Marina Herlop,17,Unknown,41.0
9749,Marina Kaye,49,Unknown,96.0
9750,Marina Lima,41,Unknown,109.0
9751,Marina Sena,47,Unknown,3.0
9752,Marine Friesen,43,Unknown,28.0
9753,Marinella Necchi,57,Unknown,23.0
9754,Mario Bradley,26,Unknown,84.0
9755,Mario Frangoulis,26,Unknown,29.0
9756,Mario Lanza,19,Unknown,29.0
9757,Mario Ochoa,30,Unknown,56.0
9758,Mario Pintor,36,Unknown,82.0
9759,Mario del Monaco,21,Unknown,29.0
9760,Maris Racal,28,Unknown,24.0
9761,Marisa Monte,47,Unknown,109.0
9762,Marissa Jaret Winokur,34,Unknown,31.0
9763,Mariya Takeuchi,65,Unknown,101.0
9764,Marizu,19,Unknown,90.0
9765,Mark & Sarah Tillman,47,Unknown,37.0
9766,Mark 'Oh,30,Unknown,60.0
9767,Mark Benson,57,Unknown,9.0
9768,Mark Broom,16,Unknown,47.0
9769,Mark Brymer,55,Unknown,26.0
9770,Mark D. Pencil,23,Unknown,
9771,Mark Dekoda,67,Unknown,56.0
9772,Mark Farina,48,Unknown,39.0
9773,Mark Knight,40,Unknown,43.0
9774,Mark Morrison,75,Unknown,93.0
9775,Mark Northam,39,Unknown,9.0
9776,Mark Oblea,32,Unknown,24.0
9777,Mark Ronson,83,Unknown,42.0
9778,Mark Seibert,23,Unknown,31.0
9779,Mark Sixma,50,Unknown,58.0
9780,Mark Van Dale,31,Unknown,61.0
9781,Mark Vincent,19,Unknown,29.0
9782,Mark Whalen,49,Unknown,52.0
9783,Mark With a K,51,Unknown,53.0
9784,Marko Hietala,19,Unknown,73.0
9785,Marko Maunuksela,25,Unknown,115.0
9786,Markoolio,36,Unknown,114.0
9787,Marksman,58,Unknown,86.0
9788,Markus Becker,33,Unknown,45.0
9789,Markus Krunegård,34,Unknown,114.0
9790,Markus Schulz,39,Unknown,58.0
9791,Marlon,65,Unknown,113.0
9792,Marmalade,57,Unknown,82.0
9793,Marmi,61,Unknown,113.0
9794,Maroon 5,85,Unknown,16.0
9795,Maroon Town,26,Unknown,47.0
9796,Marquez The Greatest,23,Unknown,27.0
9797,Marquinho Art'Samba,39,Unknown,111.0
9798,Marquinho Sathan,37,Unknown,111.0
9799,Marquinhos Gomes,46,Unknown,92.0
9800,Marry,30,Unknown,45.0
9801,Marsa Sakamoto,30,Unknown,9.0
9802,Marsh,37,Unknown,58.0
9803,Marsha Ambrosius,37,Unknown,93.0
9804,Marshall Crenshaw,34,Unknown,103.0
9805,Marshall Jefferson,62,Unknown,39.0
9806,Marshall Masters,56,Unknown,10.0
9807,Marshmello,87,Unknown,42.0
9808,Marsimoto,38,Unknown,97.0
9809,Mart'nália,44,Unknown,109.0
9810,Marta Jobim,50,Unknown,20.0
9811,Marta Sánchez,26,Unknown,113.0
9812,Marteria,39,Unknown,97.0
9813,Martha Reeves & The Vandellas,67,Unknown,45.0
9814,Marthyan,50,Unknown,107.0
9815,Marti West,50,Unknown,67.0
9816,Martin Garrix,79,Unknown,42.0
9817,Martin Ikin,57,Unknown,43.0
9818,Martin Jensen,69,Unknown,49.0
9819,Martin Landström,63,Unknown,5.0
9820,Martin Lawrence,25,Unknown,27.0
9821,Martin Shamoonpour,2,Unknown,99.0
9822,Martin Short,22,Unknown,27.0
9823,Martin Solveig,65,Unknown,45.0
9824,Martin and Rose Music,60,Unknown,26.0
9825,Martina Topley-Bird,50,Unknown,62.0
9826,Martinho Da Vila,44,Unknown,109.0
9827,Maru Gomes,58,Unknown,23.0
9828,Marvin Gaye,82,Unknown,3.0
9829,Marvin Rainwater,24,Unknown,84.0
9830,Marvin Santiago,0,Unknown,110.0
9831,Marvvila,63,Unknown,
9832,Mary Costa,49,Unknown,9.0
9833,Mary J. Blige,2,Unknown,7.0
9834,Mary Lattimore,3,Unknown,37.0
9835,Mary's Blood,19,Unknown,101.0
9836,María Caneda,25,Unknown,9.0
9837,María Isabel,28,Unknown,113.0
9838,Masacre,23,Unknown,65.0
9839,Masaharu Fukuyama,35,Unknown,24.0
9840,Masaki Suda,63,Unknown,91.0
9841,Masala Coffee,43,Unknown,19.0
9842,Masappan,34,Unknown,66.0
9843,Masato(coldrain),48,Unknown,91.0
9844,Masayoshi Yamazaki,53,Unknown,24.0
9845,Masayuki Suzuki,65,Unknown,102.0
9846,Mascarpone,40,Unknown,41.0
9847,Mase,27,Unknown,72.0
9848,Masicka,54,Unknown,86.0
9849,Maskatesta,42,Unknown,89.0
9850,Masked Intruder,29,Unknown,78.0
9851,Masked Wolf,79,Unknown,1.0
9852,Massacre,41,Unknown,80.0
9853,Massagem Guru,24,Unknown,117.0
9854,Massane,53,Unknown,58.0
9855,Massano,56,Unknown,60.0
9856,Massilia Sound System,32,Unknown,96.0
9857,Massive Attack,71,Unknown,51.0
9858,Master Haratt,47,Unknown,34.0
9859,Master KG,74,Unknown,54.0
9860,Masters,31,Unknown,45.0
9861,Masters of Ceremony,24,Unknown,10.0
9862,Mastifal,28,Unknown,73.0
9863,Mastodon,65,Unknown,63.0
9864,Mastruz Com Leite,49,Unknown,95.0
9865,Mat Kearney,59,Unknown,24.0
9866,Mat Zo,38,Unknown,58.0
9867,Mat.Joe,3,Unknown,43.0
9868,Matador,48,Unknown,43.0
9869,Matadoria,56,Unknown,107.0
9870,Matanza,49,Unknown,92.0
9871,Matata,20,Unknown,90.0
9872,Matchbox,23,Unknown,84.0
9873,Matchbox Twenty,71,Unknown,70.0
9874,Matchy,39,Unknown,60.0
9875,Mateo,58,Unknown,96.0
9876,Material Issue,23,Unknown,78.0
9877,Mateus Aleluia,40,Unknown,109.0
9878,Mateus e Cristiano,46,Unknown,112.0
9879,Mathame,47,Unknown,60.0
9880,Mathan,57,Unknown,1.0
9881,Matheus & Kauan,56,Unknown,112.0
9882,Matheus Balo,43,Unknown,92.0
9883,Matheus Marcolino,51,Unknown,112.0
9884,Matheusinho,42,Unknown,
9885,Mathew Jonson,36,Unknown,56.0
9886,Mathew Joseph,37,Unknown,20.0
9887,Mathew T John,36,Unknown,107.0
9888,Mathias.,37,Unknown,36.0
9889,Matias Aguayo,20,Unknown,56.0
9890,Matilda Mann,55,Unknown,93.0
9891,Matisse & Sadko,60,Unknown,49.0
9892,Matisyahu,55,Unknown,87.0
9893,Matmatah,31,Unknown,96.0
9894,Mato Seco,44,Unknown,92.0
9895,Matogrosso & Mathias,56,Unknown,112.0
9896,Matoma,68,Unknown,49.0
9897,Matooma,59,Unknown,37.0
9898,Matrioska,33,Unknown,89.0
9899,Matrix,41,Unknown,46.0
9900,Matrix & Futurebound,48,Unknown,46.0
9901,Mats Bergström,45,Unknown,20.0
9902,Mats Ronander,36,Unknown,114.0
9903,Mats Rådberg,38,Unknown,114.0
9904,Matt Braunger,27,Unknown,27.0
9905,Matt Cavenaugh,22,Unknown,31.0
9906,Matt Costa,0,Unknown,24.0
9907,Matt Dahan,26,Unknown,31.0
9908,Matt Fax,49,Unknown,61.0
9909,Matt Hansen,65,Unknown,32.0
9910,Matt Hartke,65,Unknown,19.0
9911,Matt Johnson,53,Unknown,24.0
9912,Matt Komo,46,Unknown,47.0
9913,Matt Large,48,Unknown,34.0
9914,Matt Maher,64,Unknown,63.0
9915,Matt Maltese,73,Unknown,19.0
9916,Matt McCarthy,21,Unknown,27.0
9917,Matt Nash,55,Unknown,58.0
9918,Matt Nathanson,71,Unknown,24.0
9919,Matt Pless,26,Unknown,24.0
9920,Matt Redman,66,Unknown,63.0
9921,Matt Sassari,79,Unknown,96.0
9922,Matt Simons,70,Unknown,32.0
9923,Matt Taylor,36,Unknown,2.0
9924,Matt White,60,Unknown,24.0
9925,Matteo Tura,38,Unknown,41.0
9926,Matteo Vitanza,30,Unknown,60.0
9927,Matthew Dear,42,Unknown,56.0
9928,Matthew Harvey,47,Unknown,37.0
9929,Matthew Morrison,33,Unknown,31.0
9930,Matthew Perryman Jones,53,Unknown,24.0
9931,Matthew Sweet,23,Unknown,78.0
9932,Matthew West,0,Unknown,63.0
9933,Matthias Carras,30,Unknown,45.0
9934,Matthias Reim,35,Unknown,97.0
9935,Mattia Vlad Morleo,54,Unknown,37.0
9936,Mattias Krantz,35,Unknown,20.0
9937,Mattos Nascimento,42,Unknown,28.0
9938,Matty Valentino,24,Unknown,57.0
9939,Matusa,30,Unknown,57.0
9940,Matvey Emerson,61,Unknown,69.0
9941,Matze Knop,0,Unknown,57.0
9942,Matzic,22,Unknown,53.0
9943,Maukka Perusjätkä,32,Unknown,72.0
9944,Maunalua,26,Unknown,20.0
9945,Maur,62,Unknown,43.0
9946,Mauren Mendo,33,Unknown,91.0
9947,Maurice Haase,31,Unknown,57.0
9948,Maurice Joshua,8,Unknown,39.0
9949,Maurice Ravel,0,Unknown,21.0
9950,Maurice West,52,Unknown,58.0
9951,Mauricio Luz,22,Unknown,9.0
9952,Maurizio Malagnini,27,Unknown,93.0
9953,Mauro Castillo,30,Unknown,110.0
9954,Mauro Henrique,43,Unknown,28.0
9955,Mauro Ramos,25,Unknown,9.0
9956,Maurício & Eduardo,53,Unknown,112.0
9957,Mauvais Roger,54,Unknown,23.0
9958,Mavado,54,Unknown,86.0
9959,Mavi,47,Unknown,116.0
9960,Mavi Gri,43,Unknown,116.0
9961,Mavi Işıklar,39,Unknown,79.0
9962,Mavis Hee,51,Unknown,94.0
9963,Max Boyce,22,Unknown,27.0
9964,Max Brhon,59,Unknown,41.0
9965,Max Casella,26,Unknown,31.0
9966,Max Cooper,48,Unknown,56.0
9967,Max Enforcer,23,Unknown,53.0
9968,Max Fail,42,Unknown,51.0
9969,Max Fane,54,Unknown,69.0
9970,Max Herre,40,Unknown,97.0
9971,Max Manie,56,Unknown,43.0
9972,Max Richter,65,Unknown,37.0
9973,Max Romeo,63,Unknown,47.0
9974,Max Torres,31,Unknown,110.0
9975,Max Viana,40,Unknown,109.0
9976,Max Weidner,29,Unknown,57.0
9977,Max Wells,44,Unknown,66.0
9978,Max e Luan,62,Unknown,95.0
9979,Maxel,30,Unknown,45.0
9980,Maxence Cyrin,64,Unknown,37.0
9981,Maxi Rozh,27,Unknown,69.0
9982,Maxida Märak,40,Unknown,114.0
9983,Maximilian Sievert,60,Unknown,35.0
9984,Maximillian,70,Unknown,32.0
9985,Maxtreme,25,Unknown,53.0
9986,Maxx,60,Unknown,60.0
9987,May Kristin Krispersen,25,Unknown,9.0
9988,May of Sorrow,26,Unknown,77.0
9989,Maya Kristalinskaya,31,Unknown,30.0
9990,Maya Åström,62,Unknown,23.0
9991,Maybeshewill,46,Unknown,93.0
9992,Mayck & Lyan,50,Unknown,112.0
9993,Mayday,59,Unknown,108.0
9994,Mayday Parade,62,Unknown,80.0
9995,Mayhem,56,Unknown,64.0
9996,Maylene And The Sons Of Disaster,27,Unknown,77.0
9997,Mayte Gaos,33,Unknown,82.0
9998,Mayu Watanabe,25,Unknown,101.0
9999,Mayumi Sasaki,49,Unknown,23.0
10000,Mazapán,39,Unknown,106.0
10001,Mazare,46,Unknown,47.0
10002,Maze,39,Unknown,45.0
10003,Mazoulew,53,Unknown,96.0
10004,Mazzy Star,79,Unknown,63.0
10005,Maía,31,Unknown,110.0
10006,Mc Anjim,44,Unknown,3.0
10007,Mc Bruninho da Praia,50,Unknown,3.0
10008,Mc DB,42,Unknown,3.0
10009,Mc Daleste,42,Unknown,3.0
10010,Mc Davi,50,Unknown,3.0
10011,Mc Delux,43,Unknown,3.0
10012,Mc Don Juan,50,Unknown,3.0
10013,Mc Felipe Boladão,47,Unknown,3.0
10014,Mc Frog,42,Unknown,3.0
10015,Mc Gw,42,Unknown,3.0
10016,Mc IG,56,Unknown,3.0
10017,Mc Jhojhow,43,Unknown,3.0
10018,Mc Kadu,53,Unknown,3.0
10019,Mc Kako,57,Unknown,3.0
10020,Mc Kanhoto,52,Unknown,3.0
10021,Mc Kauan,44,Unknown,3.0
10022,Mc Kautry,45,Unknown,3.0
10023,Mc Kaverinha,45,Unknown,3.0
10024,Mc Kelvinho,46,Unknown,3.0
10025,Mc Kevin,54,Unknown,3.0
10026,Mc Lele JP,52,Unknown,3.0
10027,Mc Lipi,47,Unknown,3.0
10028,Mc Magal,45,Unknown,3.0
10029,Mc Magrinho,45,Unknown,3.0
10030,Mc Nasrani,21,Unknown,107.0
10031,Mc Nathan ZK,42,Unknown,3.0
10032,Mc Orelha,46,Unknown,3.0
10033,Mc PP da VS,48,Unknown,3.0
10034,Mc Paiva ZS,53,Unknown,3.0
10035,Mc Rd,42,Unknown,3.0
10036,Mc Roginho,47,Unknown,3.0
10037,Mc Souza,51,Unknown,3.0
10038,Mc Th,43,Unknown,3.0
10039,Mc Tha,45,Unknown,3.0
10040,Mc Tikão,47,Unknown,3.0
10041,Mc Tocha,50,Unknown,3.0
10042,Mc Vitão Do Savoy,49,Unknown,3.0
10043,Mc Vzs,49,Unknown,3.0
10044,McCoy Tyner,59,Unknown,23.0
10045,Mc_team,30,Unknown,117.0
10046,Me And That Man,21,Unknown,67.0
10047,Me First and the Gimme Gimmes,35,Unknown,81.0
10048,Meadows,57,Unknown,114.0
10049,Mean Jeans,29,Unknown,52.0
10050,Meat Beat Manifesto,23,Unknown,
10051,Meat Katie,14,Unknown,38.0
10052,Meatbodies,26,Unknown,52.0
10053,Mecano,72,Unknown,113.0
10054,Meccano Twins,20,Unknown,10.0
10055,Mediha Demirkıran,39,Unknown,116.0
10056,Medina,39,Unknown,86.0
10057,Medina Azahara,56,Unknown,113.0
10058,Meditación: Por Mateo,21,Unknown,117.0
10059,Meditation Music Zone,32,Unknown,35.0
10060,Meditation Rain Sounds,0,Unknown,35.0
10061,Meditation Relaxation Club,32,Unknown,35.0
10062,Meditation Spa,42,Unknown,35.0
10063,Medooza,34,Unknown,66.0
10064,Medulla,39,Unknown,71.0
10065,Medwyn Goodall,20,Unknown,22.0
10066,Medz Boss,26,Unknown,86.0
10067,Mee Wee,14,Unknown,
10068,Meeresrauschen,52,Unknown,35.0
10069,Mees Salomé,46,Unknown,60.0
10070,Meet Bros.,63,Unknown,15.0
10071,Mefjus,58,Unknown,46.0
10072,Meg & Dia,56,Unknown,66.0
10073,Meg Birch,43,Unknown,24.0
10074,Mega Banton,28,Unknown,86.0
10075,MegaR,39,Unknown,91.0
10076,Megadeth,74,Unknown,63.0
10077,Megadriver,24,Unknown,73.0
10078,Megafone,37,Unknown,28.0
10079,Megahit,17,Unknown,41.0
10080,Megaloh,41,Unknown,97.0
10081,Megan Davies,54,Unknown,24.0
10082,Megan McKenna,58,Unknown,93.0
10083,Megan Moroney,78,Unknown,18.0
10084,Megan Thee Stallion,2,Unknown,42.0
10085,Megaraptor,21,Unknown,73.0
10086,Meghdhanush,44,Unknown,19.0
10087,Megumi Hayashibara,38,Unknown,91.0
10088,Megustar,32,Unknown,45.0
10089,Mehdi Jalali,1,Unknown,99.0
10090,Mehdi Khayami,0,Unknown,99.0
10091,Meiko,56,Unknown,24.0
10092,Meitei,51,Unknown,37.0
10093,Mejk,34,Unknown,45.0
10094,Mekon,21,Unknown,38.0
10095,Mel & Kim,57,Unknown,59.0
10096,Mel Com Terra,37,Unknown,95.0
10097,Mel Tormé,0,Unknown,5.0
10098,Mel Waiters,32,Unknown,2.0
10099,Mel Wayne,27,Unknown,107.0
10100,Melanie Martinez,80,Unknown,50.0
10101,Melanie Müller,24,Unknown,57.0
10102,Melcochita,28,Unknown,110.0
10103,Melek Mosso,42,Unknown,116.0
10104,Melendi,74,Unknown,113.0
10105,Melih Aydogan,50,Unknown,43.0
10106,Melihat Gülses,37,Unknown,116.0
10107,Melike Şahin,42,Unknown,32.0
10108,Melim,47,Unknown,109.0
10109,Melingo,21,Unknown,115.0
10110,Melissa Horn,42,Unknown,114.0
10111,Mellodees,60,Unknown,26.0
10112,Mellow Fellow,56,Unknown,52.0
10113,Mellow Melodies,21,Unknown,9.0
10114,Mellowdy,60,Unknown,96.0
10115,MeloMance,67,Unknown,104.0
10116,Melocos,0,Unknown,113.0
10117,Melody Club,26,Unknown,59.0
10118,Melody Gardot,0,Unknown,5.0
10119,Melody's Echo Chamber,49,Unknown,96.0
10120,Melodycans,34,Unknown,89.0
10121,Melorman,30,Unknown,55.0
10122,Melotron,23,Unknown,
10123,Melvin Taylor,55,Unknown,24.0
10124,Melé,57,Unknown,52.0
10125,Memphis La Blusera,42,Unknown,2.0
10126,Memphis May Fire,17,Unknown,77.0
10127,Memtrix,43,Unknown,46.0
10128,Men I Trust,79,Unknown,11.0
10129,Men Without Hats,63,Unknown,59.0
10130,Mena Massoud,64,Unknown,31.0
10131,Menahan Street Band,64,Unknown,90.0
10132,Mendum,46,Unknown,47.0
10133,Mengers,27,Unknown,79.0
10134,Meno Tody,45,Unknown,3.0
10135,Menor MC,47,Unknown,3.0
10136,Menor do Chapa,42,Unknown,3.0
10137,Mental Theo,20,Unknown,10.0
10138,Menumas,37,Unknown,61.0
10139,Mephorash,16,Unknown,64.0
10140,Mercedes Simone,18,Unknown,115.0
10141,Mercedes Sosa,1,Unknown,19.0
10142,Merciful Nuns,20,Unknown,67.0
10143,Mercuzio Pianist,58,Unknown,37.0
10144,Mercyful Fate,52,Unknown,65.0
10145,Merda,31,Unknown,72.0
10146,Merengues Dorados,38,Unknown,88.0
10147,Meridian Brothers,16,Unknown,90.0
10148,Mert Demir,42,Unknown,116.0
10149,Merzhin,33,Unknown,96.0
10150,Mes Souliers Sont Rouges,33,Unknown,96.0
10151,Meshuggah,60,Unknown,65.0
10152,Mesin Tempur,30,Unknown,72.0
10153,Message To Bears,58,Unknown,37.0
10154,Metallica,81,Unknown,71.0
10155,Metamatics,11,Unknown,55.0
10156,Meth Math,21,Unknown,41.0
10157,Method Man,69,Unknown,72.0
10158,Methrone,40,Unknown,2.0
10159,Metin Kemal Kahraman,41,Unknown,116.0
10160,Metrik,48,Unknown,46.0
10161,Metro Boomin,81,Unknown,1.0
10162,Metro Station,69,Unknown,81.0
10163,Metronomy,71,Unknown,51.0
10164,Metth,37,Unknown,116.0
10165,Metá Metá,33,Unknown,90.0
10166,Meu Funeral,28,Unknown,72.0
10167,Mexican Music Factory,24,Unknown,20.0
10168,Meychan,0,Unknown,91.0
10169,Meynberg,62,Unknown,43.0
10170,Mezsiah,39,Unknown,36.0
10171,Mezzo Piano,28,Unknown,23.0
10172,Mgła,46,Unknown,64.0
10173,MiZeb,42,Unknown,97.0
10174,Mia Carrera,60,Unknown,23.0
10175,Mia Julia,36,Unknown,57.0
10176,Mia Pandosa,61,Unknown,35.0
10177,Mia Rollo,29,Unknown,24.0
10178,Miami Horror,59,Unknown,45.0
10179,Miasmatic Necrosis,18,Unknown,68.0
10180,Mica Paris,28,Unknown,93.0
10181,Micado,19,Unknown,10.0
10182,Micha von der Rampe,64,Unknown,57.0
10183,Michael Allen Harrison,22,Unknown,22.0
10184,Michael Angelo Batio,38,Unknown,20.0
10185,Michael Ball,25,Unknown,29.0
10186,Michael Brook,32,Unknown,37.0
10187,Michael Bublé,74,Unknown,102.0
10188,Michael Calfan,59,Unknown,43.0
10189,Michael Carreon,60,Unknown,40.0
10190,Michael Cera Palin,31,Unknown,66.0
10191,Michael Cerveris,25,Unknown,31.0
10192,Michael Cleveland,24,Unknown,17.0
10193,Michael Colyar,23,Unknown,27.0
10194,Michael Cooper,34,Unknown,2.0
10195,Michael Crawford,22,Unknown,29.0
10196,Michael Danny,27,Unknown,34.0
10197,Michael Dulin,22,Unknown,22.0
10198,Michael Fakesch,12,Unknown,55.0
10199,Michael Fischer,30,Unknown,45.0
10200,Michael Forster,57,Unknown,21.0
10201,Michael Forzza,24,Unknown,60.0
10202,Michael Gettel,22,Unknown,22.0
10203,Michael Gray,67,Unknown,45.0
10204,Michael Hanley,27,Unknown,9.0
10205,Michael Harrison,45,Unknown,21.0
10206,Michael Henderson,29,Unknown,45.0
10207,Michael Hoppé,54,Unknown,22.0
10208,Michael Ian Black,24,Unknown,27.0
10209,Michael Jackson,80,Unknown,7.0
10210,Michael Kiwanuka,70,Unknown,93.0
10211,Michael Kwan,24,Unknown,94.0
10212,Michael Loftus,23,Unknown,27.0
10213,Michael Logen,33,Unknown,24.0
10214,Michael Maxwell,28,Unknown,22.0
10215,Michael Mayer,0,Unknown,56.0
10216,Michael McIntyre,21,Unknown,27.0
10217,Michael Nyman,57,Unknown,37.0
10218,Michael Penn,34,Unknown,78.0
10219,Michael Price,39,Unknown,93.0
10220,Michael Ray,0,Unknown,18.0
10221,Michael Schulte,70,Unknown,97.0
10222,Michael Seyer,54,Unknown,52.0
10223,Michael Stuart,28,Unknown,110.0
10224,Michael W. Smith,60,Unknown,63.0
10225,Michael Wendler,30,Unknown,45.0
10226,Michael Whalen,26,Unknown,22.0
10227,Michael Wong,60,Unknown,107.0
10228,Michal Rosinski,28,Unknown,9.0
10229,Michel Berger,33,Unknown,96.0
10230,Michel Legrand,0,Unknown,96.0
10231,Michel Sardou,34,Unknown,96.0
10232,Michel el Buenón,33,Unknown,110.0
10233,Michele Leao,48,Unknown,20.0
10234,Michele McLaughlin,52,Unknown,22.0
10235,Michelle,34,Unknown,97.0
10236,Michelle Ayers,44,Unknown,52.0
10237,Michelle Featherstone,35,Unknown,24.0
10238,Michelle Nascimento,40,Unknown,28.0
10239,Michelle Simonal,0,Unknown,5.0
10240,Michiru Aoyama,0,Unknown,37.0
10241,Mick Gordon,67,Unknown,51.0
10242,Mickey Mouse,55,Unknown,26.0
10243,Mickey Taveras,33,Unknown,110.0
10244,Mickie Krause,38,Unknown,97.0
10245,Micky Flanagan,25,Unknown,27.0
10246,Micropoint,26,Unknown,
10247,Microwave,34,Unknown,66.0
10248,Midge Ure,55,Unknown,59.0
10249,Midi Culture,49,Unknown,69.0
10250,Midian Lima,49,Unknown,92.0
10251,Midival Punditz,49,Unknown,50.0
10252,Midix,51,Unknown,66.0
10253,Midland,1,Unknown,18.0
10254,Midnight,23,Unknown,64.0
10255,Midnight Smoothie,49,Unknown,34.0
10256,Midnight Teds,25,Unknown,84.0
10257,Midnight Tyrannosaurus,48,Unknown,47.0
10258,Midnite,27,Unknown,47.0
10259,Midtown,40,Unknown,66.0
10260,Midwife,43,Unknown,20.0
10261,Miel De Montagne,59,Unknown,96.0
10262,Mig,36,Unknown,96.0
10263,Migue Flow,51,Unknown,87.0
10264,Miguel Angel,36,Unknown,82.0
10265,Miguel Bastida,17,Unknown,56.0
10266,Miguel Bosé,37,Unknown,113.0
10267,Miguel Calo,20,Unknown,115.0
10268,Miguel Cantilo,39,Unknown,89.0
10269,Miguel Llobet Solés,27,Unknown,20.0
10270,Miguel Migs,26,Unknown,43.0
10271,Miguel Montero,28,Unknown,115.0
10272,Miguel Rosa,43,Unknown,19.0
10273,Mihalis Safras,19,Unknown,56.0
10274,Miike Snow,62,Unknown,114.0
10275,Mijares,0,Unknown,105.0
10276,Mijo,43,Unknown,97.0
10277,Mika Kobayashi,51,Unknown,91.0
10278,Mika Nakashima,60,Unknown,102.0
10279,Mika Singh,70,Unknown,1.0
10280,Mikael Wiehe,35,Unknown,114.0
10281,Mikal Cronin,22,Unknown,78.0
10282,Mike & The Mechanics,27,Unknown,59.0
10283,Mike Auldridge,20,Unknown,17.0
10284,Mike Barnett,22,Unknown,17.0
10285,Mike Birbiglia,25,Unknown,27.0
10286,Mike Brant,31,Unknown,96.0
10287,Mike DeStefano,23,Unknown,27.0
10288,Mike Der Bademeister,27,Unknown,57.0
10289,Mike Dunn,45,Unknown,39.0
10290,Mike Epps,25,Unknown,27.0
10291,Mike Faist,63,Unknown,31.0
10292,Mike Laure,47,Unknown,82.0
10293,Mike Lazarev,54,Unknown,37.0
10294,Mike Mago,52,Unknown,43.0
10295,Mike Marshall,22,Unknown,17.0
10296,Mike Mohede,37,Unknown,102.0
10297,Mike NRG,27,Unknown,53.0
10298,Mike Ness,33,Unknown,79.0
10299,Mike Nüchtern,31,Unknown,57.0
10300,Mike Oldfield,69,Unknown,22.0
10301,Mike Perry,72,Unknown,49.0
10302,Mike Posner,76,Unknown,42.0
10303,Mike Rowland,24,Unknown,22.0
10304,Mike Sheer,22,Unknown,27.0
10305,Mike Singer,37,Unknown,97.0
10306,Mike Teardrop Trio,22,Unknown,84.0
10307,Mike Williams,62,Unknown,58.0
10308,Mike 曾比特,45,Unknown,94.0
10309,Mikey Erg,23,Unknown,78.0
10310,Mikey Spice,27,Unknown,86.0
10311,Mikezin,43,Unknown,3.0
10312,Mikhail Vavich,0,Unknown,30.0
10313,Miki Howard,37,Unknown,45.0
10314,Miki Imai,46,Unknown,102.0
10315,Mikis Theodorakis,24,Unknown,20.0
10316,Mila Harper,66,Unknown,35.0
10317,Milano,33,Unknown,45.0
10318,Milburn,30,Unknown,93.0
10319,Mild High Club,78,Unknown,52.0
10320,Mile Twelve,23,Unknown,17.0
10321,Miles Away,52,Unknown,47.0
10322,Miles Davis,63,Unknown,5.0
10323,Miles Peña,30,Unknown,110.0
10324,Miles Wesley,51,Unknown,36.0
10325,Miley Cyrus,0,Unknown,42.0
10326,Milieu,13,Unknown,55.0
10327,Milion Plus,36,Unknown,66.0
10328,Milionário & José Rico,58,Unknown,112.0
10329,Military Wives,44,Unknown,29.0
10330,Miliyah,34,Unknown,91.0
10331,Milk & Sugar,0,Unknown,43.0
10332,Milking the Goatmachine,20,Unknown,68.0
10333,Milky Chance,80,Unknown,97.0
10334,Milky Day,61,Unknown,40.0
10335,Millencolin,36,Unknown,72.0
10336,Milliarden,35,Unknown,80.0
10337,Million Stylez,52,Unknown,86.0
10338,Millonario,55,Unknown,105.0
10339,Milo Edale,66,Unknown,23.0
10340,Milo Liana,62,Unknown,23.0
10341,Miloš Karadaglić,22,Unknown,20.0
10342,Milton Nascimento,44,Unknown,109.0
10343,Mimi Maura,40,Unknown,89.0
10344,Mimi Webb,74,Unknown,32.0
10345,Mimikry,37,Unknown,80.0
10346,Mind Against,48,Unknown,60.0
10347,Mind Vortex,30,Unknown,46.0
10348,Mind.in.a.box,21,Unknown,
10349,MindaRyn,55,Unknown,91.0
10350,Mindi Dickstein,28,Unknown,31.0
10351,Mindless Self Indulgence,62,Unknown,
10352,Mindless Sinner,19,Unknown,73.0
10353,Mindy Gledhill,53,Unknown,24.0
10354,Mindy Smith,0,Unknown,24.0
10355,Mingmei Hsueh,69,Unknown,23.0
10356,Mini Pop Kids,41,Unknown,
10357,Mini Skirt,28,Unknown,52.0
10358,Mini Thin,43,Unknown,18.0
10359,Minijau,33,Unknown,91.0
10360,Minik Knudsen,70,Unknown,35.0
10361,Minimal Vanessa,18,Unknown,56.0
10362,Ministerio Ipiranga,45,Unknown,92.0
10363,Ministry,27,Unknown,
10364,Ministério Adoração e Vida,50,Unknown,92.0
10365,Ministério Apascentar de Nova Iguaçu,56,Unknown,92.0
10366,Ministério Koinonya de Louvor,37,Unknown,28.0
10367,Ministério Nova Jerusalém,42,Unknown,28.0
10368,Ministério Sarando a Terra Ferida,45,Unknown,92.0
10369,Ministério Vineyard,46,Unknown,92.0
10370,Mint Royale,11,Unknown,38.0
10371,Mint Tape,40,Unknown,34.0
10372,Mipso,64,Unknown,17.0
10373,Mira Calix,11,Unknown,55.0
10374,"Mira, Royal Detective - Cast",46,Unknown,9.0
10375,Miracle Legion,23,Unknown,78.0
10376,Miracle Of Sound,64,Unknown,76.0
10377,Mirage,45,Unknown,45.0
10378,Mirage & Yoko,29,Unknown,45.0
10379,Miranda Boumedin,44,Unknown,20.0
10380,Miranda!,44,Unknown,51.0
10381,Miriam Bryant,38,Unknown,114.0
10382,Miriam Peracchi,38,Unknown,9.0
10383,Miriam Raye,61,Unknown,23.0
10384,Miriam Stockley,52,Unknown,22.0
10385,Miriam Yeung,56,Unknown,94.0
10386,Mirkelam,40,Unknown,116.0
10387,Miroslav Vrlik,27,Unknown,61.0
10388,Mirta da Silva,55,Unknown,23.0
10389,Mirtha Iturra,42,Unknown,19.0
10390,Mirèle,37,Unknown,59.0
10391,Miró,37,Unknown,40.0
10392,Mis-Teeq,61,Unknown,52.0
10393,Misael Gauna,37,Unknown,47.0
10394,Misaias Oliveira,41,Unknown,28.0
10395,Misanthrop,45,Unknown,46.0
10396,Misanthropix,40,Unknown,41.0
10397,Mischief Brew,33,Unknown,24.0
10398,Misery Index,14,Unknown,68.0
10399,Misery Signals,0,Unknown,65.0
10400,Misfits,33,Unknown,71.0
10401,Mishaal,55,Unknown,40.0
10402,Mishelle Master Boys,34,Unknown,110.0
10403,Miso,55,Unknown,40.0
10404,Miso Colt,46,Unknown,34.0
10405,Miss Caffeina,55,Unknown,113.0
10406,Miss Chantal,29,Unknown,45.0
10407,Miss Kittin,2,Unknown,51.0
10408,Miss Li,41,Unknown,114.0
10409,Miss May I,54,Unknown,65.0
10410,Miss Melodee,34,Unknown,
10411,Miss Monique,51,Unknown,51.0
10412,Miss Pooja,56,Unknown,1.0
10413,Miss Saigon Original Cast,25,Unknown,31.0
10414,Miss Sangria,34,Unknown,34.0
10415,Missing Persons,30,Unknown,59.0
10416,Missionário Shalom,43,Unknown,92.0
10417,Missy Raines,23,Unknown,17.0
10418,Mister Dex,30,Unknown,45.0
10419,Mister Gang,33,Unknown,96.0
10420,Mister Rhythm,26,Unknown,
10421,Mister V,36,Unknown,96.0
10422,MisterWives,0,Unknown,11.0
10423,Misty In Roots,27,Unknown,47.0
10424,Mitch Fatel,30,Unknown,27.0
10425,Mitchell Tenpenny,66,Unknown,18.0
10426,Mithila Michael,30,Unknown,107.0
10427,Mithoon,74,Unknown,15.0
10428,MitiS,50,Unknown,40.0
10429,Mitraz,74,Unknown,16.0
10430,Mitski,83,Unknown,11.0
10431,Mixer,25,Unknown,108.0
10432,Mixx Master Lee,18,Unknown,
10433,Miyakawa-kun,33,Unknown,91.0
10434,Miyuki Tsurugi,24,Unknown,9.0
10435,Mizmo,60,Unknown,96.0
10436,Mizmor,19,Unknown,64.0
10437,Mizuho Aota,24,Unknown,9.0
10438,MiłyPan,30,Unknown,45.0
10439,Mjuk,52,Unknown,35.0
10440,Mk Mukesh,36,Unknown,111.0
10441,Mlelm,1,Unknown,99.0
10442,Mnogoznaal,53,Unknown,51.0
10443,Mo Mandel,23,Unknown,27.0
10444,Mo' Horizons,53,Unknown,62.0
10445,Mo-Torres,38,Unknown,97.0
10446,Moa Pillar,34,Unknown,41.0
10447,Mobb Deep,76,Unknown,72.0
10448,Mobiius,42,Unknown,41.0
10449,Moby,52,Unknown,50.0
10450,Modal Colours,65,Unknown,35.0
10451,Modd,39,Unknown,116.0
10452,Mode XL,42,Unknown,116.0
10453,Model 500,16,Unknown,44.0
10454,Moderat,62,Unknown,51.0
10455,Moderatto,0,Unknown,63.0
10456,Modern Baseball,66,Unknown,66.0
10457,Modern English,56,Unknown,59.0
10458,Modern Folk Üçlüsü,29,Unknown,79.0
10459,Modern Guns,37,Unknown,66.0
10460,Modern Talking,71,Unknown,97.0
10461,Modeselektor,51,Unknown,51.0
10462,Modjo,78,Unknown,45.0
10463,Mogul Music Inc.,45,Unknown,26.0
10464,Mogwai,51,Unknown,93.0
10465,Mohammed Irfan,67,Unknown,15.0
10466,Mohammed Rafi,61,Unknown,15.0
10467,Mohan,50,Unknown,37.0
10468,Mohan Kannan,56,Unknown,98.0
10469,Mohican Sun,53,Unknown,46.0
10470,Mohit Chauhan,67,Unknown,15.0
10471,Mohombi,72,Unknown,42.0
10472,Moi Je,61,Unknown,96.0
10473,Mojo Nixon,35,Unknown,79.0
10474,Mokhov,36,Unknown,55.0
10475,Mokita,70,Unknown,40.0
10476,Molchat Doma,75,Unknown,74.0
10477,Moleca 100 Vergonha,48,Unknown,95.0
10478,Molejo,43,Unknown,
10479,Moliy,34,Unknown,25.0
10480,Mollono.Bass,51,Unknown,56.0
10481,Moloko,54,Unknown,62.0
10482,Molotov,45,Unknown,63.0
10483,Molotov Solution,24,Unknown,65.0
10484,Momentum,28,Unknown,72.0
10485,Momoiro Clover Z,44,Unknown,101.0
10486,Mon A Q,32,Unknown,43.0
10487,Mon Laferte,46,Unknown,25.0
10488,Monarco,37,Unknown,111.0
10489,Mone Kamishiraishi,49,Unknown,24.0
10490,Monet192,37,Unknown,97.0
10491,Monetochka,49,Unknown,51.0
10492,Money Chicha,24,Unknown,90.0
10493,Moneybagg Yo,1,Unknown,1.0
10494,Moneybrother,36,Unknown,114.0
10495,Monica Naranjo,30,Unknown,113.0
10496,Monika Kruse,0,Unknown,56.0
10497,Monique,21,Unknown,9.0
10498,Monique Ford,34,Unknown,2.0
10499,Monjes Tibetanos,26,Unknown,117.0
10500,Monkey Boots,41,Unknown,89.0
10501,Monkey Jhayam,29,Unknown,47.0
10502,Monkey Majik,54,Unknown,102.0
10503,Monkey Safari,58,Unknown,43.0
10504,Monobloco,42,Unknown,111.0
10505,Monolake,13,Unknown,55.0
10506,Monomono,16,Unknown,90.0
10507,Monophonics,53,Unknown,90.0
10508,Monsta X,63,Unknown,104.0
10509,Monster Magnet,0,Unknown,71.0
10510,Montell Jordan,66,Unknown,100.0
10511,Montez,40,Unknown,97.0
10512,Montreal,32,Unknown,89.0
10513,Monty,45,Unknown,47.0
10514,Monty Datta,68,Unknown,40.0
10515,Monty Python,60,Unknown,93.0
10516,Monty Sharma,65,Unknown,15.0
10517,Monxx,49,Unknown,47.0
10518,Moodula,48,Unknown,34.0
10519,Moodymann,50,Unknown,44.0
10520,Moomu,63,Unknown,35.0
10521,Moon Guitar,44,Unknown,20.0
10522,Moon Ladder,50,Unknown,34.0
10523,Moonbootica,32,Unknown,56.0
10524,Mooney Tunes,53,Unknown,98.0
10525,Moonica Mac,41,Unknown,114.0
10526,Moonkids,57,Unknown,96.0
10527,Moonsorrow,20,Unknown,64.0
10528,Moonspell,24,Unknown,64.0
10529,Moonwalk,51,Unknown,45.0
10530,Moore Kismet,51,Unknown,47.0
10531,Mooroo,40,Unknown,11.0
10532,Moose Blood,55,Unknown,66.0
10533,Mooza,33,Unknown,66.0
10534,Moptop,39,Unknown,80.0
10535,Mora,89,Unknown,106.0
10536,Moraes Moreira,38,Unknown,111.0
10537,Morat,4,Unknown,105.0
10538,Morbid Angel,48,Unknown,64.0
10539,Morbo y Mambo,27,Unknown,90.0
10540,Morcheeba,62,Unknown,51.0
10541,Mord'a'Stigmata,17,Unknown,64.0
10542,Mordab,1,Unknown,99.0
10543,Mordrez,43,Unknown,51.0
10544,Morgan Evans,0,Unknown,18.0
10545,Morgan Page,66,Unknown,54.0
10546,Morgan Wallen,86,Unknown,18.0
10547,Moriarty,63,Unknown,96.0
10548,Moribund Oblivion,18,Unknown,64.0
10549,Morillo,30,Unknown,45.0
10550,Mork,19,Unknown,64.0
10551,Mors Principium Est,40,Unknown,65.0
10552,Mort Garson,52,Unknown,59.0
10553,Mortalis,19,Unknown,53.0
10554,Mortemia,21,Unknown,67.0
10555,Morten Granau,40,Unknown,61.0
10556,Morten Myklebust,26,Unknown,37.0
10557,Mortician,18,Unknown,68.0
10558,Morttagua,33,Unknown,60.0
10559,Mortuary Drape,22,Unknown,64.0
10560,Mos Def,71,Unknown,25.0
10561,Mosaic MSC,62,Unknown,117.0
10562,Moses Gunn Collective,56,Unknown,52.0
10563,Moses Kahumoku,24,Unknown,20.0
10564,Moshe Kasher,22,Unknown,27.0
10565,Moskwa,32,Unknown,72.0
10566,Mother Goose Club,57,Unknown,26.0
10567,Mother Love Bone,25,Unknown,70.0
10568,Mother Mother,78,Unknown,74.0
10569,Mother's Daughter,55,Unknown,24.0
10570,Mothership,26,Unknown,79.0
10571,Motion City Soundtrack,33,Unknown,66.0
10572,Motionless In White,72,Unknown,76.0
10573,Motive,46,Unknown,116.0
10574,Motohiro Hata,61,Unknown,24.0
10575,Motorama,56,Unknown,67.0
10576,Motorpsycho,27,Unknown,79.0
10577,Mott The Hoople,64,Unknown,78.0
10578,Motta,31,Unknown,72.0
10579,Motto,30,Unknown,86.0
10580,Motörhead,32,Unknown,71.0
10581,Mounika.,63,Unknown,40.0
10582,Mount Kimbie,8,Unknown,40.0
10583,Mountain,71,Unknown,2.0
10584,Mountain Crew,27,Unknown,57.0
10585,Mountain Heart,22,Unknown,17.0
10586,Mountain Sprout,29,Unknown,17.0
10587,Mountains vs. Machines,57,Unknown,2.0
10588,Mournful Congregation,26,Unknown,65.0
10589,Mouse On Mars,43,Unknown,55.0
10590,Moussu T E Lei Jovents,36,Unknown,96.0
10591,Move D,18,Unknown,56.0
10592,Moving Fusion,18,Unknown,46.0
10593,Moxas,61,Unknown,40.0
10594,Moya Mishel,51,Unknown,59.0
10595,Moyseis Marques,37,Unknown,111.0
10596,Moğollar,39,Unknown,103.0
10597,Mpirgkel,46,Unknown,69.0
10598,Mr Black El Presidente,42,Unknown,110.0
10599,Mr Eazi,58,Unknown,86.0
10600,Mr Raoul K,41,Unknown,51.0
10601,Mr Yipadee,28,Unknown,26.0
10602,Mr.,52,Unknown,94.0
10603,Mr. Airplane Man,25,Unknown,52.0
10604,Mr. Belt & Wezol,58,Unknown,43.0
10605,Mr. Big,65,Unknown,71.0
10606,Mr. Blaumann,24,Unknown,57.0
10607,Mr. C,52,Unknown,
10608,Mr. Dan,56,Unknown,
10609,Mr. David,33,Unknown,2.0
10610,Mr. Fingers,47,Unknown,39.0
10611,Mr. Käfer,58,Unknown,5.0
10612,Mr. Lee,29,Unknown,39.0
10613,Mr. Mister,71,Unknown,59.0
10614,Mr. President,72,Unknown,97.0
10615,Mr. Probz,77,Unknown,54.0
10616,Mr. Projectile,18,Unknown,55.0
10617,Mr. Scruff,50,Unknown,62.0
10618,Mr. Vegas,43,Unknown,86.0
10619,Mr.Children,43,Unknown,102.0
10620,Mree,53,Unknown,37.0
10621,Mrs Mills,17,Unknown,4.0
10622,Mrs. GREEN APPLE,77,Unknown,91.0
10623,Ms Krazie,75,Unknown,105.0
10624,Ms. Jody,34,Unknown,2.0
10625,Muchy,36,Unknown,80.0
10626,Muck Sticky,31,Unknown,27.0
10627,Muddy Waters,63,Unknown,2.0
10628,Mudvayne,69,Unknown,69.0
10629,Muffin Man,52,Unknown,26.0
10630,Muffin Songs,61,Unknown,26.0
10631,Muffler,19,Unknown,46.0
10632,Mugen Rao,63,Unknown,1.0
10633,Mukeka di Rato,32,Unknown,72.0
10634,Mukesh,60,Unknown,15.0
10635,Mulatu Astatke,52,Unknown,90.0
10636,Mulheres Perdidas,39,Unknown,95.0
10637,Multani,35,Unknown,51.0
10638,Mumakil,11,Unknown,68.0
10639,Mumford & Sons,71,Unknown,19.0
10640,Mumm-ra,53,Unknown,93.0
10641,Mumuzinho,65,Unknown,
10642,Mungo Jerry,27,Unknown,2.0
10643,Mungo's Hi Fi,26,Unknown,47.0
10644,Muni Long,77,Unknown,11.0
10645,Municipal Waste,62,Unknown,65.0
10646,Mura Masa,74,Unknown,7.0
10647,Murcof,58,Unknown,37.0
10648,Murderdolls,30,Unknown,
10649,Murdock,30,Unknown,46.0
10650,Murica,48,Unknown,92.0
10651,Murilo Huff,62,Unknown,112.0
10652,Mushroomhead,61,Unknown,69.0
10653,Music Creation,26,Unknown,9.0
10654,Music For Little People Choir,58,Unknown,26.0
10655,Music Travel Love,58,Unknown,18.0
10656,Musica para Acostarse,24,Unknown,117.0
10657,Musical Tenors,23,Unknown,31.0
10658,Musical Youth,78,Unknown,87.0
10659,Musicality,38,Unknown,91.0
10660,Musiko,42,Unknown,88.0
10661,Musiq Soulchild,0,Unknown,7.0
10662,Musso,39,Unknown,97.0
10663,Mustafa Sandal,40,Unknown,116.0
10664,Mustafa Zahid,63,Unknown,1.0
10665,Mustard Plug,33,Unknown,89.0
10666,Mutenrohi,29,Unknown,113.0
10667,Mutiilation,16,Unknown,64.0
10668,Mvntana,33,Unknown,41.0
10669,Mwuana,39,Unknown,86.0
10670,MxPx,33,Unknown,89.0
10671,My Buddy Mike,45,Unknown,43.0
10672,My Chemical Romance,81,Unknown,66.0
10673,My Darkest Days,68,Unknown,70.0
10674,My Hair is Bad,43,Unknown,102.0
10675,My Life With The Thrill Kill Kult,23,Unknown,
10676,My Little Lover,32,Unknown,103.0
10677,My Ol' Man,36,Unknown,34.0
10678,MyChildren MyBride,27,Unknown,77.0
10679,Myd,66,Unknown,96.0
10680,Myke Towers,80,Unknown,106.0
10681,Mylène Farmer,57,Unknown,59.0
10682,Myon,45,Unknown,61.0
10683,Myq Kaplan,21,Unknown,27.0
10684,Myrkgrav,20,Unknown,64.0
10685,Myrkur,48,Unknown,64.0
10686,Myssa More,33,Unknown,86.0
10687,Mysticum,17,Unknown,64.0
10688,Mystifier,19,Unknown,64.0
10689,Myuk,49,Unknown,91.0
10690,MÖWE,57,Unknown,43.0
10691,Márcia Fellipe,48,Unknown,95.0
10692,Mãolee,43,Unknown,92.0
10693,Mägo de Oz,70,Unknown,113.0
10694,Märvel,26,Unknown,52.0
10695,Månegarm,23,Unknown,64.0
10696,Måneskin,86,Unknown,11.0
10697,Månvarv,62,Unknown,35.0
10698,Méav,21,Unknown,22.0
10699,Móveis Coloniais de Acaju,35,Unknown,89.0
10700,Mônica Salmaso,43,Unknown,109.0
10701,Mörbyligan,43,Unknown,81.0
10702,Mörk Gryning,19,Unknown,64.0
10703,Mötley Crüe,36,Unknown,71.0
10704,Møme,62,Unknown,96.0
10705,Música Legionária,29,Unknown,69.0
10706,Mütze Katze,28,Unknown,57.0
10707,Müzeyyen Senar,44,Unknown,103.0
10708,Mýa,0,Unknown,7.0
10709,N O W A V E,41,Unknown,41.0
10710,N i G H T S,62,Unknown,7.0
10711,N'Klabe,36,Unknown,110.0
10712,N'Samble,29,Unknown,110.0
10713,N-Sane,17,Unknown,10.0
10714,N.I.N.A,46,Unknown,3.0
10715,N.O.R.E.,32,Unknown,72.0
10716,N.W.A.,72,Unknown,72.0
10717,N3WPORT,41,Unknown,47.0
10718,NAALAYAK,57,Unknown,98.0
10719,NACION,26,Unknown,53.0
10720,NAFTA,48,Unknown,3.0
10721,NASKA,33,Unknown,66.0
10722,NAVACHA,40,Unknown,97.0
10723,NAZAAR,36,Unknown,48.0
10724,NCT,66,Unknown,104.0
10725,NCT 127,69,Unknown,104.0
10726,NCT DREAM,73,Unknown,104.0
10727,NCT U,66,Unknown,104.0
10728,NECROTTED,39,Unknown,65.0
10729,NEIKED,82,Unknown,42.0
10730,NEIL FRANCES,70,Unknown,7.0
10731,NEO JAPONISM,50,Unknown,101.0
10732,NERO,56,Unknown,46.0
10733,NERVO,60,Unknown,58.0
10734,NF,74,Unknown,1.0
10735,NG Rezonance,29,Unknown,61.0
10736,NG2,29,Unknown,110.0
10737,NGHTMRE,63,Unknown,51.0
10738,NGT48,21,Unknown,101.0
10739,NGUZUNGUZU,16,Unknown,41.0
10740,NIC,29,Unknown,45.0
10741,NICKTHEREAL,62,Unknown,108.0
10742,NICO Touches the Walls,58,Unknown,91.0
10743,NIKØTIN,37,Unknown,66.0
10744,NINA,40,Unknown,59.0
10745,NIRAJ,47,Unknown,98.0
10746,NIVIRO,57,Unknown,49.0
10747,NJ,48,Unknown,107.0
10748,NK,46,Unknown,72.0
10749,NMB48,32,Unknown,101.0
10750,NMIXX,82,Unknown,104.0
10751,NOCTURNAL BLOODLUST,20,Unknown,101.0
10752,NOES,55,Unknown,116.0
10753,NOFX,32,Unknown,89.0
10754,NORMANDY,27,Unknown,24.0
10755,NORRA,60,Unknown,96.0
10756,NOTD,69,Unknown,49.0
10757,NRBQ,22,Unknown,78.0
10758,NRG,27,Unknown,60.0
10759,NSD,30,Unknown,72.0
10760,NSG,61,Unknown,86.0
10761,NSH,58,Unknown,96.0
10762,NTO,61,Unknown,51.0
10763,NTRL,42,Unknown,80.0
10764,NURKO,50,Unknown,47.0
10765,NWYR,63,Unknown,58.0
10766,NX Zero,48,Unknown,63.0
10767,NYXX,52,Unknown,
10768,Na Hora H,42,Unknown,
10769,Nabzy,38,Unknown,114.0
10770,Nach,31,Unknown,113.0
10771,Nacha Pop,57,Unknown,113.0
10772,Nacho,1,Unknown,105.0
10773,Nacho Acero,31,Unknown,110.0
10774,Nacho Vegas,27,Unknown,113.0
10775,Nachtmahr,22,Unknown,
10776,Nachtmystium,17,Unknown,64.0
10777,Nada Surf,57,Unknown,78.0
10778,Nadezhda Kazantseva,0,Unknown,30.0
10779,Nadezhda Obukhova,0,Unknown,30.0
10780,Nadia Ali,55,Unknown,61.0
10781,Nadia Bulic,65,Unknown,35.0
10782,Nadus,17,Unknown,41.0
10783,Naglfar,20,Unknown,64.0
10784,Nahuel Pennisi,42,Unknown,19.0
10785,Nailbomb,25,Unknown,65.0
10786,Naits,49,Unknown,36.0
10787,Naiwen Yang,47,Unknown,108.0
10788,Najand,0,Unknown,99.0
10789,Najim Arshad,55,Unknown,107.0
10790,Najma Wallin,65,Unknown,35.0
10791,Najoua Belyzel,51,Unknown,96.0
10792,Nakash Aziz,68,Unknown,15.0
10793,Nakatomi,52,Unknown,10.0
10794,Naked Eyes,55,Unknown,59.0
10795,Naked Raygun,29,Unknown,72.0
10796,Nalan,42,Unknown,116.0
10797,Nam Woo-hyun,43,Unknown,32.0
10798,Namasenda,41,Unknown,41.0
10799,Namewee,55,Unknown,107.0
10800,Namic,57,Unknown,43.0
10801,Namie Amuro,59,Unknown,102.0
10802,Namito,39,Unknown,56.0
10803,Nan Quan Mama,58,Unknown,108.0
10804,Nana Mizuki,49,Unknown,91.0
10805,Nana Mouskouri,57,Unknown,29.0
10806,Nana Ou-Yang,54,Unknown,21.0
10807,Nana Pancha,42,Unknown,89.0
10808,Nanawoakari,52,Unknown,91.0
10809,Nancy Franck,36,Unknown,57.0
10810,Nancy Sinatra,66,Unknown,19.0
10811,Nancy Wilson,0,Unknown,5.0
10812,Nando Cordel,41,Unknown,95.0
10813,Nando Fortunato,41,Unknown,69.0
10814,Nando Moreno,46,Unknown,112.0
10815,Nando Reis,49,Unknown,92.0
10816,Nani Azevedo,50,Unknown,92.0
10817,Nanne,35,Unknown,114.0
10818,Nao,61,Unknown,7.0
10819,Naod,35,Unknown,114.0
10820,Naotaro Moriyama,27,Unknown,24.0
10821,Naoto Inti Raymi,37,Unknown,102.0
10822,Napalm Death,45,Unknown,65.0
10823,Napkey,54,Unknown,43.0
10824,Naps,32,Unknown,96.0
10825,Narciso Yepes,43,Unknown,20.0
10826,Narcosis,19,Unknown,68.0
10827,Naresh Iyer,68,Unknown,15.0
10828,Nargaroth,19,Unknown,64.0
10829,Narhen Ellalan,49,Unknown,98.0
10830,Narinder Biba,31,Unknown,19.0
10831,Nas,72,Unknown,72.0
10832,"Nas & Damian ""Jr. Gong"" Marley",58,Unknown,87.0
10833,Nashville Country Chorale,33,Unknown,17.0
10834,Nasty Habits,17,Unknown,46.0
10835,Nasum,15,Unknown,68.0
10836,Nasıl Derler Bilirsin,41,Unknown,116.0
10837,Nat King Cole,71,Unknown,5.0
10838,Nat King Cole Trio,0,Unknown,5.0
10839,Natalia Jiménez,72,Unknown,113.0
10840,Natalia Lacunza,62,Unknown,113.0
10841,Natalia Piotrowska,31,Unknown,9.0
10842,Natalie Cole,1,Unknown,5.0
10843,Natalie Holt,52,Unknown,93.0
10844,Natan & Shander,0,Unknown,87.0
10845,Natasha Richardson,24,Unknown,31.0
10846,Nate Dogg,0,Unknown,3.0
10847,Nate Traveller,55,Unknown,40.0
10848,Nathan Angelo,48,Unknown,24.0
10849,Nathan Dawe,83,Unknown,42.0
10850,Nathan Kawanishi,51,Unknown,34.0
10851,Nathan Lane,72,Unknown,9.0
10852,Nathanael,23,Unknown,90.0
10853,Nathaniel Rateliff & The Night Sweats,36,Unknown,2.0
10854,Nathorg,0,Unknown,99.0
10855,Nathália Braga,40,Unknown,28.0
10856,Nationalteatern,37,Unknown,89.0
10857,Natiruts,45,Unknown,92.0
10858,Natos y Waor,66,Unknown,113.0
10859,Nattalia Sarria,34,Unknown,91.0
10860,Natti Natasha,81,Unknown,105.0
10861,Natural Sounds,34,Unknown,35.0
10862,Natural Vibrations,37,Unknown,103.0
10863,Natural White Noise Relaxation,63,Unknown,35.0
10864,Nature Sound Series,45,Unknown,35.0
10865,Nature Sounds,42,Unknown,35.0
10866,Nature Sounds Nature Music,39,Unknown,35.0
10867,Nature Sounds XLE Library,40,Unknown,35.0
10868,Naughty By Nature,67,Unknown,72.0
10869,Navaan Sandhu,67,Unknown,16.0
10870,Navajita Platea,0,Unknown,113.0
10871,Navicula,38,Unknown,79.0
10872,Navie D,40,Unknown,41.0
10873,Navino,22,Unknown,100.0
10874,Navos,71,Unknown,43.0
10875,Navv Inder,60,Unknown,1.0
10876,Nawab,65,Unknown,16.0
10877,Nayomi,27,Unknown,67.0
10878,Naza,53,Unknown,96.0
10879,Nazan Öncel,42,Unknown,102.0
10880,Nazareno Aversa,43,Unknown,23.0
10881,Nazareth,32,Unknown,2.0
10882,Nazz,55,Unknown,98.0
10883,Nação Zumbi,45,Unknown,92.0
10884,Nbdy,58,Unknown,40.0
10885,Ncrypta,25,Unknown,53.0
10886,Ndee Naldinho,43,Unknown,6.0
10887,Ne Jupiter,47,Unknown,63.0
10888,Ne-Yo,3,Unknown,42.0
10889,Near The Parenthesis,41,Unknown,55.0
10890,Neb,58,Unknown,36.0
10891,Neck Deep,73,Unknown,81.0
10892,Neco,40,Unknown,116.0
10893,Necrophagist,42,Unknown,65.0
10894,Necrophobic,19,Unknown,64.0
10895,Neelix,62,Unknown,97.0
10896,Neeraj Shridhar,71,Unknown,1.0
10897,Neetesh Jung Kunwar,50,Unknown,11.0
10898,Neeti Mohan,72,Unknown,15.0
10899,Nefesh Mountain,26,Unknown,17.0
10900,Negator,21,Unknown,64.0
10901,Negicco,19,Unknown,101.0
10902,Negin Zomorrodi,2,Unknown,99.0
10903,Negritude Junior,45,Unknown,
10904,Negro Sambo,27,Unknown,86.0
10905,Neha Bhasin,56,Unknown,15.0
10906,Neha Kakkar,67,Unknown,15.0
10907,Neil Diamond,78,Unknown,19.0
10908,Neil Sedaka,67,Unknown,84.0
10909,Neil Young,74,Unknown,32.0
10910,Neilio,23,Unknown,53.0
10911,Nekromantix,28,Unknown,79.0
10912,Nellie Ettison,18,Unknown,9.0
10913,Nellie Tiger Travis,38,Unknown,2.0
10914,Nelly Furtado,82,Unknown,105.0
10915,Nelly Omar,31,Unknown,115.0
10916,Nelsinho Corrêa,52,Unknown,92.0
10917,Nelson Arrieta,31,Unknown,110.0
10918,Nelson Gomes,49,Unknown,20.0
10919,Nelson Gonçalves,44,Unknown,109.0
10920,Nelson Haynes,52,Unknown,23.0
10921,Nelson Ned,41,Unknown,6.0
10922,Nelson Sargento,40,Unknown,111.0
10923,Nelson Y Sus Estrellas,33,Unknown,110.0
10924,Nena,27,Unknown,97.0
10925,Nena Daconte,62,Unknown,113.0
10926,Nenei,1,Unknown,5.0
10927,Nenhum De Nós,50,Unknown,92.0
10928,Neo Fresco,46,Unknown,41.0
10929,Neo Pistea,40,Unknown,106.0
10930,Neolux,58,Unknown,53.0
10931,Neon Indian,47,Unknown,59.0
10932,Neon Trees,80,Unknown,63.0
10933,Neonlight,18,Unknown,46.0
10934,Neophyte,26,Unknown,10.0
10935,Neoslave,17,Unknown,41.0
10936,Neotnas,8,Unknown,55.0
10937,Neptunica,69,Unknown,97.0
10938,Nerf Herder,30,Unknown,78.0
10939,Nero X,38,Unknown,90.0
10940,Neroz,22,Unknown,53.0
10941,Nervosa,26,Unknown,65.0
10942,Nervz,26,Unknown,86.0
10943,Nesa,0,Unknown,99.0
10944,Nesrin Sipahi,40,Unknown,116.0
10945,Nessa Barrett,81,Unknown,50.0
10946,Neto LX,41,Unknown,95.0
10947,Netral,34,Unknown,80.0
10948,Netsky,60,Unknown,46.0
10949,Netto,39,Unknown,28.0
10950,Netto & Henrique,48,Unknown,112.0
10951,Neulore,40,Unknown,24.0
10952,Neutrin05,38,Unknown,47.0
10953,Nev,49,Unknown,116.0
10954,Never Ending Game,29,Unknown,72.0
10955,Never Surrender,30,Unknown,72.0
10956,Nevermore,46,Unknown,69.0
10957,New Bomb Turks,35,Unknown,2.0
10958,New Edition,0,Unknown,6.0
10959,New Found Glory,0,Unknown,66.0
10960,New Grass Revival,22,Unknown,17.0
10961,New Life Worship,48,Unknown,117.0
10962,New Model Army,32,Unknown,67.0
10963,New Order,66,Unknown,80.0
10964,New Times,61,Unknown,43.0
10965,New West,82,Unknown,74.0
10966,NewTown,24,Unknown,17.0
10967,Newen Afrobeat,28,Unknown,90.0
10968,Newfound Road,22,Unknown,17.0
10969,Newkid,39,Unknown,114.0
10970,Newsboys,0,Unknown,63.0
10971,Newtone,17,Unknown,41.0
10972,Ney Matogrosso,44,Unknown,109.0
10973,Neyhal,30,Unknown,32.0
10974,Neşet Ertaş,40,Unknown,116.0
10975,Nhan Solo,31,Unknown,43.0
10976,Niaks,36,Unknown,96.0
10977,Niall Byrne,63,Unknown,23.0
10978,Niall Horan,80,Unknown,42.0
10979,Nibana,28,Unknown,37.0
10980,Niccolò Paganini,0,Unknown,21.0
10981,Nicholas Gunn,50,Unknown,22.0
10982,Nicholas Hooper,60,Unknown,93.0
10983,Nicholas Teo,53,Unknown,108.0
10984,Nick Bonin,55,Unknown,66.0
10985,Nick Cave & The Bad Seeds,38,Unknown,32.0
10986,Nick Curran and the Lowlifes,22,Unknown,84.0
10987,Nick Drake,70,Unknown,93.0
10988,Nick Hakim,46,Unknown,5.0
10989,Nick Kamen,63,Unknown,45.0
10990,Nick Ledesma,38,Unknown,47.0
10991,Nick León,18,Unknown,41.0
10992,Nick Lowe,35,Unknown,78.0
10993,Nick Mulvey,67,Unknown,93.0
10994,Nick Novity,28,Unknown,53.0
10995,Nick Swardson,22,Unknown,27.0
10996,Nick Thayer,9,Unknown,38.0
10997,Nick Thune,21,Unknown,27.0
10998,Nickel Creek,30,Unknown,17.0
10999,Nickelback,80,Unknown,63.0
11000,Nicki Minaj,92,Unknown,42.0
11001,Nicky Jam,75,Unknown,105.0
11002,Nicky Lee,46,Unknown,108.0
11003,Nicky Romero,62,Unknown,49.0
11004,Nico,0,Unknown,19.0
11005,Nico Gemba,27,Unknown,57.0
11006,Nico Moreno,55,Unknown,60.0
11007,Nico Rengifo,43,Unknown,88.0
11008,Nico Rezende,36,Unknown,23.0
11009,Nico Santos,59,Unknown,97.0
11010,Nicodemus,29,Unknown,86.0
11011,Nicola Conte,24,Unknown,62.0
11012,Nicola Porpora,21,Unknown,29.0
11013,Nicolas Candido,49,Unknown,109.0
11014,Nicolas Colicos,28,Unknown,31.0
11015,Nicolas Jaar,56,Unknown,51.0
11016,Nicolas Peyrac,32,Unknown,96.0
11017,Nicole Moudaber,18,Unknown,56.0
11018,Niconé,53,Unknown,56.0
11019,Nidingr,21,Unknown,64.0
11020,Niello,36,Unknown,114.0
11021,Niels Wang,53,Unknown,23.0
11022,Niereich,35,Unknown,56.0
11023,Niet Altijd Rozengeur,29,Unknown,53.0
11024,Nifelheim,21,Unknown,64.0
11025,Nigga,44,Unknown,87.0
11026,Night Birds,28,Unknown,52.0
11027,Night Club,40,Unknown,
11028,Night Moves,26,Unknown,79.0
11029,Night to Remember,36,Unknown,81.0
11030,Nightcall,41,Unknown,47.0
11031,Nightcraft,23,Unknown,53.0
11032,Nightcrawler,18,Unknown,41.0
11033,Nightcrawlers,67,Unknown,45.0
11034,Nightmare,61,Unknown,76.0
11035,Nightmares On Wax,65,Unknown,51.0
11036,Nightnoise,22,Unknown,22.0
11037,Nightwish,60,Unknown,67.0
11038,Nihal Sadiq,26,Unknown,107.0
11039,Nik Davies,24,Unknown,20.0
11040,Nik Kershaw,65,Unknown,59.0
11041,Nik P.,33,Unknown,45.0
11042,Nikell,35,Unknown,66.0
11043,Nikhil Chandran,60,Unknown,107.0
11044,Nikhil D'Souza,51,Unknown,98.0
11045,Nikhil Swaroop,40,Unknown,98.0
11046,Nikhil mathew,53,Unknown,107.0
11047,Niki Istrefi,51,Unknown,
11048,Nikk,67,Unknown,16.0
11049,Nikka,9,Unknown,55.0
11050,Nikki Blonsky,36,Unknown,31.0
11051,Nikki M. James,24,Unknown,31.0
11052,Nikki Yanofsky,38,Unknown,102.0
11053,Nikki and the Corvettes,22,Unknown,78.0
11054,Nikko Culture,36,Unknown,69.0
11055,Niklas Paschburg,50,Unknown,37.0
11056,Niko Moon,70,Unknown,18.0
11057,Niko The Kid,46,Unknown,69.0
11058,Nikolai Erdenko,10,Unknown,30.0
11059,Nikolay Erdenko,1,Unknown,30.0
11060,Nikolay Kopylov,6,Unknown,30.0
11061,Nikolay Nikitskiy,0,Unknown,30.0
11062,Niky Nine,39,Unknown,41.0
11063,Nil Moliner,67,Unknown,113.0
11064,Nil Sagar,43,Unknown,111.0
11065,Niladri Kumar,36,Unknown,21.0
11066,Nile Kaufman,60,Unknown,35.0
11067,Nils August Valentin,61,Unknown,35.0
11068,Nils Frahm,60,Unknown,37.0
11069,Nils Hoffmann,52,Unknown,43.0
11070,Nils Jørgen Kaalstad,20,Unknown,9.0
11071,Nilüfer,42,Unknown,116.0
11072,Nima A.M.,0,Unknown,99.0
11073,Nina Kraviz,53,Unknown,60.0
11074,Nina Nesbitt,60,Unknown,32.0
11075,Nina Simone,73,Unknown,2.0
11076,Nine Inch Nails,66,Unknown,51.0
11077,Ninho,74,Unknown,96.0
11078,Ninjasister,42,Unknown,34.0
11079,Ninkharsag,17,Unknown,64.0
11080,Nino Bravo,0,Unknown,113.0
11081,Nio Garcia,79,Unknown,106.0
11082,Niran Ünsal,41,Unknown,116.0
11083,Niranj Suresh,48,Unknown,107.0
11084,Nirvana,83,Unknown,63.0
11085,Nish,52,Unknown,36.0
11086,Niska,1,Unknown,96.0
11087,Nithya Balaji,47,Unknown,11.0
11088,Nithyasree,31,Unknown,21.0
11089,Nithyasree Mahadevan,39,Unknown,21.0
11090,Nitin Sawhney,37,Unknown,62.0
11091,Nitin Shukla,63,Unknown,98.0
11092,Nitrogenetics,18,Unknown,10.0
11093,Nitzer Ebb,25,Unknown,
11094,Nivaldo Marques,40,Unknown,95.0
11095,Niza,29,Unknown,113.0
11096,Nizi19,40,Unknown,97.0
11097,Niña Dioz,19,Unknown,90.0
11098,Niña Pastori,0,Unknown,113.0
11099,Nkumba System,16,Unknown,90.0
11100,No Buses,52,Unknown,52.0
11101,No Doubt,77,Unknown,63.0
11102,No Future,37,Unknown,81.0
11103,No Party For Cao Dong,55,Unknown,108.0
11104,No Recomendable,37,Unknown,80.0
11105,No Te Va Gustar,46,Unknown,63.0
11106,No Tiene La Vaca,35,Unknown,89.0
11107,No Use For A Name,35,Unknown,72.0
11108,No Vacation,66,Unknown,52.0
11109,No Way Back,38,Unknown,43.0
11110,No.1,51,Unknown,116.0
11111,No/Más,19,Unknown,68.0
11112,Noa Sandberg,59,Unknown,35.0
11113,Noah Powa,40,Unknown,86.0
11114,Noah Reid,53,Unknown,32.0
11115,Nobodys,26,Unknown,78.0
11116,NobruDJ,43,Unknown,3.0
11117,Nobukazu Takemura,13,Unknown,55.0
11118,Nobunny,27,Unknown,52.0
11119,Nockis,40,Unknown,45.0
11120,Nocturnal Depression,38,Unknown,64.0
11121,Noda de Caju,44,Unknown,95.0
11122,Noel Toms,60,Unknown,107.0
11123,Nogizaka46,57,Unknown,101.0
11124,Nohidea,63,Unknown,40.0
11125,Noice,37,Unknown,114.0
11126,Noir,58,Unknown,60.0
11127,Noise Cartel,23,Unknown,53.0
11128,Noisecontrollers,53,Unknown,53.0
11129,Noisecream,49,Unknown,41.0
11130,Noisekick,19,Unknown,10.0
11131,Noisestorm,67,Unknown,40.0
11132,Noisettes,66,Unknown,93.0
11133,Noisia,48,Unknown,38.0
11134,Noite Ilustrada,40,Unknown,111.0
11135,Noize Suppressor,21,Unknown,10.0
11136,Noizu,67,Unknown,43.0
11137,Nokawa,40,Unknown,34.0
11138,Nolasco,62,Unknown,113.0
11139,Nollex,38,Unknown,34.0
11140,Nomade Orquestra,30,Unknown,90.0
11141,Nomadic Voice,39,Unknown,107.0
11142,Nomo,16,Unknown,90.0
11143,Nonpalidece,40,Unknown,89.0
11144,Nonpoint,63,Unknown,
11145,Nooran Sisters,37,Unknown,19.0
11146,Noortje Herlaar,37,Unknown,9.0
11147,Nora En Pure,64,Unknown,43.0
11148,Nora Van Elken,64,Unknown,43.0
11149,Norah Jones,76,Unknown,102.0
11150,Norbert Leo Butz,34,Unknown,31.0
11151,Norberto Bertassi,21,Unknown,31.0
11152,Nordjevel,17,Unknown,64.0
11153,Noriyasu Takeuchi,24,Unknown,20.0
11154,Noriyuki Makihara,34,Unknown,103.0
11155,Norlie & KKV,36,Unknown,114.0
11156,Norm Ender,43,Unknown,116.0
11157,Norma Jean,24,Unknown,65.0
11158,Norma Tanega,59,Unknown,79.0
11159,Norman Blake,22,Unknown,17.0
11160,Norman Connors,30,Unknown,45.0
11161,Norman Dück,63,Unknown,23.0
11162,Norman Langen,26,Unknown,57.0
11163,Norrhem,19,Unknown,64.0
11164,Norris Man,24,Unknown,100.0
11165,Norris Melcher,62,Unknown,35.0
11166,Norrona,60,Unknown,35.0
11167,North Polo,10,Unknown,34.0
11168,Northlane,57,Unknown,76.0
11169,Nosa,0,Unknown,90.0
11170,Nosaj Thing,50,Unknown,52.0
11171,Nosfell,30,Unknown,96.0
11172,Nosferatu,31,Unknown,10.0
11173,Nossa Toca,41,Unknown,109.0
11174,Nosso Sentimento,53,Unknown,
11175,Nosstress,43,Unknown,19.0
11176,Nostalgia 77,56,Unknown,62.0
11177,Nostalgique,38,Unknown,34.0
11178,Nostra Morte,31,Unknown,113.0
11179,Not Half Bad,27,Unknown,24.0
11180,NothingNothingNothing,44,Unknown,36.0
11181,Notnice,24,Unknown,100.0
11182,Nounours,56,Unknown,96.0
11183,Nouvelle Vague,61,Unknown,51.0
11184,Nova Issue,66,Unknown,35.0
11185,Nova Norda,41,Unknown,116.0
11186,Novel Core,36,Unknown,102.0
11187,Novelbright,66,Unknown,102.0
11188,Novelists FR,49,Unknown,77.0
11189,Novo Amor,75,Unknown,37.0
11190,Novo Som,42,Unknown,28.0
11191,Novos Baianos,41,Unknown,109.0
11192,Nowator,36,Unknown,45.0
11193,Nox Novacula,21,Unknown,67.0
11194,Nox Vahn,49,Unknown,58.0
11195,Noxa,33,Unknown,65.0
11196,Noyade,58,Unknown,96.0
11197,Nu,55,Unknown,51.0
11198,Nu Shooz,0,Unknown,45.0
11199,Nu:Logic,20,Unknown,46.0
11200,Nu:Tone,53,Unknown,46.0
11201,Nucleya,55,Unknown,49.0
11202,Nujabes,63,Unknown,40.0
11203,Nuket,37,Unknown,71.0
11204,Nulbarich,50,Unknown,102.0
11205,Nullzweizwei,37,Unknown,97.0
11206,Numb,24,Unknown,
11207,Nurettin Rençber,46,Unknown,19.0
11208,Nusky,34,Unknown,96.0
11209,Nusrat Fateh Ali Khan,65,Unknown,19.0
11210,Nxtwave,41,Unknown,51.0
11211,Nyctalllz,1,Unknown,99.0
11212,Nyno Vargas,58,Unknown,113.0
11213,NyoMii,60,Unknown,97.0
11214,NÜ,53,Unknown,40.0
11215,Néstor Ló y Los Caminantes,46,Unknown,19.0
11216,Nêgo Jhá,39,Unknown,95.0
11217,Nívea Soares,52,Unknown,92.0
11218,Nükhet Duru,36,Unknown,102.0
11219,Nükleer Başlıklı Kız,39,Unknown,116.0
11220,NŪR,32,Unknown,76.0
11221,O Rappa,50,Unknown,63.0
11222,O Surto,41,Unknown,80.0
11223,O Teatro Mágico,44,Unknown,92.0
11224,O Tortuga,32,Unknown,52.0
11225,O k O,49,Unknown,34.0
11226,O'Death,22,Unknown,67.0
11227,O-Hund,37,Unknown,114.0
11228,O. B. Buchana,34,Unknown,2.0
11229,O.B.F,55,Unknown,47.0
11230,OAFF,73,Unknown,98.0
11231,OBK,54,Unknown,59.0
11232,OBOY,71,Unknown,96.0
11233,OConnor,42,Unknown,73.0
11234,ODESZA,72,Unknown,40.0
11235,ODZ,38,Unknown,114.0
11236,OFFAIAH,54,Unknown,43.0
11237,OG Das,38,Unknown,107.0
11238,OG Keemo,38,Unknown,97.0
11239,OH MY GIRL,62,Unknown,104.0
11240,OHAYO,57,Unknown,102.0
11241,OHMYMEITING,55,Unknown,108.0
11242,OJKB,23,Unknown,53.0
11243,OKAMOTO'S,49,Unknown,52.0
11244,OKAY! KENJI,46,Unknown,40.0
11245,OMNIA,50,Unknown,19.0
11246,ONE OK ROCK,63,Unknown,66.0
11247,ONE PROMISE,22,Unknown,94.0
11248,ONEUS,69,Unknown,104.0
11249,ONMYO-ZA,25,Unknown,73.0
11250,ONYVAA,30,Unknown,44.0
11251,OOMPH!,54,Unknown,
11252,OQuadro,30,Unknown,90.0
11253,ORANGE RANGE,61,Unknown,102.0
11254,ORM,26,Unknown,64.0
11255,OSAMU SATO,13,Unknown,55.0
11256,OUTROEU,44,Unknown,19.0
11257,OZZIE,53,Unknown,7.0
11258,Oasis,78,Unknown,83.0
11259,Oatmello,53,Unknown,40.0
11260,Oaty.,57,Unknown,5.0
11261,Oba Reengy,20,Unknown,90.0
11262,Obfusc,10,Unknown,55.0
11263,Obie Hans,40,Unknown,34.0
11264,Obie Trice,65,Unknown,72.0
11265,Obituary,51,Unknown,65.0
11266,Oblivians,25,Unknown,52.0
11267,Obscurity,20,Unknown,64.0
11268,Occams Laser,16,Unknown,41.0
11269,Ocean Grove,28,Unknown,77.0
11270,Ocean Sleep Sounds,32,Unknown,35.0
11271,Ocean Sounds,41,Unknown,35.0
11272,Ocean Sounds Collection,33,Unknown,35.0
11273,Ocean Sounds XLE Library,39,Unknown,35.0
11274,Ocean Waves For Sleep,44,Unknown,35.0
11275,Ocean Waves Sleep Aid,36,Unknown,35.0
11276,Oceans,48,Unknown,51.0
11277,Oceans Ate Alaska,51,Unknown,77.0
11278,Oceanvs Orientalis,54,Unknown,51.0
11279,Ochre,39,Unknown,55.0
11280,Ocoeur,37,Unknown,55.0
11281,Ocote Soul Sounds,20,Unknown,90.0
11282,Octave One,52,Unknown,44.0
11283,Octavian,68,Unknown,25.0
11284,Odd Mob,51,Unknown,43.0
11285,Odd Shapes,42,Unknown,34.0
11286,Odd Vibez,26,Unknown,86.0
11287,Oden & Fatzo,68,Unknown,45.0
11288,Odepth,0,Unknown,99.0
11289,Odina,42,Unknown,37.0
11290,Odio a Botero,35,Unknown,80.0
11291,Odium,56,Unknown,53.0
11292,Odraza,18,Unknown,64.0
11293,Of Mice & Men,57,Unknown,77.0
11294,Of Monsters and Men,80,Unknown,19.0
11295,Of Virtue,54,Unknown,77.0
11296,Ofenbach,75,Unknown,49.0
11297,Off With Their Heads,35,Unknown,78.0
11298,Official HIGE DANdism,72,Unknown,91.0
11299,Offset,3,Unknown,1.0
11300,Oficina G3,46,Unknown,92.0
11301,Oficina G3 e Roberto Diamanso,43,Unknown,28.0
11302,Oguz Aksaç,39,Unknown,116.0
11303,Oh Honey,58,Unknown,6.0
11304,Oh No,52,Unknown,25.0
11305,Oh The Larceny,55,Unknown,2.0
11306,Oh Wonder,62,Unknown,50.0
11307,"Oh, Sleeper",23,Unknown,77.0
11308,Ohash,38,Unknown,116.0
11309,Ohota,35,Unknown,41.0
11310,Oingo Boingo,24,Unknown,59.0
11311,Okey Dokey,34,Unknown,52.0
11312,Okieriete Onaodowan,63,Unknown,31.0
11313,Oklou,44,Unknown,41.0
11314,Ol' Dirty Bastard,68,Unknown,25.0
11315,Ola & The Janglers,26,Unknown,52.0
11316,Olaf Henning,29,Unknown,57.0
11317,Olamide,71,Unknown,86.0
11318,Olavi Virta,29,Unknown,115.0
11319,Old & In The Way,23,Unknown,17.0
11320,Old 97's,28,Unknown,78.0
11321,Old Crow Medicine Show,67,Unknown,17.0
11322,Old G,45,Unknown,116.0
11323,Old Man's Child,23,Unknown,64.0
11324,Old Mervs,36,Unknown,52.0
11325,Old Norse,60,Unknown,35.0
11326,Old Salt Union,21,Unknown,17.0
11327,Old Sea Brigade,64,Unknown,19.0
11328,Ole Ole,38,Unknown,113.0
11329,Ole ohne Kohle,32,Unknown,45.0
11330,Ole-Bjørn Talstad,58,Unknown,23.0
11331,Oleg Pogudin,10,Unknown,30.0
11332,Oleska,46,Unknown,43.0
11333,Olga Voronets,6,Unknown,30.0
11334,Oli Bloom,45,Unknown,20.0
11335,Oli XL,39,Unknown,41.0
11336,Olive,20,Unknown,62.0
11337,Oliver Cheatham,63,Unknown,45.0
11338,Oliver Frank,30,Unknown,45.0
11339,Oliver Heldens,74,Unknown,54.0
11340,Oliver Huntemann,42,Unknown,56.0
11341,Oliver Koletzki,59,Unknown,51.0
11342,Oliver Schories,53,Unknown,43.0
11343,Oliver Shanti & Friends,45,Unknown,22.0
11344,Oliver Smith,50,Unknown,61.0
11345,Oliver Tree,87,Unknown,25.0
11346,Oliver Wallace,29,Unknown,9.0
11347,Oliver Young,49,Unknown,20.0
11348,Oliverse,53,Unknown,47.0
11349,Olivia Belli,61,Unknown,37.0
11350,Olivia Dean,0,Unknown,7.0
11351,Olivia Foa'i,35,Unknown,31.0
11352,Olivia Lobato,2,Unknown,114.0
11353,Olivia Newton-John,74,Unknown,45.0
11354,Olivia O'Brien,75,Unknown,50.0
11355,Olivia Ong,47,Unknown,108.0
11356,Olivia Rodrigo,88,Unknown,16.0
11357,Olivier Abeille,52,Unknown,34.0
11358,Olle Ljungström,38,Unknown,114.0
11359,Ollie,56,Unknown,36.0
11360,Ollie MN,64,Unknown,11.0
11361,Ollie Wride,44,Unknown,59.0
11362,Olly James,56,Unknown,43.0
11363,Olodum,35,Unknown,111.0
11364,Olívia Ferreira,43,Unknown,92.0
11365,Omah Lay,69,Unknown,86.0
11366,Omar Akram,49,Unknown,22.0
11367,Omar Apollo,88,Unknown,7.0
11368,Omar Cunningham,32,Unknown,2.0
11369,Omar Mollo,23,Unknown,115.0
11370,Omar Mukhtar,52,Unknown,11.0
11371,Omar S,44,Unknown,44.0
11372,Omar Santana,22,Unknown,10.0
11373,Omegatypez,23,Unknown,53.0
11374,OmenXIII,70,Unknown,66.0
11375,Omiki,49,Unknown,61.0
11376,Omix Music,51,Unknown,98.0
11377,Omnia,51,Unknown,58.0
11378,Omoinotake,56,Unknown,102.0
11379,Omri Grummet,60,Unknown,23.0
11380,OnDaMiKe,28,Unknown,38.0
11381,Once Mekel,43,Unknown,2.0
11382,Ondas Delta,28,Unknown,117.0
11383,Ondatrópica,22,Unknown,90.0
11384,Ondi Vil,52,Unknown,40.0
11385,Ondubground,24,Unknown,47.0
11386,One Direction,88,Unknown,16.0
11387,One Hope,52,Unknown,36.0
11388,One Man Army And The Undead Quartet,21,Unknown,65.0
11389,One True God,57,Unknown,41.0
11390,One Voice Children's Choir,50,Unknown,26.0
11391,One Way,37,Unknown,45.0
11392,OneRepublic,96,Unknown,23.0
11393,Oneness Of Juju,17,Unknown,90.0
11394,Onur Akın,38,Unknown,116.0
11395,Onur Atli,56,Unknown,116.0
11396,Onur Can Özcan,39,Unknown,116.0
11397,Onur Ormen,43,Unknown,116.0
11398,Onyx,62,Unknown,72.0
11399,Onyx Kids,14,Unknown,
11400,Onze:20,53,Unknown,92.0
11401,Ookay,59,Unknown,47.0
11402,Ooyy,52,Unknown,114.0
11403,Open Farra,44,Unknown,3.0
11404,Opera IX,16,Unknown,64.0
11405,Operation Ivy,37,Unknown,72.0
11406,Opeth,55,Unknown,65.0
11407,Ophidian,24,Unknown,10.0
11408,Opi the Hit Machine,39,Unknown,88.0
11409,Opposite Ways,36,Unknown,60.0
11410,Opção 3,45,Unknown,
11411,Orbit Culture,54,Unknown,65.0
11412,Orbit1,18,Unknown,10.0
11413,Orbital,57,Unknown,38.0
11414,Orchester der Vereinigten Bühnen Wien,22,Unknown,31.0
11415,Orchestra Baobab,21,Unknown,90.0
11416,Orchestral Manoeuvres In The Dark,69,Unknown,59.0
11417,Orchestre Symphonique de Montréal,0,Unknown,21.0
11418,Organ Tapes,16,Unknown,41.0
11419,Orgone,25,Unknown,90.0
11420,Orgy,62,Unknown,51.0
11421,Orhan Gencebay,37,Unknown,116.0
11422,Oriente,51,Unknown,92.0
11423,Origin Unknown,17,Unknown,46.0
11424,"Original (German) Cast of ""Tanz Der Vampire""",28,Unknown,31.0
11425,Original Broadway Cast of Hamilton,64,Unknown,31.0
11426,Original Cast of Amélie,22,Unknown,31.0
11427,Original Sin,22,Unknown,46.0
11428,Orion Sun,65,Unknown,40.0
11429,Orjan Nilsen,48,Unknown,58.0
11430,Orkan,25,Unknown,67.0
11431,Orkundk,40,Unknown,116.0
11432,Orla Gartland,65,Unknown,11.0
11433,Orla and the Stars,59,Unknown,35.0
11434,Orlando Julius,19,Unknown,90.0
11435,Orlando Marin,29,Unknown,110.0
11436,Orlando Voorn,15,Unknown,44.0
11437,Orloge Simard,39,Unknown,81.0
11438,Orny Adams,23,Unknown,27.0
11439,Orquesta Aragón,35,Unknown,110.0
11440,Orquesta Color Tango De Roberto Alvarez,23,Unknown,115.0
11441,Orquesta El Arranque,18,Unknown,115.0
11442,Orquesta Francini-Pontier,16,Unknown,115.0
11443,Orquesta Inmensidad,36,Unknown,110.0
11444,Orquesta Internacional Los Niches,39,Unknown,110.0
11445,Orquesta Juan D' Arienzo,23,Unknown,115.0
11446,Orquesta La Solucion,34,Unknown,110.0
11447,Orquesta Mondragon,29,Unknown,113.0
11448,Orquesta Mulenze,27,Unknown,110.0
11449,Orquesta Silbando,21,Unknown,115.0
11450,Orquesta Tipica Buenos Aires,22,Unknown,115.0
11451,Orquesta Tipica Fernandez Fierro,22,Unknown,115.0
11452,Orquesta Tipica Victor,19,Unknown,115.0
11453,Orquestra Brasileira de Música Jamaicana,32,Unknown,90.0
11454,Orquestra Voadora,21,Unknown,90.0
11455,Orup,36,Unknown,114.0
11456,Os Arrais,45,Unknown,19.0
11457,Os Barões Da Pisadinha,52,Unknown,95.0
11458,Os Levitas,41,Unknown,28.0
11459,Os Monarcas,49,Unknown,112.0
11460,Os Mulekes,42,Unknown,
11461,Os Mutantes,37,Unknown,79.0
11462,Os Originais Do Samba,46,Unknown,109.0
11463,Os Paralamas Do Sucesso,51,Unknown,63.0
11464,Os Parazim,56,Unknown,95.0
11465,Os Replicantes,41,Unknown,80.0
11466,Os Serranos,52,Unknown,112.0
11467,Os Travessos,53,Unknown,
11468,Os Virgulóides,43,Unknown,6.0
11469,Osaka,40,Unknown,69.0
11470,Oscar Anton,57,Unknown,96.0
11471,Oscar D'León,34,Unknown,110.0
11472,Oscar Hollis,48,Unknown,34.0
11473,Oscar Mbo,32,Unknown,43.0
11474,Oscar Mulero,20,Unknown,56.0
11475,Oscar N,43,Unknown,47.0
11476,Oscar Peterson,58,Unknown,5.0
11477,Oscar Roland,45,Unknown,20.0
11478,Oscillian,15,Unknown,41.0
11479,Osho Jain,54,Unknown,98.0
11480,Osibisa,27,Unknown,90.0
11481,Oskar Fjeldstad-Bergheim,24,Unknown,9.0
11482,Oskar Linnros,36,Unknown,114.0
11483,Oskar Schuster,51,Unknown,37.0
11484,Oski,48,Unknown,47.0
11485,Oslo Ess,40,Unknown,80.0
11486,Osman Altun,48,Unknown,43.0
11487,Osmar Maderna,18,Unknown,115.0
11488,Osvaldo Fresedo,21,Unknown,115.0
11489,Osvaldo Fresedo y su Orquesta Típica,20,Unknown,115.0
11490,Osvaldo Pugliese,21,Unknown,115.0
11491,Osvaldo Pugliese y su Orquesta,17,Unknown,115.0
11492,Oswaldo Montenegro,42,Unknown,109.0
11493,Otaku,63,Unknown,91.0
11494,Otep,25,Unknown,
11495,Otherwise,64,Unknown,70.0
11496,Otis Redding,76,Unknown,2.0
11497,Otnicka,65,Unknown,50.0
11498,Oto Roth,66,Unknown,35.0
11499,Otros Aires,23,Unknown,115.0
11500,Ottawan,66,Unknown,45.0
11501,Ottmar Liebert,21,Unknown,20.0
11502,Otto,40,Unknown,109.0
11503,Otto Knows,68,Unknown,58.0
11504,Ottorino Respighi,1,Unknown,21.0
11505,"Our Hollow, Our Home",24,Unknown,77.0
11506,Our Lady Peace,45,Unknown,70.0
11507,Our Last Night,62,Unknown,77.0
11508,Ouse,58,Unknown,66.0
11509,Out Of Control Army,36,Unknown,89.0
11510,Out of Nowhere,20,Unknown,99.0
11511,Outblast,18,Unknown,10.0
11512,Outside Broadcast Recordings,43,Unknown,35.0
11513,Outsiders,30,Unknown,53.0
11514,Outta Pocket,30,Unknown,72.0
11515,Outwild,45,Unknown,47.0
11516,Oval,37,Unknown,55.0
11517,Over Distortion,36,Unknown,81.0
11518,Overkill,23,Unknown,65.0
11519,Overklig,34,Unknown,34.0
11520,Overseer,48,Unknown,38.0
11521,Owe Thörnqvist,35,Unknown,82.0
11522,Owen Westlake,0,Unknown,43.0
11523,Owl City,79,Unknown,11.0
11524,Owl Vision,57,Unknown,41.0
11525,Ownglow,53,Unknown,46.0
11526,Oxia,56,Unknown,56.0
11527,Oxide & Neutrino,26,Unknown,52.0
11528,Oxya,28,Unknown,53.0
11529,Oyh!,43,Unknown,34.0
11530,Ozbi,41,Unknown,116.0
11531,Ozuna,77,Unknown,105.0
11532,Ozzie Kotani,23,Unknown,20.0
11533,Ozzy Osbourne,78,Unknown,71.0
11534,Ozéias de Paula,39,Unknown,28.0
11535,P-Square,55,Unknown,86.0
11536,P.A.V,48,Unknown,96.0
11537,P.L.F.,18,Unknown,68.0
11538,P.O.D.,71,Unknown,63.0
11539,PA Sports,1,Unknown,97.0
11540,PA69,42,Unknown,97.0
11541,PAPA TANK,25,Unknown,86.0
11542,PASSEPIED,29,Unknown,101.0
11543,PAVLO,39,Unknown,97.0
11544,PAWLIE POIZN,36,Unknown,66.0
11545,PEARS,30,Unknown,72.0
11546,PEDRO SAMPAIO,0,Unknown,3.0
11547,PEEKABOO,55,Unknown,47.0
11548,PELICAN FANCLUB,56,Unknown,91.0
11549,PENTAGON,65,Unknown,104.0
11550,PEPO,37,Unknown,97.0
11551,PERMEATE,0,Unknown,99.0
11552,PERSONZ,33,Unknown,103.0
11553,PG,48,Unknown,92.0
11554,PH e Michel,49,Unknown,112.0
11555,PHARAOH,56,Unknown,66.0
11556,PIG,19,Unknown,
11557,PIÑA PINK,48,Unknown,34.0
11558,PJ Harding,69,Unknown,32.0
11559,PJ Harvey,59,Unknown,23.0
11560,PJ Masks,61,Unknown,26.0
11561,PK Delas,51,Unknown,3.0
11562,PLAZA,67,Unknown,7.0
11563,PLK,71,Unknown,96.0
11564,PLÜM,67,Unknown,96.0
11565,PNL,74,Unknown,96.0
11566,POORSTACY,62,Unknown,66.0
11567,PRDX,23,Unknown,53.0
11568,PRETTYMUCH,71,Unknown,42.0
11569,PRIME,33,Unknown,96.0
11570,PSO THUG,33,Unknown,96.0
11571,PSY,81,Unknown,1.0
11572,PUBLIC,77,Unknown,74.0
11573,PVRIS,64,Unknown,66.0
11574,PXNDX,47,Unknown,66.0
11575,Pablo,51,Unknown,95.0
11576,Pablo Alborán,77,Unknown,105.0
11577,Pablo Chill-E,46,Unknown,106.0
11578,Pablo Fierro,32,Unknown,43.0
11579,Pablo Francisco,24,Unknown,27.0
11580,Pablo López,26,Unknown,113.0
11581,Pablo Martin,37,Unknown,113.0
11582,Pablo Pesadilla,88,Unknown,106.0
11583,Pablo Valle Sexteto,17,Unknown,115.0
11584,Pacific Avenue,26,Unknown,52.0
11585,Pacific Express,18,Unknown,90.0
11586,Pacificadores,47,Unknown,3.0
11587,Paco Cañedo,43,Unknown,82.0
11588,Paco Ruiz,48,Unknown,23.0
11589,Paco de Lucía,58,Unknown,20.0
11590,Padra,5,Unknown,99.0
11591,Padre Agnaldo José,46,Unknown,92.0
11592,Padre Fábio De Melo,55,Unknown,92.0
11593,Padre Marcelo Rossi,50,Unknown,92.0
11594,Padre Marcos,48,Unknown,92.0
11595,Padre Zeca,47,Unknown,92.0
11596,Padre Zezinho,47,Unknown,92.0
11597,Padre Zezinho scj,44,Unknown,92.0
11598,Paffendorf,28,Unknown,60.0
11599,Pagode da Tia Doca,37,Unknown,111.0
11600,Pailhead,20,Unknown,
11601,Pain,64,Unknown,
11602,Painel de Controle,39,Unknown,95.0
11603,Painkiller,11,Unknown,68.0
11604,Paintamelody,30,Unknown,23.0
11605,Paipy,43,Unknown,61.0
11606,Pakho Chau,48,Unknown,94.0
11607,Pal Joey,32,Unknown,39.0
11608,Palademix,41,Unknown,91.0
11609,Palak Muchhal,66,Unknown,15.0
11610,Palash Sen,48,Unknown,98.0
11611,Palavra Cantada,46,Unknown,109.0
11612,Palavrantiga,45,Unknown,92.0
11613,Palaye Royale,68,Unknown,63.0
11614,Palito Ortega,37,Unknown,82.0
11615,Paloma Faith,87,Unknown,93.0
11616,Pamela,46,Unknown,116.0
11617,Pamputtae,10,Unknown,100.0
11618,Pamungkas,78,Unknown,32.0
11619,Pan-Pot,48,Unknown,56.0
11620,Panagiotis Margaris,25,Unknown,20.0
11621,Panam y Circo,39,Unknown,106.0
11622,Pancake Manor,54,Unknown,26.0
11623,Panda Da Panda,33,Unknown,89.0
11624,Panda Dub,54,Unknown,47.0
11625,Pandamic,28,Unknown,52.0
11626,Pandit Jasraj,38,Unknown,21.0
11627,Pandrezz,54,Unknown,40.0
11628,Panic! At The Disco,85,Unknown,83.0
11629,Panico,32,Unknown,72.0
11630,Panjabi Hit Squad,30,Unknown,40.0
11631,Pankaj Udhas,62,Unknown,15.0
11632,Panopticon,19,Unknown,64.0
11633,Panta Ray,58,Unknown,96.0
11634,Pantelis Thalassinos,25,Unknown,20.0
11635,Panteon Rococo,49,Unknown,63.0
11636,Pantera,74,Unknown,63.0
11637,Pantha Du Prince,18,Unknown,56.0
11638,Panther Chan,52,Unknown,94.0
11639,Paola Carla,40,Unknown,28.0
11640,Paolo De Santis,24,Unknown,9.0
11641,Paolo Nutini,69,Unknown,93.0
11642,Paolo Plaza,35,Unknown,110.0
11643,Papa Dance,31,Unknown,59.0
11644,Papa Khan,45,Unknown,47.0
11645,Papa Roach,80,Unknown,63.0
11646,Papa San,27,Unknown,86.0
11647,Papa Topo,27,Unknown,113.0
11648,Papas Da Língua,49,Unknown,92.0
11649,Papazoni,45,Unknown,
11650,Papi Pier,43,Unknown,34.0
11651,Papithbk,70,Unknown,36.0
11652,Papon,55,Unknown,19.0
11653,Pappenheimer,24,Unknown,56.0
11654,Pappo,38,Unknown,73.0
11655,Pappo Y Hoy No Es Hoy,22,Unknown,73.0
11656,Pappo's Blues,36,Unknown,80.0
11657,Papucho Manana Club,29,Unknown,110.0
11658,Paquito Guzman,31,Unknown,110.0
11659,Parabellum,32,Unknown,96.0
11660,Parachute,61,Unknown,24.0
11661,Paradis,60,Unknown,45.0
11662,Paradise Lost,25,Unknown,65.0
11663,Paradoks,40,Unknown,60.0
11664,Paradox,66,Unknown,1.0
11665,Paralisis Permanente,22,Unknown,67.0
11666,Param Singh,68,Unknown,16.0
11667,Paramore,80,Unknown,66.0
11668,Parangolé,46,Unknown,3.0
11669,Paras Nath,54,Unknown,98.0
11670,Paravi,60,Unknown,11.0
11671,Parcels,70,Unknown,7.0
11672,Pardyalone,31,Unknown,36.0
11673,Parham,32,Unknown,67.0
11674,Parijat,51,Unknown,22.0
11675,Parimal Shais,42,Unknown,107.0
11676,Paris Blohm,51,Unknown,58.0
11677,Parker Jack,61,Unknown,36.0
11678,Parker Jenkins,43,Unknown,24.0
11679,Parker McCollum,46,Unknown,18.0
11680,Parkway Drive,62,Unknown,77.0
11681,Parmalee,33,Unknown,18.0
11682,Parquet Courts,26,Unknown,79.0
11683,Parra for Cuva,65,Unknown,51.0
11684,Parsa Hadavi,0,Unknown,99.0
11685,Parsa Shomali,0,Unknown,99.0
11686,Part Time,60,Unknown,52.0
11687,Parthiv Gohil,40,Unknown,19.0
11688,Party Animals,50,Unknown,10.0
11689,Party Favor,59,Unknown,51.0
11690,PartyZany,31,Unknown,53.0
11691,PartyfrieX,36,Unknown,10.0
11692,Partynator,26,Unknown,57.0
11693,Partyraiser,27,Unknown,10.0
11694,Parveen Sultana,31,Unknown,21.0
11695,Pascal Junior,54,Unknown,69.0
11696,Pascal Letoublon,70,Unknown,69.0
11697,Pascal Rogé,0,Unknown,21.0
11698,Paschim Films,23,Unknown,111.0
11699,Pascow,36,Unknown,97.0
11700,PassCode,42,Unknown,101.0
11701,Passenger,75,Unknown,19.0
11702,Passion,60,Unknown,117.0
11703,Pat Boone,55,Unknown,82.0
11704,Pat Capocci,22,Unknown,84.0
11705,Pat Carroll,63,Unknown,9.0
11706,Pat Kalla,19,Unknown,90.0
11707,Pat Kujala,43,Unknown,34.0
11708,Pat Laine,36,Unknown,34.0
11709,Pat Martino,51,Unknown,20.0
11710,Pat Metheny,51,Unknown,20.0
11711,Patan,21,Unknown,73.0
11712,Patina Miller,30,Unknown,31.0
11713,Pato Fu,52,Unknown,63.0
11714,Patoranking,60,Unknown,86.0
11715,Patrice Bäumel,45,Unknown,43.0
11716,Patrice Roberts,26,Unknown,86.0
11717,Patrice Rushen,64,Unknown,45.0
11718,Patricia Janečková,31,Unknown,29.0
11719,Patricia Petibon,22,Unknown,29.0
11720,Patricio Rey y sus Redonditos de Ricota,48,Unknown,63.0
11721,Patrick Brasca,45,Unknown,108.0
11722,Patrick Doyle,55,Unknown,93.0
11723,Patrick Droney,0,Unknown,32.0
11724,Patrick Fiori,39,Unknown,96.0
11725,Patrick Hernandez,72,Unknown,45.0
11726,Patrick Kelly,20,Unknown,22.0
11727,Patrick Lindner,30,Unknown,45.0
11728,Patrick Lite,60,Unknown,43.0
11729,Patrick O'Hearn,22,Unknown,22.0
11730,Patrick Page,20,Unknown,31.0
11731,Patrick Saussois,22,Unknown,20.0
11732,Patrick Stanke,24,Unknown,31.0
11733,Patrik Isaksson,38,Unknown,114.0
11734,Patrizio,21,Unknown,29.0
11735,Patrizio Buanne,50,Unknown,29.0
11736,Patron,44,Unknown,116.0
11737,Patti LaBelle,0,Unknown,45.0
11738,Patti LuPone,24,Unknown,31.0
11739,Patti Smith,69,Unknown,80.0
11740,Patton Oswalt,25,Unknown,27.0
11741,Patty Shukla,49,Unknown,26.0
11742,Paty Cantú,0,Unknown,105.0
11743,Paté de Fuá,40,Unknown,103.0
11744,Paul & Paula,29,Unknown,82.0
11745,Paul Anka,69,Unknown,6.0
11746,Paul Baloche,44,Unknown,96.0
11747,Paul Cardall,31,Unknown,22.0
11748,Paul Collins,20,Unknown,78.0
11749,Paul Denton,35,Unknown,61.0
11750,Paul Elstak,58,Unknown,10.0
11751,Paul Gerlinger,39,Unknown,97.0
11752,Paul Gilbert,32,Unknown,20.0
11753,Paul Hartnoll,35,Unknown,38.0
11754,Paul Johnson,58,Unknown,39.0
11755,Paul Kalkbrenner,68,Unknown,51.0
11756,Paul Kandel,34,Unknown,9.0
11757,Paul Leonard-Morgan,46,Unknown,93.0
11758,Paul Lock,41,Unknown,69.0
11759,Paul Marmota,19,Unknown,41.0
11760,Paul McCartney,0,Unknown,19.0
11761,Paul Oakenfold,36,Unknown,61.0
11762,Paul Ritch,44,Unknown,56.0
11763,Paul Simon,2,Unknown,19.0
11764,Paul Speer,22,Unknown,22.0
11765,Paul Togioka,26,Unknown,20.0
11766,Paul Westerberg,20,Unknown,78.0
11767,Paul Williams,21,Unknown,17.0
11768,Paul Woolford,63,Unknown,43.0
11769,Paul Young,70,Unknown,45.0
11770,Paul van Dyk,58,Unknown,97.0
11771,Paula Hartmann,38,Unknown,97.0
11772,Paula Koops,57,Unknown,113.0
11773,Paula Mattos,44,Unknown,112.0
11774,Paula Toller,48,Unknown,92.0
11775,Paula Tsui,23,Unknown,94.0
11776,Paula Vesala,20,Unknown,9.0
11777,Paulina Rubio,0,Unknown,105.0
11778,Paulinho Da Viola,43,Unknown,109.0
11779,Paulinho Moska,42,Unknown,109.0
11780,Paulo Cesar Baruk,46,Unknown,92.0
11781,Paulo Diniz,45,Unknown,109.0
11782,Paulo Londra,83,Unknown,105.0
11783,Paulo Nazareth,40,Unknown,28.0
11784,Paulo Neto,44,Unknown,92.0
11785,Paulo Novaes,38,Unknown,109.0
11786,Paulo Pires,46,Unknown,95.0
11787,Paulo Ramos,31,Unknown,9.0
11788,Paulo Ricardo,51,Unknown,92.0
11789,Paulo Rogerio,31,Unknown,69.0
11790,Paulo Sérgio,40,Unknown,102.0
11791,Pav Dharia,76,Unknown,16.0
11792,Paveier,37,Unknown,57.0
11793,Pavilhão 9,33,Unknown,72.0
11794,Pavo,23,Unknown,53.0
11795,Paweł Ciołkosz,34,Unknown,9.0
11796,Paweł Szymański,30,Unknown,9.0
11797,Payal Dev,70,Unknown,16.0
11798,Paycheck,65,Unknown,36.0
11799,Payung Teduh,44,Unknown,19.0
11800,Paz Interior,21,Unknown,117.0
11801,Pazoo,37,Unknown,57.0
11802,Peace Orchestra,17,Unknown,62.0
11803,Peaches & Herb,31,Unknown,45.0
11804,Peachy!,74,Unknown,40.0
11805,Pearl Jam,76,Unknown,63.0
11806,Pearl Melendez,69,Unknown,35.0
11807,Peces Raros,37,Unknown,51.0
11808,Pedra Leticia,46,Unknown,92.0
11809,Pedrinho Pegação,39,Unknown,95.0
11810,Pedrinho Pisadinha,44,Unknown,95.0
11811,Pedro Arroyo,31,Unknown,110.0
11812,Pedro Caceres,34,Unknown,35.0
11813,Pedro Capó,74,Unknown,105.0
11814,Pedro Conga,41,Unknown,110.0
11815,Pedro Gonçalves,19,Unknown,9.0
11816,Pedro Henrique,48,Unknown,92.0
11817,Pedro Laurenz,20,Unknown,115.0
11818,Pedro Luís,40,Unknown,109.0
11819,Pedro Paulo & Alex,51,Unknown,112.0
11820,Pedro Sanchez e Thiago,54,Unknown,112.0
11821,Pedropiedra,45,Unknown,51.0
11822,Pee Wee Gaskins,46,Unknown,66.0
11823,PeelingFlesh,21,Unknown,65.0
11824,Peer Augustinski,19,Unknown,9.0
11825,Peer Kusiv,47,Unknown,43.0
11826,Pegboy,30,Unknown,72.0
11827,Peggy Lee,1,Unknown,5.0
11828,Peixelétrico,39,Unknown,95.0
11829,Peligrosos Gorriones,38,Unknown,80.0
11830,Pelle Ankarberg,18,Unknown,9.0
11831,Pelle Emil Hebsgaard,26,Unknown,9.0
11832,Pendulum,61,Unknown,46.0
11833,Penelope Scott,76,Unknown,11.0
11834,Penny Jayne Black,28,Unknown,93.0
11835,Penny Layn,64,Unknown,35.0
11836,Penny Pincher,22,Unknown,
11837,Penny Tai,53,Unknown,107.0
11838,Penny and Sparrow,61,Unknown,24.0
11839,Pennywise,38,Unknown,72.0
11840,Pense,36,Unknown,71.0
11841,Pentagram,40,Unknown,76.0
11842,Penumbra,20,Unknown,67.0
11843,People In The Box,51,Unknown,66.0
11844,Peor es Nada,35,Unknown,72.0
11845,Pep Starling,47,Unknown,40.0
11846,Pepe Aguirre,30,Unknown,115.0
11847,Pepe Jara,33,Unknown,20.0
11848,Pepe Palme,28,Unknown,57.0
11849,Pepeu Gomes,47,Unknown,109.0
11850,Pepita Slappers,28,Unknown,84.0
11851,Peppa Pig,60,Unknown,93.0
11852,Peppa Pig Stories,45,Unknown,26.0
11853,Pepper and Po,31,Unknown,34.0
11854,Per Gessle,36,Unknown,114.0
11855,Per Myrberg,24,Unknown,9.0
11856,Pera,43,Unknown,116.0
11857,Percubaba,30,Unknown,96.0
11858,Percy Sledge,0,Unknown,7.0
11859,Perdenin Ardındakiler,39,Unknown,116.0
11860,Pereza,65,Unknown,113.0
11861,Perfume,54,Unknown,101.0
11862,Perfume Genius,53,Unknown,79.0
11863,Perikles,40,Unknown,89.0
11864,Periphery,47,Unknown,77.0
11865,Perk Pietrek,23,Unknown,51.0
11866,Perl,38,Unknown,97.0
11867,Perlo,40,Unknown,37.0
11868,Pernilla Andersson,38,Unknown,114.0
11869,Pernille Højgaard,20,Unknown,9.0
11870,Perplexer,30,Unknown,10.0
11871,Perry Como,57,Unknown,102.0
11872,Persis John,25,Unknown,107.0
11873,Personal and The Pizzas,26,Unknown,52.0
11874,Pert Near Sandstone,23,Unknown,17.0
11875,Peruzzi,53,Unknown,86.0
11876,Pescado Rabioso,45,Unknown,63.0
11877,Peshay,15,Unknown,46.0
11878,Pestilence,21,Unknown,65.0
11879,Pet Shop Boys,71,Unknown,59.0
11880,Pete Bellis & Tommy,54,Unknown,69.0
11881,Pete Bernhard,23,Unknown,4.0
11882,Pete Rock,62,Unknown,72.0
11883,Pete Tong,32,Unknown,45.0
11884,Pete Townshend,65,Unknown,2.0
11885,Pete the Cat,0,Unknown,26.0
11886,Peter And Gordon,51,Unknown,93.0
11887,Peter Bibby,32,Unknown,52.0
11888,Peter Bjorn and John,76,Unknown,63.0
11889,Peter Bradley Adams,54,Unknown,24.0
11890,Peter Broderick,56,Unknown,37.0
11891,Peter Cat Recording Co.,55,Unknown,51.0
11892,Peter Cincotti,37,Unknown,5.0
11893,Peter Davison,22,Unknown,22.0
11894,Peter Edelmann,19,Unknown,9.0
11895,Peter Fenn,55,Unknown,40.0
11896,Peter Frampton,68,Unknown,2.0
11897,Peter Gregson,56,Unknown,37.0
11898,Peter Harryson,18,Unknown,9.0
11899,Peter Jöback,37,Unknown,114.0
11900,Peter Kater,27,Unknown,22.0
11901,Peter Lundblad,36,Unknown,114.0
11902,Peter Matthew Bauer,25,Unknown,52.0
11903,Peter Murphy,25,Unknown,67.0
11904,Peter Pan Speedrock,30,Unknown,82.0
11905,Peter Rowan,32,Unknown,17.0
11906,Peter Sandberg,61,Unknown,37.0
11907,Peter Sarstedt,56,Unknown,93.0
11908,Peter Schilling,65,Unknown,97.0
11909,Peter Sprague,27,Unknown,20.0
11910,Peter Sterling,20,Unknown,22.0
11911,Peter Tosh,61,Unknown,47.0
11912,Peter Van Hoesen,19,Unknown,56.0
11913,Peter Wackel,30,Unknown,45.0
11914,"Peter, Paul and Mary",53,Unknown,19.0
11915,Petra Berger,19,Unknown,29.0
11916,Petra Espiritu,23,Unknown,117.0
11917,Petros Idris,63,Unknown,35.0
11918,Petrus,30,Unknown,67.0
11919,Petrus Kähkönen,28,Unknown,9.0
11920,Petrúcio Amorim,42,Unknown,95.0
11921,Pets Tseng,58,Unknown,108.0
11922,Petter,39,Unknown,114.0
11923,Pettra,33,Unknown,61.0
11924,Petula Clark,20,Unknown,82.0
11925,Peyk,41,Unknown,103.0
11926,Phaeleh,49,Unknown,52.0
11927,Phantogram,77,Unknown,74.0
11928,Pharoahe Monch,64,Unknown,25.0
11929,Pharozen,45,Unknown,91.0
11930,Phase II,25,Unknown,52.0
11931,PhaseOne,53,Unknown,47.0
11932,Phats & Small,62,Unknown,45.0
11933,Phaxe,52,Unknown,61.0
11934,Phenotas,25,Unknown,101.0
11935,Pher,0,Unknown,99.0
11936,Phil Coulter,23,Unknown,22.0
11937,Phil Gonzo,44,Unknown,41.0
11938,Phil Lam,54,Unknown,94.0
11939,Phil Wickham,65,Unknown,63.0
11940,Philadelphia Orchestra,0,Unknown,21.0
11941,Philanthrope,46,Unknown,40.0
11942,Philharmonia Orchestra,25,Unknown,93.0
11943,Philip,42,Unknown,23.0
11944,Philip George,67,Unknown,43.0
11945,Philip Glass,59,Unknown,37.0
11946,Philip Wesley,54,Unknown,22.0
11947,Philipp Büttner,21,Unknown,31.0
11948,Philippe Lafontaine,32,Unknown,96.0
11949,Phill Veras,39,Unknown,109.0
11950,Phillip LaRue,53,Unknown,24.0
11951,Phillip Phillips,68,Unknown,19.0
11952,Phillipa Soo,68,Unknown,31.0
11953,"Phillips, Craig & Dean",52,Unknown,117.0
11954,Philosophy no Dance,30,Unknown,101.0
11955,Phive O,40,Unknown,34.0
11956,Phlocalyst,60,Unknown,5.0
11957,Phobia,16,Unknown,68.0
11958,Phoebe Bridgers,77,Unknown,11.0
11959,Phoebe Hunt,23,Unknown,17.0
11960,Phoenyx,38,Unknown,19.0
11961,Phoria,47,Unknown,37.0
11962,Phosphorescent,62,Unknown,63.0
11963,Photek,16,Unknown,46.0
11964,Phrantic,19,Unknown,53.0
11965,Phunard,59,Unknown,35.0
11966,Phuture,32,Unknown,39.0
11967,Phuture Noize,64,Unknown,53.0
11968,Phyllis Hyman,30,Unknown,45.0
11969,Phyno,51,Unknown,86.0
11970,Phyric,22,Unknown,53.0
11971,Physika,19,Unknown,53.0
11972,Phạm Nguyên Ngọc,60,Unknown,32.0
11973,Pia Allgaier,28,Unknown,9.0
11974,Pia Douwes,20,Unknown,31.0
11975,Piano Genie,23,Unknown,9.0
11976,Piano Peace,42,Unknown,23.0
11977,Piano Project,37,Unknown,23.0
11978,Piano Radiance,30,Unknown,9.0
11979,Piano Sunday,29,Unknown,9.0
11980,PianoDeuss,41,Unknown,91.0
11981,Pickin' On Series,38,Unknown,17.0
11982,Pickpocket,37,Unknown,80.0
11983,Pidżama Porno,37,Unknown,80.0
11984,Pierce Fulton,49,Unknown,58.0
11985,Piero Cappuccilli,21,Unknown,29.0
11986,Pierre Bachelet,33,Unknown,96.0
11987,Pierre Bokma,36,Unknown,9.0
11988,Pierre Perret,32,Unknown,96.0
11989,Pierre's Pfantasy Club,15,Unknown,39.0
11990,Pietri,38,Unknown,28.0
11991,Pietro Lombardi,0,Unknown,97.0
11992,Pietro Mascagni,29,Unknown,29.0
11993,Pig Destroyer,20,Unknown,68.0
11994,Pig&Dan,40,Unknown,56.0
11995,Pigeon Pit,30,Unknown,24.0
11996,Pigface,25,Unknown,
11997,Pile,26,Unknown,52.0
11998,Pilli Bebek,40,Unknown,116.0
11999,Pillow Queens,25,Unknown,47.0
12000,Pina Colada Blues,58,Unknown,107.0
12001,Pinch,30,Unknown,47.0
12002,Pinhani,49,Unknown,116.0
12003,Pinhead Gunpowder,20,Unknown,78.0
12004,Pink Boss,21,Unknown,100.0
12005,Pink Floyd,77,Unknown,79.0
12006,Pink Guy,64,Unknown,27.0
12007,Pink Katana,39,Unknown,97.0
12008,Pink Noise,57,Unknown,35.0
12009,Pink Sweat$,76,Unknown,40.0
12010,Pink Turns Blue,26,Unknown,67.0
12011,Pinkfong,77,Unknown,26.0
12012,Pional,50,Unknown,56.0
12013,Piotr Wiese,57,Unknown,23.0
12014,Pipe Calderón,39,Unknown,88.0
12015,Pique Novo,63,Unknown,
12016,Pirulo y la Tribu,30,Unknown,110.0
12017,Pisadinha De Luxo,37,Unknown,95.0
12018,Pisadinha do Vaqueiro,48,Unknown,95.0
12019,Piso 21,85,Unknown,106.0
12020,Pist Idiots,31,Unknown,52.0
12021,Pit10,44,Unknown,116.0
12022,Pithukuli Murugadas,29,Unknown,21.0
12023,Pitizion,2,Unknown,88.0
12024,Pitty,47,Unknown,92.0
12025,Pity Party (Girls Club),62,Unknown,52.0
12026,Pixel Terror,53,Unknown,47.0
12027,Pixies,79,Unknown,63.0
12028,Pixote,57,Unknown,
12029,Piyush Bhisekar,41,Unknown,98.0
12030,Piyush Mishra,67,Unknown,19.0
12031,Piękni I Młodzi,34,Unknown,45.0
12032,Pj Panda,37,Unknown,
12033,Pk,48,Unknown,3.0
12034,Plaid,45,Unknown,55.0
12035,Plain White T's,80,Unknown,80.0
12036,Plamina,55,Unknown,24.0
12037,Plan 4,31,Unknown,73.0
12038,Planet Hemp,46,Unknown,92.0
12039,Planetopia,57,Unknown,43.0
12040,Planetshakers,57,Unknown,117.0
12041,Plastikman,40,Unknown,44.0
12042,Plastilina Mosh,40,Unknown,90.0
12043,Platero Y Tu,57,Unknown,113.0
12044,Play School,54,Unknown,26.0
12045,Playboi Carti,4,Unknown,1.0
12046,Pleasurekraft,50,Unknown,43.0
12047,Plebe Rude,43,Unknown,92.0
12048,Plectric,26,Unknown,34.0
12049,Pleq,12,Unknown,55.0
12050,Plini,49,Unknown,103.0
12051,Plone,15,Unknown,55.0
12052,Ploxxio,63,Unknown,23.0
12053,Plumbo,44,Unknown,18.0
12054,Plump DJs,18,Unknown,38.0
12055,Plumpy Boss,26,Unknown,86.0
12056,Plums,61,Unknown,52.0
12057,Plus System,19,Unknown,10.0
12058,Plácido Domingo,24,Unknown,29.0
12059,PmBata,57,Unknown,36.0
12060,Poemme,41,Unknown,37.0
12061,Poets of the Fall,56,Unknown,63.0
12062,Pogo Car Crash Control,30,Unknown,52.0
12063,Pointed Mutation,0,Unknown,99.0
12064,Pointed Sticks,22,Unknown,78.0
12065,Poison,71,Unknown,71.0
12066,Poison Idea,28,Unknown,52.0
12067,Poison The Well,24,Unknown,77.0
12068,Poisonblack,25,Unknown,67.0
12069,Pol 3.14,39,Unknown,113.0
12070,Pol Granch,68,Unknown,113.0
12071,Pola & Bryson,52,Unknown,46.0
12072,Polaris,58,Unknown,72.0
12073,Pole.,65,Unknown,113.0
12074,Polish Club,27,Unknown,52.0
12075,Polo & Pan,66,Unknown,45.0
12076,Polo Y Los Apson,28,Unknown,82.0
12077,Polock,43,Unknown,113.0
12078,Polyphonic Grain,49,Unknown,35.0
12079,Polysomni,66,Unknown,35.0
12080,Pomella,40,Unknown,60.0
12081,Pomme,64,Unknown,96.0
12082,Pompi,25,Unknown,90.0
12083,Pomplamoose,65,Unknown,19.0
12084,Pond,52,Unknown,79.0
12085,Pondora,34,Unknown,61.0
12086,Pong Nan,39,Unknown,94.0
12087,Pongo,0,Unknown,51.0
12088,Pontiver Bogross,50,Unknown,23.0
12089,Ponto De Equilíbrio,45,Unknown,92.0
12090,Ponto Nulo no Céu,32,Unknown,72.0
12091,Pontus De Bjorn,49,Unknown,23.0
12092,Poolside,64,Unknown,45.0
12093,Poop Emoji,14,Unknown,
12094,Poorvesh Dave,64,Unknown,98.0
12095,Pop Evil,59,Unknown,70.0
12096,Pop Will Eat Itself,31,Unknown,
12097,Popcaan,64,Unknown,86.0
12098,Popeda,42,Unknown,71.0
12099,Poplane,29,Unknown,86.0
12100,Popof,48,Unknown,56.0
12101,Poppet Stars,48,Unknown,26.0
12102,Poppie Swag,21,Unknown,9.0
12103,Population One,4,Unknown,44.0
12104,Porcelain Black,54,Unknown,
12105,Porcupine Tree,56,Unknown,63.0
12106,Porfi Baloa,33,Unknown,110.0
12107,PornoGraffitti,64,Unknown,102.0
12108,Pornofilmy,56,Unknown,80.0
12109,Porsche Love,52,Unknown,36.0
12110,Porta,35,Unknown,113.0
12111,Porter Robinson,73,Unknown,47.0
12112,Portishead,71,Unknown,51.0
12113,Portrayal of Guilt,23,Unknown,64.0
12114,Porty,34,Unknown,66.0
12115,Porya Hatami,33,Unknown,99.0
12116,Poshlaya Molly,61,Unknown,51.0
12117,Possessed by Paul James,35,Unknown,2.0
12118,Post Animal,39,Unknown,52.0
12119,Postcards & Polaroids,45,Unknown,24.0
12120,Posthuman,12,Unknown,55.0
12121,Potential Badboy,18,Unknown,46.0
12122,Pouca Vogal,48,Unknown,92.0
12123,Poupie,33,Unknown,96.0
12124,Pouya Pour-Amin,0,Unknown,99.0
12125,Power From Hell,20,Unknown,64.0
12126,Power Glove,49,Unknown,41.0
12127,Power Play,31,Unknown,45.0
12128,Power Station,51,Unknown,108.0
12129,Powerman 5000,68,Unknown,
12130,Powernerd,42,Unknown,41.0
12131,Powfu,83,Unknown,36.0
12132,Pr. Júlio Ribeiro,39,Unknown,28.0
12133,Pr. Lucas,45,Unknown,92.0
12134,Pr. Rodrigo Soeiro,38,Unknown,28.0
12135,Prabh Deep,44,Unknown,50.0
12136,Prabh Gill,57,Unknown,1.0
12137,Pranav Das,61,Unknown,11.0
12138,Pranish VP,64,Unknown,98.0
12139,Prasad,25,Unknown,107.0
12140,Prasad Sawkar,33,Unknown,21.0
12141,Prasanna,45,Unknown,21.0
12142,Prashan Sean,44,Unknown,107.0
12143,Prashant Katheriya,67,Unknown,16.0
12144,Prashant Soni,39,Unknown,32.0
12145,Prashanth R Vihari,56,Unknown,74.0
12146,Prateek Kuhad,70,Unknown,19.0
12147,Pratsofficial,73,Unknown,16.0
12148,Praveen,9,Unknown,37.0
12149,Preben Kristensen,24,Unknown,9.0
12150,Precision Productions,27,Unknown,86.0
12151,Predator,24,Unknown,10.0
12152,Pregador Luo,48,Unknown,92.0
12153,Prem,60,Unknown,104.0
12154,Prem Dhillon,71,Unknown,16.0
12155,Preschool Popstars,16,Unknown,
12156,Prescient Liquids,62,Unknown,35.0
12157,Presence,58,Unknown,40.0
12158,Presto?,13,Unknown,68.0
12159,Preston,30,Unknown,55.0
12160,Presuntos Implicados,28,Unknown,113.0
12161,Preta Gil,39,Unknown,109.0
12162,Pretenders,0,Unknown,19.0
12163,Preto no Branco,41,Unknown,28.0
12164,Prick,21,Unknown,
12165,Priest,25,Unknown,
12166,Prigida,57,Unknown,96.0
12167,Primer 55,57,Unknown,
12168,Primero,33,Unknown,96.0
12169,Primeshock,19,Unknown,53.0
12170,Primi Cruz,29,Unknown,110.0
12171,Primordial,19,Unknown,64.0
12172,Prince,75,Unknown,3.0
12173,Prince Daddy & the Hyena,32,Unknown,66.0
12174,Prince Fatty,55,Unknown,47.0
12175,Prince Swanny,30,Unknown,86.0
12176,Prince of Falls,57,Unknown,7.0
12177,Princess Chelsea,64,Unknown,11.0
12178,Princess Nokia,66,Unknown,25.0
12179,Prinx Emmanuel,44,Unknown,90.0
12180,Prinz,70,Unknown,40.0
12181,Priscila Senna,46,Unknown,95.0
12182,Priscila Tossan,39,Unknown,109.0
12183,Priscilla Abby,58,Unknown,107.0
12184,Priscilla Ahn,54,Unknown,24.0
12185,Priscilla Alcantara,46,Unknown,3.0
12186,Priscilla Chan,52,Unknown,94.0
12187,Prison Affair,27,Unknown,52.0
12188,Pritam,88,Unknown,98.0
12189,Private Function,29,Unknown,52.0
12190,Priya Saraiya,71,Unknown,16.0
12191,Priya Sisters,43,Unknown,21.0
12192,Processor,16,Unknown,41.0
12193,Procol Harum,68,Unknown,2.0
12194,Produto Nacional,28,Unknown,47.0
12195,Proem,15,Unknown,55.0
12196,Professor Elemental,25,Unknown,27.0
12197,Project 1,27,Unknown,53.0
12198,Project AER,56,Unknown,37.0
12199,Project Grand Slam,38,Unknown,5.0
12200,Project Malabaricus,39,Unknown,107.0
12201,Project Omeaga,28,Unknown,
12202,Project One,20,Unknown,53.0
12203,Project Pitchfork,28,Unknown,
12204,Project46,37,Unknown,71.0
12205,Projeto Norte,43,Unknown,28.0
12206,Projeto Vida Nova de Irajá,43,Unknown,28.0
12207,Projexx,46,Unknown,100.0
12208,Projota,46,Unknown,92.0
12209,Prolix,15,Unknown,46.0
12210,Promo,31,Unknown,10.0
12211,Promoting Sounds,66,Unknown,66.0
12212,Prompto,63,Unknown,36.0
12213,Prong,58,Unknown,69.0
12214,Pronobozo,43,Unknown,38.0
12215,Propaganda,24,Unknown,59.0
12216,Propagandhi,32,Unknown,72.0
12217,Propellerheads,52,Unknown,38.0
12218,Protassov,60,Unknown,62.0
12219,Protest The Hero,32,Unknown,72.0
12220,Protex,27,Unknown,52.0
12221,Protiva,41,Unknown,66.0
12222,Protoje,59,Unknown,86.0
12223,Protomartyr,26,Unknown,52.0
12224,Proyecto Gomez Casa,33,Unknown,51.0
12225,Prudence Liew,23,Unknown,94.0
12226,Psirico,44,Unknown,95.0
12227,Pst/Q,28,Unknown,67.0
12228,Psyche/BFC,12,Unknown,44.0
12229,Psychedelic Porn Crumpets,52,Unknown,52.0
12230,Psycho Rhyme,39,Unknown,66.0
12231,Psychograss,23,Unknown,17.0
12232,Psychomantra,39,Unknown,107.0
12233,Psychonaut 4,37,Unknown,64.0
12234,Psychostick,28,Unknown,
12235,Psyclon Nine,26,Unknown,
12236,Psyko Punkz,47,Unknown,53.0
12237,Public Enemy,0,Unknown,72.0
12238,Public Service Broadcasting,27,Unknown,79.0
12239,Puchi Colon,30,Unknown,110.0
12240,Puddle Of Mudd,72,Unknown,70.0
12241,Pulp,0,Unknown,63.0
12242,Pulse Mandala,27,Unknown,37.0
12243,Pulsedriver,0,Unknown,97.0
12244,Punch,57,Unknown,104.0
12245,Punch Brothers,29,Unknown,17.0
12246,Punctual,73,Unknown,49.0
12247,Punit Singh,53,Unknown,98.0
12248,Punitha Raja,41,Unknown,107.0
12249,Pupy Santiago,27,Unknown,110.0
12250,Pur,0,Unknown,97.0
12251,Purbayan Chatterjee,34,Unknown,21.0
12252,Puro Suco,48,Unknown,92.0
12253,Purple Bike,37,Unknown,34.0
12254,Purple Disco Machine,63,Unknown,43.0
12255,Purples,40,Unknown,28.0
12256,Purrple Cat,55,Unknown,40.0
12257,Puscifer,52,Unknown,
12258,Push,56,Unknown,61.0
12259,Push Button Objects,10,Unknown,55.0
12260,Pushpavanam Kuppusamy,56,Unknown,15.0
12261,Puzzle,58,Unknown,52.0
12262,Pyotr Ilyich Tchaikovsky,65,Unknown,21.0
12263,Pyotr Leshchenko,11,Unknown,30.0
12264,Pyramid,51,Unknown,96.0
12265,Pysh,35,Unknown,60.0
12266,Pé,0,Unknown,99.0
12267,Péricles,58,Unknown,
12268,QARAN,67,Unknown,16.0
12269,QUEEN BEE,59,Unknown,91.0
12270,QUIN,56,Unknown,74.0
12271,QUITAPENAS,27,Unknown,90.0
12272,QUIX,46,Unknown,47.0
12273,Quada,27,Unknown,86.0
12274,Quadro Nuevo,21,Unknown,115.0
12275,Quantic,59,Unknown,62.0
12276,Quatro por Um,42,Unknown,28.0
12277,Quavo,4,Unknown,1.0
12278,Queen,82,Unknown,83.0
12279,Queen Ifrica,26,Unknown,86.0
12280,Queen Latifah,41,Unknown,102.0
12281,Queen Wei,24,Unknown,108.0
12282,Queens of the Stone Age,72,Unknown,63.0
12283,Queensrÿche,63,Unknown,71.0
12284,Queensway,29,Unknown,72.0
12285,Quench,12,Unknown,55.0
12286,Querox,49,Unknown,97.0
12287,Quest,31,Unknown,45.0
12288,Quest!on? Mark,18,Unknown,34.0
12289,Queta Garay,31,Unknown,82.0
12290,Quicksand,29,Unknown,70.0
12291,Quicksilver Messenger Service,0,Unknown,52.0
12292,Quiet Gaze,42,Unknown,23.0
12293,Quiet Riot,72,Unknown,71.0
12294,Quincy Jones,1,Unknown,45.0
12295,Quinn Golden,42,Unknown,2.0
12296,Quinn Joshua,58,Unknown,35.0
12297,Quinn XCII,70,Unknown,11.0
12298,Quinteto Negro La Boca,16,Unknown,115.0
12299,Quinteto Pirincho,21,Unknown,115.0
12300,Quinteto Real,16,Unknown,115.0
12301,Quinteto S.A.,57,Unknown,
12302,Quintino,61,Unknown,58.0
12303,Quinto Mayor,30,Unknown,110.0
12304,Quinze,37,Unknown,41.0
12305,Quique Neira,40,Unknown,89.0
12306,Qujila Yoluno Machi,38,Unknown,103.0
12307,Québec Redneck Bluegrass Project,44,Unknown,81.0
12308,Qveen Herby,64,Unknown,25.0
12309,Qyubi,19,Unknown,90.0
12310,R. City,78,Unknown,87.0
12311,R. Zee,29,Unknown,107.0
12312,R.B James,46,Unknown,20.0
12313,R.E.M.,84,Unknown,63.0
12314,R.I.O.,58,Unknown,97.0
12315,R.K.M & Ken-Y,0,Unknown,105.0
12316,R.M.F.C.,28,Unknown,52.0
12317,R.Sigma,33,Unknown,72.0
12318,R2Bees,52,Unknown,86.0
12319,R3HAB,63,Unknown,42.0
12320,RAC,67,Unknown,63.0
12321,RADWIMPS,68,Unknown,66.0
12322,RAF Camora,43,Unknown,97.0
12323,RAINBOW.,59,Unknown,96.0
12324,RAM,40,Unknown,61.0
12325,RANDALL,63,Unknown,50.0
12326,RBD,0,Unknown,105.0
12327,RDN,47,Unknown,
12328,RE:UNION,36,Unknown,66.0
12329,RED DIAMOND DOGS,19,Unknown,100.0
12330,RENT STRIKE,33,Unknown,24.0
12331,REO Speedwagon,73,Unknown,71.0
12332,REVIVE,23,Unknown,53.0
12333,RICEWINE,58,Unknown,52.0
12334,RIDSA,70,Unknown,96.0
12335,RILEY,32,Unknown,31.0
12336,RINI,70,Unknown,40.0
12337,RIOPY,0,Unknown,21.0
12338,RK,35,Unknown,96.0
12339,RL Grime,68,Unknown,51.0
12340,RLLBTS,57,Unknown,5.0
12341,RMK & Toppen,35,Unknown,114.0
12342,RMaster,29,Unknown,23.0
12343,ROSÉ,72,Unknown,104.0
12344,ROT,11,Unknown,68.0
12345,ROTTENGRAFFTY,49,Unknown,101.0
12346,ROZES,0,Unknown,11.0
12347,RPM,45,Unknown,92.0
12348,RUANN,39,Unknown,100.0
12349,RUSSELL!,61,Unknown,40.0
12350,RVIVR,32,Unknown,72.0
12351,RWND,26,Unknown,53.0
12352,RY X,34,Unknown,19.0
12353,RYLO,42,Unknown,97.0
12354,RYUTist,18,Unknown,101.0
12355,RZO,43,Unknown,6.0
12356,RZRKT,44,Unknown,47.0
12357,Ra,24,Unknown,
12358,Ra'is,41,Unknown,97.0
12359,Raaban,69,Unknown,49.0
12360,Rabbit In The Moon,17,Unknown,38.0
12361,Rabbit Junk,20,Unknown,
12362,Rabbit Mac,42,Unknown,107.0
12363,Rabit,38,Unknown,41.0
12364,Rachael Yamagata,49,Unknown,24.0
12365,Rachel Bay Jones,60,Unknown,31.0
12366,Rachel Feinstein,27,Unknown,27.0
12367,Rachel House,43,Unknown,31.0
12368,Rachel Liang,54,Unknown,108.0
12369,Rachel Novaes,40,Unknown,28.0
12370,Rachel Platten,77,Unknown,83.0
12371,Rachel Portman,57,Unknown,93.0
12372,Rachel Reis,45,Unknown,109.0
12373,Racionais MC's,55,Unknown,92.0
12374,Radha,57,Unknown,26.0
12375,Radha Jayalakshmi,35,Unknown,21.0
12376,Radical,33,Unknown,66.0
12377,Radical Face,71,Unknown,19.0
12378,Radical Redemption,58,Unknown,53.0
12379,Radio Catoche,32,Unknown,89.0
12380,Radio Citizen,54,Unknown,62.0
12381,Radio Slave,40,Unknown,56.0
12382,Radioactivity,24,Unknown,78.0
12383,Radiohead,85,Unknown,63.0
12384,Radiola Santa Rosa,34,Unknown,47.0
12385,Radiorama,27,Unknown,45.0
12386,Rae & Christian,55,Unknown,62.0
12387,RaeLynn,0,Unknown,18.0
12388,Raekwon,63,Unknown,72.0
12389,Rael,51,Unknown,92.0
12390,Rafa Figueroa,45,Unknown,34.0
12391,Rafael Cerato,40,Unknown,60.0
12392,Rafael Lechowski,31,Unknown,113.0
12393,Rafael Vázquez,33,Unknown,82.0
12394,Raffa Torres,47,Unknown,112.0
12395,Raffi,61,Unknown,26.0
12396,Rafinha o Big Love,45,Unknown,95.0
12397,Raft,20,Unknown,96.0
12398,Raftaar,64,Unknown,1.0
12399,Rag'n'Bone Man,78,Unknown,7.0
12400,Rage Against The Machine,80,Unknown,63.0
12401,Ragga Twins,46,Unknown,86.0
12402,Raghav,47,Unknown,11.0
12403,Raghav Chaitanya,49,Unknown,98.0
12404,Raghav Meattle,41,Unknown,98.0
12405,Raghu Dixit,52,Unknown,19.0
12406,Rah Swish,67,Unknown,6.0
12407,Rahat Fateh Ali Khan,67,Unknown,15.0
12408,Rahi,35,Unknown,19.0
12409,Rahul Deshpande,38,Unknown,21.0
12410,Rahul Rajeev,58,Unknown,107.0
12411,Raiatea Helm,21,Unknown,20.0
12412,Raiden,67,Unknown,50.0
12413,Rail Yard Ghosts,34,Unknown,24.0
12414,Railbenders,23,Unknown,4.0
12415,Railroad Earth,25,Unknown,17.0
12416,Raimu,63,Unknown,91.0
12417,Raimund Theater Ensemble,27,Unknown,31.0
12418,Raimundos,46,Unknown,92.0
12419,Rain Noise Xxl,33,Unknown,35.0
12420,Rain Sound Studio,33,Unknown,35.0
12421,Rain Sounds,54,Unknown,35.0
12422,Rain Sounds Collection,38,Unknown,35.0
12423,Rain Sounds Factory STHLM,36,Unknown,35.0
12424,Rain Sounds XLE Library,38,Unknown,35.0
12425,Rain for Deep Sleep,38,Unknown,35.0
12426,Rain for Sleep,32,Unknown,35.0
12427,Rainbow,68,Unknown,2.0
12428,Rainfall,35,Unknown,35.0
12429,Rainfall For Sleep,41,Unknown,35.0
12430,Rainhas da Farra,38,Unknown,95.0
12431,Rainie Yang,58,Unknown,108.0
12432,Rainlord.,61,Unknown,40.0
12433,Rainy Lullaby,26,Unknown,117.0
12434,Raj Barman,63,Unknown,15.0
12435,Raj Pirate,33,Unknown,107.0
12436,Raj Ranjodh,43,Unknown,1.0
12437,Rajasinga,21,Unknown,65.0
12438,Rajhesh Vaidhya,35,Unknown,21.0
12439,Rakesh Chaurasia,50,Unknown,21.0
12440,Rakim,65,Unknown,72.0
12441,Rakz Radiant,17,Unknown,107.0
12442,Ralph Castelli,75,Unknown,11.0
12443,Ralph McTell,19,Unknown,93.0
12444,Ralph Stanley,26,Unknown,17.0
12445,Ralphi Rosario,38,Unknown,39.0
12446,Ralphie May,27,Unknown,27.0
12447,Ralphy Santi,32,Unknown,110.0
12448,Raly Barrionuevo,44,Unknown,19.0
12449,Ram Jam,72,Unknown,71.0
12450,Ram Narayan,38,Unknown,21.0
12451,Ram Nath RNB,33,Unknown,107.0
12452,Ram Sampath,58,Unknown,1.0
12453,Ram Trilogy,24,Unknown,46.0
12454,Ramakrishnan Murthy,34,Unknown,21.0
12455,Raman Negi,46,Unknown,98.0
12456,Rameses B,49,Unknown,47.0
12457,Ramesh Mishra,45,Unknown,21.0
12458,Ramil Ganjoo,44,Unknown,98.0
12459,Ramin Djawadi,62,Unknown,97.0
12460,Rammstein,77,Unknown,63.0
12461,Ramon Dona-Dio,23,Unknown,20.0
12462,Ramon Marquez,32,Unknown,82.0
12463,Ramona,33,Unknown,79.0
12464,Ramones,73,Unknown,80.0
12465,Ramonstar,31,Unknown,57.0
12466,Rampa,56,Unknown,43.0
12467,Ramshackle Glory,28,Unknown,24.0
12468,Ran-D,61,Unknown,53.0
12469,Rana Alagöz,47,Unknown,79.0
12470,Rancid,32,Unknown,89.0
12471,Rancore,32,Unknown,72.0
12472,Randal L Meek,32,Unknown,20.0
12473,Randall King,1,Unknown,18.0
12474,Random Forest,55,Unknown,37.0
12475,Random Movement,17,Unknown,46.0
12476,Random Noise Generation,5,Unknown,44.0
12477,Randomized Coffee,32,Unknown,51.0
12478,Randy,64,Unknown,106.0
12479,Randy Crawford,31,Unknown,45.0
12480,Randy Lorenzo,25,Unknown,20.0
12481,Randy Newman,71,Unknown,9.0
12482,Randy Travis,63,Unknown,18.0
12483,Rangga Jones,62,Unknown,40.0
12484,Rangle Sardar,31,Unknown,19.0
12485,Ranji,54,Unknown,61.0
12486,Rank 1,53,Unknown,61.0
12487,Ransom,26,Unknown,53.0
12488,Rantanplan,37,Unknown,97.0
12489,Ranveer Singh,63,Unknown,1.0
12490,Rap Box,46,Unknown,92.0
12491,Rap Tale,20,Unknown,107.0
12492,Raphael Lake,60,Unknown,2.0
12493,Raphaël,31,Unknown,96.0
12494,Raphy Leavitt y Su Orquesta La Selecta,34,Unknown,110.0
12495,Rappin' Hood,45,Unknown,92.0
12496,Rapsusklei,38,Unknown,113.0
12497,Raquel Ferreira,23,Unknown,9.0
12498,Raquel Mello,39,Unknown,28.0
12499,Raquel dos Teclados,49,Unknown,95.0
12500,Rare Earth,0,Unknown,79.0
12501,Rarin,65,Unknown,36.0
12502,Ras & Calle,38,Unknown,66.0
12503,Ras Kuko,27,Unknown,113.0
12504,Rascal Flatts,75,Unknown,18.0
12505,Rashid Beibutov,33,Unknown,30.0
12506,Rashid Khan,46,Unknown,21.0
12507,Rashit,35,Unknown,80.0
12508,Rasmus Hagen,64,Unknown,32.0
12509,Raspberries,62,Unknown,103.0
12510,Raspigaous,31,Unknown,96.0
12511,Raspo,56,Unknown,40.0
12512,Rasta Bigoud,34,Unknown,96.0
12513,Rasta Chinela,43,Unknown,95.0
12514,Rastapé,40,Unknown,95.0
12515,Rat-Zinger,25,Unknown,113.0
12516,Rata Blanca,50,Unknown,73.0
12517,Ratata,39,Unknown,114.0
12518,Ratones Paranoicos,45,Unknown,63.0
12519,Ratos De Porão,35,Unknown,72.0
12520,Rattan Mohan Sharma,38,Unknown,21.0
12521,Ratty Adhiththan,55,Unknown,107.0
12522,Raubtier,36,Unknown,114.0
12523,Raul Abramzon,36,Unknown,82.0
12524,Raul Paz,25,Unknown,117.0
12525,Raul Seixas,50,Unknown,92.0
12526,Raul Vale,28,Unknown,82.0
12527,Raulin Rosendo,30,Unknown,110.0
12528,Raumakustik,18,Unknown,56.0
12529,Raunchy,22,Unknown,65.0
12530,Rauw Alejandro,91,Unknown,105.0
12531,Rav Aulakh,63,Unknown,1.0
12532,Ravator,55,Unknown,98.0
12533,Rave The Reqviem,23,Unknown,
12534,Raveena,60,Unknown,40.0
12535,Ravend,46,Unknown,116.0
12536,Raving George,57,Unknown,60.0
12537,Ravyn Lenae,1,Unknown,25.0
12538,Rawal,44,Unknown,98.0
12539,Rawframez,21,Unknown,53.0
12540,Ray Barretto,27,Unknown,110.0
12541,Ray Campi,22,Unknown,84.0
12542,Ray Charles,70,Unknown,2.0
12543,Ray De La Paz,37,Unknown,110.0
12544,Ray Gun Hero,16,Unknown,41.0
12545,Ray Keith,24,Unknown,46.0
12546,Ray LaMontagne,67,Unknown,24.0
12547,Ray Parker Jr.,70,Unknown,45.0
12548,Ray Peterson,50,Unknown,84.0
12549,Ray Price,47,Unknown,4.0
12550,Ray Remesch,43,Unknown,
12551,Ray Volpe,57,Unknown,47.0
12552,Raydar,15,Unknown,41.0
12553,Raymond & Maria,37,Unknown,114.0
12554,Raymond Lam,49,Unknown,94.0
12555,Rayo & Toby,38,Unknown,88.0
12556,Rayssa e Ravel,37,Unknown,28.0
12557,Raz,51,Unknown,61.0
12558,Raz Dwa Trzy,32,Unknown,2.0
12559,Razed In Black,24,Unknown,
12560,Raztlan,44,Unknown,89.0
12561,Raça Negra,49,Unknown,
12562,Raí Saia Rodada,42,Unknown,95.0
12563,Raúl García Zárate,24,Unknown,20.0
12564,Raúl Lavié,17,Unknown,115.0
12565,Re-Con,19,Unknown,10.0
12566,Re-Fuzz,30,Unknown,72.0
12567,Re-Style,57,Unknown,10.0
12568,ReOrder,45,Unknown,61.0
12569,ReStarT,45,Unknown,92.0
12570,ReVamp,20,Unknown,67.0
12571,Rea Garvey,0,Unknown,97.0
12572,Ready Kirken,46,Unknown,19.0
12573,Real Friends,0,Unknown,66.0
12574,Real Life,59,Unknown,59.0
12575,Real McCoy,64,Unknown,60.0
12576,Realidade Cruel,48,Unknown,92.0
12577,Reality Test,46,Unknown,61.0
12578,Reatards,23,Unknown,52.0
12579,Reba McEntire,1,Unknown,18.0
12580,Rebeca Carvalho,55,Unknown,92.0
12581,Rebecca Luker,21,Unknown,31.0
12582,Rebecca Woods,60,Unknown,23.0
12583,Rebecka Aether,65,Unknown,35.0
12584,Rebel Cats,37,Unknown,84.0
12585,Rebel Scum,42,Unknown,47.0
12586,Rebel'd Punk,37,Unknown,80.0
12587,Rebellion Rose,41,Unknown,81.0
12588,Rebourne,54,Unknown,53.0
12589,Rebūke,56,Unknown,51.0
12590,Recaps,48,Unknown,34.0
12591,Recham,49,Unknown,51.0
12592,Reckless Kelly,43,Unknown,18.0
12593,Reckless Love,53,Unknown,71.0
12594,Recondite,46,Unknown,56.0
12595,Recue,30,Unknown,55.0
12596,Red,55,Unknown,70.0
12597,Red City Radio,30,Unknown,72.0
12598,Red Garland,57,Unknown,23.0
12599,Red Hot Chili Peppers,82,Unknown,63.0
12600,Red Lion,30,Unknown,47.0
12601,Red Queen,29,Unknown,45.0
12602,Red Velvet,75,Unknown,104.0
12603,Red Velvet - IRENE & SEULGI,67,Unknown,104.0
12604,RedMoon,48,Unknown,51.0
12605,Redd,42,Unknown,116.0
12606,Redd Foxx,22,Unknown,27.0
12607,Redd Kross,25,Unknown,78.0
12608,Redeyes,44,Unknown,46.0
12609,Redlight King,25,Unknown,70.0
12610,Redman,63,Unknown,72.0
12611,Reekado Banks,53,Unknown,86.0
12612,Reel Big Fish,32,Unknown,89.0
12613,Reeve Carney,40,Unknown,31.0
12614,Refeci,54,Unknown,43.0
12615,Refract,20,Unknown,53.0
12616,Refuzion,65,Unknown,53.0
12617,Regain,22,Unknown,53.0
12618,Regard,81,Unknown,49.0
12619,Regarde Les Hommes Tomber,20,Unknown,64.0
12620,Regen zum Schlafen,42,Unknown,35.0
12621,Regents,42,Unknown,48.0
12622,Reggie P,41,Unknown,2.0
12623,Regina Alcover,34,Unknown,82.0
12624,Regina Costa,22,Unknown,20.0
12625,Regina Spektor,73,Unknown,23.0
12626,Reginaldo Rossi,48,Unknown,95.0
12627,Regnør,61,Unknown,23.0
12628,Regurgitate,15,Unknown,68.0
12629,Rehmahz,20,Unknown,90.0
12630,Rei Harakami,39,Unknown,55.0
12631,Rei Yasuda,52,Unknown,91.0
12632,Reignwolf,59,Unknown,2.0
12633,Reijo Taipale,24,Unknown,115.0
12634,Reik,2,Unknown,105.0
12635,Reiki Armonía,29,Unknown,117.0
12636,Reinaldo,47,Unknown,111.0
12637,Reinhard Mey,38,Unknown,97.0
12638,Reinier Zonneveld,58,Unknown,60.0
12639,Reivaj Ebol,59,Unknown,23.0
12640,Rejecta,29,Unknown,53.0
12641,Rekha Bhardwaj,64,Unknown,15.0
12642,Rekishi,34,Unknown,103.0
12643,Relajación océano y olas,22,Unknown,117.0
12644,Relaxation Meditation Songs Divine,39,Unknown,35.0
12645,Relaxing Music Therapy,32,Unknown,35.0
12646,Rella,59,Unknown,66.0
12647,Rels B,89,Unknown,106.0
12648,Rema,92,Unknown,16.0
12649,Remember of Today,40,Unknown,81.0
12650,Remmi Demmi Boys,24,Unknown,57.0
12651,Remzcore,61,Unknown,96.0
12652,Renacer,21,Unknown,73.0
12653,Renanzin Pressão,41,Unknown,95.0
12654,Renascer Praise,47,Unknown,92.0
12655,Renata Tebaldi,44,Unknown,29.0
12656,Renato Milagres,35,Unknown,111.0
12657,Renato Russo,47,Unknown,92.0
12658,Renato Teixeira,47,Unknown,109.0
12659,Renato da Rocinha,45,Unknown,
12660,Renaud,37,Unknown,96.0
12661,Rend Collective,61,Unknown,63.0
12662,Rendezvous At Two,59,Unknown,7.0
12663,Rene & Angela,32,Unknown,45.0
12664,Rene Liu,58,Unknown,108.0
12665,Renegade,18,Unknown,46.0
12666,Reneé Dominique,61,Unknown,74.0
12667,Renjini Renjith,35,Unknown,107.0
12668,Rennie Pilgrem,15,Unknown,38.0
12669,Renno,44,Unknown,95.0
12670,Reno & Smiley,27,Unknown,17.0
12671,René Aubry,25,Unknown,37.0
12672,René LaVice,21,Unknown,46.0
12673,René Sobral,37,Unknown,111.0
12674,René van Kooten,18,Unknown,9.0
12675,Renée Elise Goldsberry,70,Unknown,31.0
12676,Renée Fleming,22,Unknown,29.0
12677,ReoNa,61,Unknown,91.0
12678,Reol,60,Unknown,91.0
12679,Replikas,31,Unknown,79.0
12680,Repugnant,26,Unknown,65.0
12681,Repulsion,17,Unknown,68.0
12682,Requiem,23,Unknown,53.0
12683,Resgate,40,Unknown,28.0
12684,Reshma,43,Unknown,19.0
12685,Resistencia Suburbana,39,Unknown,89.0
12686,Resit Kemal,41,Unknown,116.0
12687,Ressurectz,20,Unknown,53.0
12688,Restless Road,65,Unknown,18.0
12689,Restrained,21,Unknown,72.0
12690,Retroj,24,Unknown,41.0
12691,Retrospect,20,Unknown,53.0
12692,Rev Theory,27,Unknown,2.0
12693,Revart,41,Unknown,116.0
12694,Revelators,21,Unknown,53.0
12695,Revelries,64,Unknown,49.0
12696,Revenge The Fate,33,Unknown,65.0
12697,Reverend Glasseye,24,Unknown,67.0
12698,Revizia,17,Unknown,41.0
12699,Revol,3,Unknown,106.0
12700,Revolting Cocks,24,Unknown,
12701,Rewildz,23,Unknown,53.0
12702,Rewind,51,Unknown,40.0
12703,Rex Williams,46,Unknown,90.0
12704,Rexanthony,21,Unknown,10.0
12705,Rey Ruiz,35,Unknown,110.0
12706,Reyan,42,Unknown,107.0
12707,Reyhan Karaca,46,Unknown,116.0
12708,Reynaldo Armas,37,Unknown,102.0
12709,"Reynaldo Santiago "" Chino """,40,Unknown,110.0
12710,Reza Solatipour,0,Unknown,99.0
12711,Reznik,38,Unknown,66.0
12712,Reznyck,18,Unknown,41.0
12713,Rezz,61,Unknown,51.0
12714,Rhod Gilbert,22,Unknown,27.0
12715,Rhonchus,0,Unknown,99.0
12716,Rhonda Mackert,20,Unknown,22.0
12717,Rhumba,24,Unknown,100.0
12718,Rhydian,20,Unknown,29.0
12719,Rhythim Is Rhythim,12,Unknown,44.0
12720,Rhythm & Sound,20,Unknown,56.0
12721,Rhythm On The Loose,27,Unknown,38.0
12722,Rhythmics,16,Unknown,10.0
12723,Riad,34,Unknown,66.0
12724,Riber Ore,21,Unknown,20.0
12725,Riber Oré,24,Unknown,20.0
12726,Ribin Richard,60,Unknown,107.0
12727,Ricardo Ceratto,42,Unknown,82.0
12728,Ricardo Iorio,41,Unknown,73.0
12729,Ricardo Lemvo,19,Unknown,90.0
12730,Ricardo Malerba,18,Unknown,115.0
12731,Ricardo Montaner,0,Unknown,105.0
12732,Ricardo Monteiro,22,Unknown,9.0
12733,Ricardo Moreno,29,Unknown,53.0
12734,Ricardo Ray,29,Unknown,110.0
12735,Ricardo Silva,40,Unknown,91.0
12736,Ricardo Tanturi,23,Unknown,115.0
12737,Ricchi E Poveri,0,Unknown,45.0
12738,Richard Berry,33,Unknown,2.0
12739,Richard Cepeda,36,Unknown,110.0
12740,Richard Devine,10,Unknown,55.0
12741,Richard Durand,47,Unknown,58.0
12742,Richard Harvey,17,Unknown,93.0
12743,Richard Hawley,49,Unknown,93.0
12744,Richard M. Sherman,23,Unknown,9.0
12745,Richard Pryor,22,Unknown,27.0
12746,Richard Thompson,58,Unknown,93.0
12747,Richard Wagner,53,Unknown,21.0
12748,Richard Walters,54,Unknown,24.0
12749,Richi Ray,35,Unknown,2.0
12750,Richie Hawtin,27,Unknown,44.0
12751,Richie Ray,29,Unknown,110.0
12752,Richwhite,38,Unknown,66.0
12753,Rick & Nogueira,45,Unknown,112.0
12754,Rick & Renner,54,Unknown,112.0
12755,Rick Arena,34,Unknown,45.0
12756,Rick Astley,80,Unknown,45.0
12757,Rick Gallagher Project,61,Unknown,23.0
12758,Rick James,75,Unknown,45.0
12759,Ricky Hsiao,22,Unknown,108.0
12760,Ricky Martin,74,Unknown,105.0
12761,Ricky Montgomery,82,Unknown,11.0
12762,Ricky Nelson,63,Unknown,6.0
12763,Ricky Rich,76,Unknown,16.0
12764,Ricky Skaggs,40,Unknown,17.0
12765,Rico Dalasam,43,Unknown,3.0
12766,Rico Nasty,0,Unknown,25.0
12767,Ricochets,26,Unknown,79.0
12768,Riddim,37,Unknown,89.0
12769,Rie fu,49,Unknown,102.0
12770,Riff,41,Unknown,73.0
12771,Rigoberta Bandini,65,Unknown,113.0
12772,Rik Beatz,59,Unknown,98.0
12773,Rik Gaynor,22,Unknown,
12774,Riko,30,Unknown,72.0
12775,Riley Green,47,Unknown,18.0
12776,Rill,44,Unknown,97.0
12777,Rilès,63,Unknown,96.0
12778,Rings of Saturn,22,Unknown,65.0
12779,Rinosh George,44,Unknown,107.0
12780,Rin音,0,Unknown,102.0
12781,Rionegro & Solimões,47,Unknown,112.0
12782,Riot Ten,51,Unknown,47.0
12783,Riria.,55,Unknown,102.0
12784,Rise Against,75,Unknown,72.0
12785,Rise To Remain,25,Unknown,77.0
12786,Rishabh,62,Unknown,98.0
12787,Rishi Rich,55,Unknown,11.0
12788,Rita Coolidge,0,Unknown,6.0
12789,Rita Lee,49,Unknown,92.0
12790,Rita Ora,68,Unknown,49.0
12791,Ritchie Valens,69,Unknown,6.0
12792,Riton,82,Unknown,49.0
12793,Ritt Momney,77,Unknown,11.0
12794,Ritviz,68,Unknown,49.0
12795,Rival,60,Unknown,49.0
12796,Rival Consoles,50,Unknown,37.0
12797,Riverdales,27,Unknown,78.0
12798,Riverside Park,34,Unknown,34.0
12799,Rixton,79,Unknown,42.0
12800,Riya Das,25,Unknown,107.0
12801,Rizer,34,Unknown,72.0
12802,Rmb,28,Unknown,60.0
12803,Rnla,56,Unknown,40.0
12804,Rnwy Lites,59,Unknown,35.0
12805,Roan Shenoyy,38,Unknown,49.0
12806,Roar,80,Unknown,11.0
12807,Rob & Chris,32,Unknown,57.0
12808,Rob Cantor,32,Unknown,9.0
12809,Rob Fowler,24,Unknown,31.0
12810,Rob Gasser,49,Unknown,47.0
12811,Rob Gee,19,Unknown,10.0
12812,Rob Le Pitch,12,Unknown,38.0
12813,Rob McClure,23,Unknown,31.0
12814,Rob Rokicki,50,Unknown,31.0
12815,Rob Scallon,47,Unknown,17.0
12816,Rob Zombie,76,Unknown,63.0
12817,Robbie Rivera,0,Unknown,58.0
12818,Robbie Rule,20,Unknown,100.0
12819,Robbie Seed,39,Unknown,58.0
12820,Robbins Island Music Group,37,Unknown,35.0
12821,Robby Benson,53,Unknown,9.0
12822,Robert Babicz,0,Unknown,56.0
12823,Robert Broberg,40,Unknown,102.0
12824,Robert Earl Keen,40,Unknown,18.0
12825,Robert Haig Coxon,28,Unknown,22.0
12826,Robert Hood,39,Unknown,39.0
12827,Robert John Ardiff,39,Unknown,47.0
12828,Robert Lowe,48,Unknown,20.0
12829,Robert Miles,69,Unknown,61.0
12830,Robert Munsch,29,Unknown,26.0
12831,Robert Nickson,41,Unknown,43.0
12832,Robert Owens,34,Unknown,39.0
12833,Robert Palmer,68,Unknown,2.0
12834,Robert Preston,36,Unknown,31.0
12835,Robert Rozmus,29,Unknown,9.0
12836,Robert Schimmel,28,Unknown,27.0
12837,Robert Schumann,1,Unknown,21.0
12838,Robert Stolz,22,Unknown,29.0
12839,Roberta Campos,46,Unknown,19.0
12840,Roberta Flack,72,Unknown,45.0
12841,Roberta Miranda,45,Unknown,112.0
12842,Roberta Sá,43,Unknown,109.0
12843,Roberto Alagna,31,Unknown,29.0
12844,Roberto Blades,30,Unknown,110.0
12845,Roberto Cacciapaglia,49,Unknown,37.0
12846,Roberto Carlos,44,Unknown,109.0
12847,Roberto Diana,47,Unknown,24.0
12848,Roberto Firpo,19,Unknown,115.0
12849,Roberto Garcia,46,Unknown,9.0
12850,Roberto Goyeneche,38,Unknown,115.0
12851,Roberto Grela,16,Unknown,115.0
12852,Roberto Jordan,35,Unknown,82.0
12853,Roberto Lugo,30,Unknown,110.0
12854,Roberto Ribeiro,36,Unknown,111.0
12855,Roberto Roena Y Su Apollo Sound,28,Unknown,110.0
12856,Robin Hustin,64,Unknown,49.0
12857,Robin S,69,Unknown,45.0
12858,Robin Schulz,76,Unknown,42.0
12859,Robin Spielberg,50,Unknown,22.0
12860,Robin Thicke,76,Unknown,7.0
12861,Robin de Jesus,45,Unknown,31.0
12862,Robinho,44,Unknown,
12863,Roboflex,44,Unknown,34.0
12864,Robson Nascimento,28,Unknown,69.0
12865,Robyn,64,Unknown,114.0
12866,Robyn Hitchcock & The Egyptians,23,Unknown,78.0
12867,Robério e Seus Teclados,48,Unknown,95.0
12868,Rocco,66,Unknown,40.0
12869,Rochak Kohli,72,Unknown,16.0
12870,Rock 'n' Rainbow,45,Unknown,
12871,Rock Of Ages Cast,26,Unknown,31.0
12872,Rocket Rockers,41,Unknown,80.0
12873,Rockfolket,34,Unknown,82.0
12874,Rockin' Ryan & The Real Goners,24,Unknown,84.0
12875,Roctonic SA,27,Unknown,43.0
12876,Rod Stewart,2,Unknown,83.0
12877,Roderick Porter,58,Unknown,66.0
12878,Rodg,52,Unknown,61.0
12879,Rodney Carrington,26,Unknown,27.0
12880,Rodolfo Abrantes,45,Unknown,92.0
12881,Rodolfo Biagi,0,Unknown,115.0
12882,Rodolfo Biagi Y Su Orquesta Tipica,16,Unknown,115.0
12883,Rodox,40,Unknown,71.0
12884,Rodrigo Amarante,66,Unknown,109.0
12885,Rodrigo Azevedo,45,Unknown,92.0
12886,Rodrigo Deem,39,Unknown,61.0
12887,Rodrigo Miallaret,35,Unknown,9.0
12888,Rodrigo Mozart,32,Unknown,69.0
12889,Rodrigo Zin,41,Unknown,6.0
12890,Rodrigo y Gabriela,50,Unknown,24.0
12891,Rodriguez Jr.,51,Unknown,56.0
12892,Rodriguinho,56,Unknown,
12893,Roedelius,49,Unknown,37.0
12894,RoelBeat,42,Unknown,69.0
12895,Roffe Ruff,32,Unknown,67.0
12896,Roger & Gustavo,48,Unknown,112.0
12897,Roger Bart,65,Unknown,9.0
12898,Roger Eno,53,Unknown,37.0
12899,Roger Miller,0,Unknown,18.0
12900,Roger Sanchez,55,Unknown,45.0
12901,Roger Shah,45,Unknown,61.0
12902,Rogerio Flausino,18,Unknown,9.0
12903,Rogers,35,Unknown,80.0
12904,Rogue,46,Unknown,47.0
12905,Rogue Zero,26,Unknown,53.0
12906,Rogér Fakhr,52,Unknown,69.0
12907,Rogério Samora,22,Unknown,9.0
12908,Rohan Kamath,42,Unknown,98.0
12909,Rohit Gopalakrishnan,46,Unknown,107.0
12910,Rohit John Chettri,44,Unknown,11.0
12911,Rohit Matt,42,Unknown,107.0
12912,Rohit Shakya,48,Unknown,74.0
12913,Rojin Sharafi,4,Unknown,99.0
12914,Rokazer,37,Unknown,60.0
12915,Roland Clark,0,Unknown,52.0
12916,Rolando Carrasco Segovia,21,Unknown,20.0
12917,Rolando Laserie,30,Unknown,110.0
12918,Rolando Villazón,0,Unknown,29.0
12919,Rolandz,36,Unknown,114.0
12920,Rolf Wikström,35,Unknown,2.0
12921,Rolf Zuckowski,43,Unknown,26.0
12922,Rollergirl,58,Unknown,60.0
12923,Rollin Hand,38,Unknown,34.0
12924,Roman Messer,51,Unknown,61.0
12925,Roman Müller,57,Unknown,43.0
12926,Roman Tam,28,Unknown,94.0
12927,Romanthony,31,Unknown,39.0
12928,Romare,61,Unknown,51.0
12929,Romeo,34,Unknown,114.0
12930,Romeo Void,27,Unknown,59.0
12931,Rompasso,59,Unknown,49.0
12932,Romperayo,30,Unknown,90.0
12933,Romántica Milonguera,19,Unknown,115.0
12934,Roméo Elvis,36,Unknown,96.0
12935,Ron Flatter,43,Unknown,43.0
12936,Ron Gallo,59,Unknown,52.0
12937,Ron Pope,68,Unknown,24.0
12938,Ron Trent,38,Unknown,39.0
12939,Ron White,29,Unknown,27.0
12940,Ron with Leeds,18,Unknown,61.0
12941,Ronald Borjas,40,Unknown,88.0
12942,Ronald Cheng,50,Unknown,94.0
12943,Ronald El Killa,41,Unknown,106.0
12944,Ronaldo Bezerra,38,Unknown,28.0
12945,Ronaldo E Os Barcellos,42,Unknown,
12946,Ronaldo Viola e João Carvalho,48,Unknown,112.0
12947,Ronan Hardiman,46,Unknown,22.0
12948,Rone,48,Unknown,51.0
12949,Ronghao Li,61,Unknown,108.0
12950,Roni Size,45,Unknown,38.0
12951,Ronnie Bowman,25,Unknown,17.0
12952,Ronnie Hawkins,23,Unknown,84.0
12953,Ronnie Lovejoy,31,Unknown,2.0
12954,Ronnie Self,23,Unknown,84.0
12955,Ronnie Von,37,Unknown,102.0
12956,Ronny & Ragge,46,Unknown,114.0
12957,Rono,46,Unknown,98.0
12958,Ronzo,65,Unknown,40.0
12959,Roo Panes,62,Unknown,93.0
12960,Room 5,59,Unknown,45.0
12961,Rooney,50,Unknown,78.0
12962,Roop Kumar Rathod,71,Unknown,15.0
12963,Roosevelt,58,Unknown,45.0
12964,Rootkit,50,Unknown,47.0
12965,Roots Manuva,51,Unknown,62.0
12966,Roots Radics,28,Unknown,47.0
12967,Rory Block,26,Unknown,24.0
12968,Rory Gallagher,60,Unknown,2.0
12969,Rosa Anschütz,58,Unknown,60.0
12970,Rosa Neon,39,Unknown,109.0
12971,Rosa Tattooada,39,Unknown,71.0
12972,Rosa de Saron,48,Unknown,92.0
12973,Rosalie.,35,Unknown,51.0
12974,Rosana,41,Unknown,6.0
12975,Rosario,28,Unknown,113.0
12976,Rosario Dawson,59,Unknown,31.0
12977,Rose Funeral,23,Unknown,64.0
12978,Rose Laurens,32,Unknown,96.0
12979,Rose Liu,57,Unknown,108.0
12980,Rose Nascimento,48,Unknown,92.0
12981,Rose Royce,29,Unknown,45.0
12982,Rose's Pawn Shop,17,Unknown,4.0
12983,Roses & Frey,58,Unknown,24.0
12984,Rosetta Arroyo,64,Unknown,35.0
12985,Roshan Jamrock,47,Unknown,107.0
12986,Roshan Sebastian,68,Unknown,11.0
12987,Rosi Golan,43,Unknown,24.0
12988,Rosie Thomas,51,Unknown,24.0
12989,Ross Copperman,56,Unknown,24.0
12990,Ross from Friends,53,Unknown,43.0
12991,Rota,42,Unknown,116.0
12992,Rotersand,23,Unknown,
12993,Rotlaus,48,Unknown,18.0
12994,Rotten Mind,24,Unknown,52.0
12995,Rotten Sound,13,Unknown,68.0
12996,Rotterdam Termination Source,16,Unknown,10.0
12997,Rotterdam Terror Corps,29,Unknown,10.0
12998,Rotting Christ,46,Unknown,64.0
12999,Roupa Nova,50,Unknown,109.0
13000,Route 94,73,Unknown,43.0
13001,Rovalio,66,Unknown,50.0
13002,Rowek,24,Unknown,73.0
13003,Roxette,78,Unknown,114.0
13004,Roy Davis Jr.,52,Unknown,39.0
13005,Roy Orbison,73,Unknown,6.0
13006,Roy Scott,13,Unknown,
13007,Roy Woods,75,Unknown,7.0
13008,Royal & the Serpent,70,Unknown,25.0
13009,Royal Blood,67,Unknown,63.0
13010,Royal Club,39,Unknown,89.0
13011,Royal Concertgebouw Orchestra,0,Unknown,21.0
13012,Royal Deluxe,51,Unknown,2.0
13013,Royal Headache,28,Unknown,52.0
13014,Royal Republic,62,Unknown,52.0
13015,"Royce Da 5'9""",57,Unknown,72.0
13016,Rozalén,63,Unknown,113.0
13017,Roze Don,32,Unknown,86.0
13018,Rozei,58,Unknown,36.0
13019,Rrodney,57,Unknown,41.0
13020,Rub!k,46,Unknown,61.0
13021,Rubel,41,Unknown,109.0
13022,Ruben de Ronde,48,Unknown,58.0
13023,Ruby Fields,31,Unknown,52.0
13024,Rubén Blades,35,Unknown,110.0
13025,Rubén Juárez,38,Unknown,115.0
13026,Ruco Chan,19,Unknown,94.0
13027,Rude Convict,23,Unknown,53.0
13028,Rude-α,59,Unknown,102.0
13029,Rudimental,73,Unknown,49.0
13030,Rudra,59,Unknown,98.0
13031,Rudy Vallee and His Connecticut Yankees,28,Unknown,93.0
13032,Ruel,71,Unknown,25.0
13033,Ruelle,71,Unknown,50.0
13034,Ruffneck,24,Unknown,60.0
13035,Rufi-O,66,Unknown,40.0
13036,Rufus Wainwright,62,Unknown,23.0
13037,Ruggero Leoncavallo,23,Unknown,29.0
13038,Ruido Blanco Hart,27,Unknown,117.0
13039,Ruku Suna,38,Unknown,111.0
13040,Rumatera,36,Unknown,80.0
13041,Rumbavana,37,Unknown,110.0
13042,Rumer,0,Unknown,93.0
13043,Runa Laila,51,Unknown,19.0
13044,Runaway Boys,24,Unknown,84.0
13045,Rune RK,58,Unknown,51.0
13046,Runtown,58,Unknown,86.0
13047,Run–D.M.C.,70,Unknown,72.0
13048,Rupee,56,Unknown,86.0
13049,Rupert Gregson-Williams,53,Unknown,93.0
13050,Rush,73,Unknown,71.0
13051,Rusha & Blizza,59,Unknown,1.0
13052,Rusko,50,Unknown,47.0
13053,Russ Conway,14,Unknown,4.0
13054,Russell Dickerson,67,Unknown,18.0
13055,Russell Peters,30,Unknown,27.0
13056,Russell Watson,21,Unknown,29.0
13057,Russian Red,40,Unknown,113.0
13058,Rustage,53,Unknown,91.0
13059,Rusted Root,70,Unknown,102.0
13060,Rusty Evans,14,Unknown,4.0
13061,Ruth B.,90,Unknown,16.0
13062,Ruth Sahanaya,40,Unknown,102.0
13063,Ruvlo,40,Unknown,48.0
13064,Rvfv,79,Unknown,106.0
13065,Rvssian,80,Unknown,105.0
13066,Rxseboy,62,Unknown,36.0
13067,Ryan Belleville,20,Unknown,27.0
13068,Ryan Caraveo,65,Unknown,36.0
13069,Ryan Crosson,6,Unknown,44.0
13070,Ryan Dalton,23,Unknown,27.0
13071,Ryan Elliott,20,Unknown,44.0
13072,Ryan McCartan,67,Unknown,31.0
13073,Ryan Montbleau,35,Unknown,103.0
13074,Ryan Oakes,59,Unknown,36.0
13075,Ryan Paris,31,Unknown,45.0
13076,Ryan Sickler,22,Unknown,27.0
13077,Ryan Stewart,19,Unknown,22.0
13078,Ryan Stout,23,Unknown,27.0
13079,RyanDan,44,Unknown,29.0
13080,Rybičky 48,43,Unknown,80.0
13081,Rygin King,30,Unknown,86.0
13082,Ryllz,63,Unknown,49.0
13083,Ryn Weaver,61,Unknown,11.0
13084,Ryoko Hirosue,38,Unknown,102.0
13085,Ryokuoushoku Shakai,62,Unknown,102.0
13086,Ryoma Maeda,11,Unknown,55.0
13087,Ryos,55,Unknown,58.0
13088,Rytikal,21,Unknown,100.0
13089,Ryuichi Sakamoto,58,Unknown,37.0
13090,Ryuji Imaichi,30,Unknown,100.0
13091,Ryusei Nakao,24,Unknown,9.0
13092,Rzee,35,Unknown,107.0
13093,RÆVE,36,Unknown,43.0
13094,RØNIN,73,Unknown,36.0
13095,RÜFÜS DU SOL,0,Unknown,50.0
13096,Régis Danese,49,Unknown,92.0
13097,Róisín Murphy,0,Unknown,51.0
13098,Röyksopp,58,Unknown,51.0
13099,Rødhåd,17,Unknown,56.0
13100,RŮDE,71,Unknown,40.0
13101,S N U G,55,Unknown,40.0
13102,S. Sowmya,31,Unknown,21.0
13103,S.A. Finest,31,Unknown,86.0
13104,S.H.E,50,Unknown,108.0
13105,S.H.I.T.,25,Unknown,52.0
13106,S.P.Y,23,Unknown,46.0
13107,S.U.N. Project,30,Unknown,61.0
13108,S3RL,58,Unknown,10.0
13109,SABAI,63,Unknown,49.0
13110,SAF,37,Unknown,96.0
13111,SAINT PHNX,57,Unknown,2.0
13112,SAINt JHN,81,Unknown,54.0
13113,SAMBATA,56,Unknown,1.0
13114,SANITO,39,Unknown,97.0
13115,SANNA NORTH,29,Unknown,24.0
13116,SASUKE,24,Unknown,100.0
13117,SATCF,38,Unknown,66.0
13118,SATTHIA,39,Unknown,107.0
13119,SATV Music,52,Unknown,2.0
13120,SCANDAL,55,Unknown,91.0
13121,SCH,37,Unknown,96.0
13122,SCREEN mode,52,Unknown,91.0
13123,SDP,43,Unknown,97.0
13124,SE,20,Unknown,55.0
13125,SEAMO,48,Unknown,102.0
13126,SECRET NUMBER,66,Unknown,104.0
13127,SEKAI NO OWARI,75,Unknown,91.0
13128,SENSE,55,Unknown,49.0
13129,SEULGI,78,Unknown,104.0
13130,SEVENTEEN,80,Unknown,104.0
13131,SEX MACHINEGUNS,20,Unknown,73.0
13132,SG Lewis,67,Unknown,74.0
13133,SHAED,69,Unknown,50.0
13134,SHAUN,73,Unknown,104.0
13135,SHE'S,0,Unknown,103.0
13136,SHIKI THEATRE COMPANY,32,Unknown,9.0
13137,SHINJIRO ATAE (from AAA),21,Unknown,100.0
13138,SHISHAMO,55,Unknown,102.0
13139,SHRK,69,Unknown,40.0
13140,SHY FX,58,Unknown,46.0
13141,SIAM SHADE,34,Unknown,103.0
13142,SID,60,Unknown,91.0
13143,SIERRA,48,Unknown,41.0
13144,SIKEM,26,Unknown,86.0
13145,SILENT SIREN,20,Unknown,101.0
13146,SIX,64,Unknown,31.0
13147,SIX LOUNGE,32,Unknown,103.0
13148,SJUR,53,Unknown,43.0
13149,SKE48,26,Unknown,101.0
13150,SKY WU,56,Unknown,108.0
13151,SKY-HI,60,Unknown,40.0
13152,SKYND,49,Unknown,
13153,SKÁLD,1,Unknown,19.0
13154,SLANDER,67,Unknown,42.0
13155,SLKBTS,43,Unknown,34.0
13156,SMASH Cast,26,Unknown,31.0
13157,SMD,22,Unknown,53.0
13158,SNAP!,27,Unknown,97.0
13159,SNFU,34,Unknown,72.0
13160,SNJ,49,Unknown,92.0
13161,SOEL,33,Unknown,60.0
13162,SONNY NITEZ,52,Unknown,36.0
13163,SOPHIE,53,Unknown,41.0
13164,SOYOU,61,Unknown,104.0
13165,SPEECHLESS,58,Unknown,40.0
13166,SPICY CHOCOLATE,36,Unknown,102.0
13167,SPINALL,65,Unknown,86.0
13168,SPITZ,37,Unknown,102.0
13169,SPYAIR,57,Unknown,91.0
13170,SRB,23,Unknown,10.0
13171,ST-Saint,20,Unknown,90.0
13172,STANOVSKY,38,Unknown,97.0
13173,STARSET,73,Unknown,83.0
13174,STAYC,74,Unknown,104.0
13175,STEELHEART,55,Unknown,71.0
13176,STEREO DIVE FOUNDATION,50,Unknown,91.0
13177,STRANGE REITARO,32,Unknown,103.0
13178,STRNGR,41,Unknown,41.0
13179,STU48,25,Unknown,101.0
13180,STUCA,47,Unknown,47.0
13181,STUK,33,Unknown,53.0
13182,SUNMI,71,Unknown,104.0
13183,SUPER BEAVER,60,Unknown,91.0
13184,SUPERIOTS,43,Unknown,81.0
13185,SUPER☆GiRLS,27,Unknown,101.0
13186,SURAN,55,Unknown,104.0
13187,SVDDEN DEATH,54,Unknown,47.0
13188,SVMP,56,Unknown,40.0
13189,SWANKY DANK,34,Unknown,72.0
13190,SWARM,47,Unknown,41.0
13191,SWAY,23,Unknown,100.0
13192,SYN,50,Unknown,47.0
13193,Saaj Bhatt,65,Unknown,16.0
13194,Saba Alizadeh,11,Unknown,99.0
13195,Sabaton,69,Unknown,76.0
13196,Sabbat,20,Unknown,64.0
13197,Sabbotage,32,Unknown,45.0
13198,Sabhankra,17,Unknown,64.0
13199,Sabino,53,Unknown,74.0
13200,Sabke Morde,0,Unknown,99.0
13201,Sabo Tan,31,Unknown,34.0
13202,Sabotage,49,Unknown,92.0
13203,Sabri Brothers,38,Unknown,19.0
13204,Sabrina Carpenter,73,Unknown,42.0
13205,Sabrina Lopes,39,Unknown,109.0
13206,Sabrina Weckerlin,23,Unknown,31.0
13207,Sachet Tandon,71,Unknown,16.0
13208,Sachet-Parampara,78,Unknown,16.0
13209,Sachin Warrier,60,Unknown,107.0
13210,Sachin-Jigar,73,Unknown,1.0
13211,Sachsenberg,17,Unknown,56.0
13212,Saco,65,Unknown,96.0
13213,Sacred Spirit,53,Unknown,22.0
13214,Sad Park,26,Unknown,52.0
13215,Sad Saturno,36,Unknown,66.0
13216,SadBois,33,Unknown,47.0
13217,SadBoyProlific,74,Unknown,36.0
13218,SadGirl,51,Unknown,52.0
13219,Sade,70,Unknown,93.0
13220,Sadhu Kochu Kunju Upadesi,32,Unknown,107.0
13221,Sadness,41,Unknown,64.0
13222,Saeed Dehghan,16,Unknown,99.0
13223,Saez,34,Unknown,96.0
13224,SafetySuit,52,Unknown,24.0
13225,Sagaz,43,Unknown,92.0
13226,Sagopa Kajmer,42,Unknown,116.0
13227,Sahalé,41,Unknown,51.0
13228,Sahara Hotnights,23,Unknown,78.0
13229,Sahil Arun,57,Unknown,98.0
13230,Sahir Ali Bagga,59,Unknown,15.0
13231,Saian,48,Unknown,116.0
13232,Saib,60,Unknown,40.0
13233,Saicharan,17,Unknown,74.0
13234,Said The Sky,58,Unknown,47.0
13235,Saigon,40,Unknown,72.0
13236,Saigon Kick,54,Unknown,71.0
13237,Sail & Weep,50,Unknown,34.0
13238,Sailors Of The 7 Seas,62,Unknown,35.0
13239,Sain,43,Unknown,92.0
13240,Saindhavi,68,Unknown,15.0
13241,Saint Abdullah,6,Unknown,99.0
13242,Saint Chaos,60,Unknown,63.0
13243,Saint Etienne,39,Unknown,51.0
13244,Saint Motel,70,Unknown,63.0
13245,Saint Punk,58,Unknown,41.0
13246,Sainte,71,Unknown,40.0
13247,Sainte Vie,53,Unknown,51.0
13248,Saison,4,Unknown,43.0
13249,Sajanka,53,Unknown,61.0
13250,Sajeer Koppam,51,Unknown,107.0
13251,Sajid-Wajid,58,Unknown,15.0
13252,Sajjan Raj Vaidya,54,Unknown,11.0
13253,Sak Noel,61,Unknown,50.0
13254,Sako Isoyan,48,Unknown,69.0
13255,Sakura Fujiwara,29,Unknown,24.0
13256,Sakurako Ohara,24,Unknown,101.0
13257,Sakurakou K-ON Bu,50,Unknown,91.0
13258,Sal Houdini,45,Unknown,7.0
13259,Salebarbes,45,Unknown,18.0
13260,Saleem,24,Unknown,107.0
13261,Salgadinho,43,Unknown,
13262,Salif Keita,9,Unknown,2.0
13263,Salim–Sulaiman,71,Unknown,19.0
13264,Sally Yeh,45,Unknown,94.0
13265,Salman Elahi,57,Unknown,98.0
13266,Salman Khan,59,Unknown,15.0
13267,Salon Victoria,43,Unknown,89.0
13268,Salsa Kids,28,Unknown,110.0
13269,Salsangroove,35,Unknown,110.0
13270,Salserin,30,Unknown,110.0
13271,Salty Snacks,38,Unknown,24.0
13272,Salva Ortega,30,Unknown,113.0
13273,Salvador Andrades,22,Unknown,117.0
13274,Salvador Da Rima,47,Unknown,3.0
13275,Salvatore Scire,31,Unknown,9.0
13276,Salzband,41,Unknown,28.0
13277,Sam & Dave,0,Unknown,3.0
13278,Sam Brown,39,Unknown,93.0
13279,Sam Bush,20,Unknown,17.0
13280,Sam C.S.,67,Unknown,16.0
13281,Sam Feldt,74,Unknown,49.0
13282,Sam Fender,2,Unknown,74.0
13283,Sam Hui,23,Unknown,94.0
13284,Sam Hunt,72,Unknown,18.0
13285,Sam Kim,71,Unknown,104.0
13286,Sam Laxton,18,Unknown,61.0
13287,Sam Lee,56,Unknown,108.0
13288,Sam MacPherson,60,Unknown,32.0
13289,Sam Paganini,60,Unknown,43.0
13290,Sam Palladio,40,Unknown,93.0
13291,Sam Smith,100,Unknown,42.0
13292,Sam Tinnesz,76,Unknown,63.0
13293,Sam Wills,68,Unknown,40.0
13294,Samael,25,Unknown,64.0
13295,Samahita Narang,37,Unknown,19.0
13296,Samantha Barks,52,Unknown,31.0
13297,Samantha J,38,Unknown,86.0
13298,Samantha Lam,41,Unknown,94.0
13299,Samar Mehdi,44,Unknown,98.0
13300,Samarinen,44,Unknown,34.0
13301,Samba De Dom,56,Unknown,
13302,Samba De Raiz,42,Unknown,
13303,Samba Pra Gente,40,Unknown,111.0
13304,Samba da Vela,38,Unknown,111.0
13305,Sambabook,18,Unknown,90.0
13306,Sambomaster,59,Unknown,102.0
13307,Sambô,48,Unknown,111.0
13308,Sami Aarva,19,Unknown,9.0
13309,Sami Arva,25,Unknown,9.0
13310,Sami Muni,60,Unknown,35.0
13311,Samiam,43,Unknown,66.0
13312,Samir,18,Unknown,69.0
13313,Samm Henshaw,60,Unknown,93.0
13314,Sammi Cheng,50,Unknown,94.0
13315,Sammy Davis Jr.,0,Unknown,5.0
13316,Samo104,40,Unknown,97.0
13317,Sampa Crew,43,Unknown,3.0
13318,Samprazer,45,Unknown,
13319,Samuca e a Selva,36,Unknown,90.0
13320,Samuel E. Wright,69,Unknown,9.0
13321,Samuel Félix,50,Unknown,23.0
13322,Samuel Kim,61,Unknown,91.0
13323,Samuel Mariano,43,Unknown,92.0
13324,Samuel Messias,51,Unknown,92.0
13325,Samuel Mizrahy,35,Unknown,69.0
13326,Samuel Organ,39,Unknown,41.0
13327,Samuel Shipway,28,Unknown,9.0
13328,Samuraï,58,Unknown,113.0
13329,San Holo,61,Unknown,51.0
13330,San Jaimt,38,Unknown,107.0
13331,SanGan,39,Unknown,11.0
13332,Sanah Moidutty,55,Unknown,98.0
13333,Sanam,72,Unknown,16.0
13334,Sanam Marvi,34,Unknown,19.0
13335,Sanchez,29,Unknown,86.0
13336,Sanchezz DJ,50,Unknown,3.0
13337,Sanctus Real,66,Unknown,63.0
13338,Sandee Chan,40,Unknown,108.0
13339,Sander W.,54,Unknown,43.0
13340,Sander van Doorn,49,Unknown,58.0
13341,Sandesh Shandilya,60,Unknown,15.0
13342,Sandie Shaw,0,Unknown,93.0
13343,Sandra,64,Unknown,45.0
13344,Sandra De Sá,46,Unknown,92.0
13345,Sandra Luna,27,Unknown,115.0
13346,Sandro Cavazza,67,Unknown,54.0
13347,Sandro Silva,56,Unknown,58.0
13348,Sandy,47,Unknown,109.0
13349,Sandy Lam,57,Unknown,94.0
13350,Sandy Marton,59,Unknown,45.0
13351,Sandy Posey,52,Unknown,82.0
13352,Sangeeth,45,Unknown,107.0
13353,Sangeetha Katti,34,Unknown,21.0
13354,Sangeetha Rajeev,47,Unknown,104.0
13355,Sangue de Bode,18,Unknown,64.0
13356,Sanish Nair,49,Unknown,98.0
13357,Sanja Göransson,66,Unknown,35.0
13358,Sanjay S Yadav,59,Unknown,98.0
13359,Sanjay Subrahmanyan,32,Unknown,21.0
13360,Sanjeeta Bhattacharya,35,Unknown,32.0
13361,Sanjeev Abhyankar,32,Unknown,21.0
13362,Sanjeev T,38,Unknown,19.0
13363,Sanjin,42,Unknown,86.0
13364,Sanna Aalto,58,Unknown,23.0
13365,Sanna Nielsen,52,Unknown,114.0
13366,Sannex,38,Unknown,89.0
13367,Sansar Salvo,44,Unknown,116.0
13368,Sant,50,Unknown,92.0
13369,Santa Esmeralda,59,Unknown,45.0
13370,Santabarbara,32,Unknown,113.0
13371,Santana,69,Unknown,2.0
13372,"Santanna ""O Cantador""",44,Unknown,95.0
13373,Santanu Sahu,30,Unknown,111.0
13374,Santesh,39,Unknown,107.0
13375,Santhosh Dhayanidhi,65,Unknown,16.0
13376,Santhosh Narayanan,79,Unknown,15.0
13377,Santiago Ceron,27,Unknown,110.0
13378,Santino Fontana,31,Unknown,31.0
13379,Santo,38,Unknown,114.0
13380,Saor,17,Unknown,64.0
13381,Saosin,60,Unknown,72.0
13382,Sara Bareilles,73,Unknown,24.0
13383,Sara Costa,58,Unknown,96.0
13384,Sara Farell,52,Unknown,24.0
13385,Sara Kays,76,Unknown,11.0
13386,Sara Ramirez,56,Unknown,31.0
13387,Sara Skinner,63,Unknown,49.0
13388,Sara Watkins,55,Unknown,17.0
13389,Sarah Beatriz,47,Unknown,92.0
13390,Sarah Brightman,39,Unknown,29.0
13391,Sarah Charles Lewis,31,Unknown,31.0
13392,Sarah Connor,0,Unknown,97.0
13393,Sarah Cothran,76,Unknown,32.0
13394,Sarah Farias,49,Unknown,92.0
13395,Sarah Gayle Meech,16,Unknown,4.0
13396,Sarah Jane Morris,0,Unknown,93.0
13397,Sarah Jarosz,61,Unknown,17.0
13398,Sarah Kang,62,Unknown,40.0
13399,Sarah Klang,39,Unknown,114.0
13400,Sarah Meow,64,Unknown,40.0
13401,Sarah Oliveira,37,Unknown,69.0
13402,Sarah Spring,56,Unknown,23.0
13403,Sarah Téibo,26,Unknown,90.0
13404,Sarah Vaughan,0,Unknown,5.0
13405,Sarah Watson,36,Unknown,21.0
13406,"Sarah, the Illstrumentalist",48,Unknown,34.0
13407,Sarantis,26,Unknown,47.0
13408,Sarastus,21,Unknown,64.0
13409,Saratoga,27,Unknown,113.0
13410,Sarcastic Sounds,63,Unknown,40.0
13411,Sarcófago,31,Unknown,64.0
13412,Sardool Sikander,35,Unknown,19.0
13413,Sargeist,17,Unknown,64.0
13414,Sarkodie,52,Unknown,86.0
13415,SarrSew,5,Unknown,99.0
13416,Sarz,47,Unknown,86.0
13417,Sascha Braemer,22,Unknown,56.0
13418,Sascha Funke,45,Unknown,56.0
13419,Sash!,67,Unknown,60.0
13420,Sasha Alex Sloan,80,Unknown,50.0
13421,Sasha Carassi,30,Unknown,56.0
13422,Sasi The Don,29,Unknown,107.0
13423,Sasso,34,Unknown,96.0
13424,Satanicpornocultshop,46,Unknown,55.0
13425,Sathyaprakash,73,Unknown,15.0
13426,Satin Jackets,57,Unknown,45.0
13427,Satinder Sartaaj,64,Unknown,1.0
13428,Satoshi Imano,30,Unknown,60.0
13429,Satoshi Takebe,54,Unknown,91.0
13430,Sattas,40,Unknown,116.0
13431,Saturnus,39,Unknown,67.0
13432,Satwant Kaur,35,Unknown,19.0
13433,Satyricon,52,Unknown,64.0
13434,Satélite Kingston,35,Unknown,89.0
13435,Saucy Dog,52,Unknown,103.0
13436,Saul El Jaguar Alarcón,43,Unknown,6.0
13437,Saul Williams,24,Unknown,
13438,Saulo Duarte e a Unidade,41,Unknown,109.0
13439,Saurom,28,Unknown,113.0
13440,Savage,41,Unknown,45.0
13441,Savage Bops,47,Unknown,34.0
13442,Savage Hands,55,Unknown,77.0
13443,Savannah De Lucia,59,Unknown,35.0
13444,Savasana,65,Unknown,35.0
13445,Saves The Day,31,Unknown,72.0
13446,Saving Abel,70,Unknown,70.0
13447,Savoy,45,Unknown,48.0
13448,Savoy Brown,50,Unknown,79.0
13449,SawanoHiroyuki[nZk],61,Unknown,91.0
13450,Sawyer Brown,40,Unknown,18.0
13451,Saxity,28,Unknown,43.0
13452,Say Ocean,37,Unknown,80.0
13453,Say Yes Dog,49,Unknown,59.0
13454,Sayaka Yamamoto,26,Unknown,101.0
13455,Sayama,27,Unknown,22.0
13456,Sayanora Philip,30,Unknown,107.0
13457,Sayanth S,53,Unknown,107.0
13458,Sayedar,40,Unknown,116.0
13459,Sayian Jimmy,42,Unknown,106.0
13460,Saylee Talwalkar,38,Unknown,19.0
13461,Sayulita,66,Unknown,35.0
13462,Sayuri,67,Unknown,91.0
13463,Scabtik,0,Unknown,53.0
13464,Scan 7,20,Unknown,44.0
13465,Scar Symmetry,23,Unknown,65.0
13466,Scarface,58,Unknown,72.0
13467,Scarlet Flair,30,Unknown,57.0
13468,Scarra,23,Unknown,53.0
13469,Scary Bitches,23,Unknown,67.0
13470,Scary Kids Scaring Kids,28,Unknown,77.0
13471,Scasca,35,Unknown,34.0
13472,Schiller,48,Unknown,60.0
13473,Schmutzki,40,Unknown,80.0
13474,Schokkverliebt,30,Unknown,57.0
13475,Schwesta Ewa,41,Unknown,97.0
13476,Schytts,36,Unknown,114.0
13477,Schyzo,44,Unknown,66.0
13478,Schäfer Heinrich,30,Unknown,45.0
13479,Schürze,31,Unknown,57.0
13480,Sci-Clone,16,Unknown,46.0
13481,ScimmiaSka,32,Unknown,89.0
13482,Scintillante,60,Unknown,35.0
13483,Scooter,62,Unknown,51.0
13484,Scope DJ,20,Unknown,53.0
13485,Scorpio,19,Unknown,46.0
13486,Scorpions,79,Unknown,97.0
13487,Scorz,55,Unknown,58.0
13488,Scotch,30,Unknown,45.0
13489,Scott Bradlee's Postmodern Jukebox,59,Unknown,5.0
13490,Scott Brown,19,Unknown,10.0
13491,Scott Cossu,20,Unknown,22.0
13492,Scott H. Biram,31,Unknown,52.0
13493,Scott Hamilton,1,Unknown,5.0
13494,Scott Nygaard,22,Unknown,17.0
13495,Scott Rill,56,Unknown,54.0
13496,Scotty McCreery,0,Unknown,18.0
13497,Scowl,28,Unknown,72.0
13498,Scracho,47,Unknown,92.0
13499,Screamer,19,Unknown,73.0
13500,Screaming Trees,25,Unknown,70.0
13501,Screeching Weasel,32,Unknown,72.0
13502,Scum of the Earth,22,Unknown,
13503,Sea Smile,31,Unknown,72.0
13504,Sea of Lettuce,56,Unknown,52.0
13505,Sea of Waves,66,Unknown,35.0
13506,Seaforth,59,Unknown,18.0
13507,Seafret,90,Unknown,19.0
13508,Seal,74,Unknown,93.0
13509,Sean Banan,36,Unknown,114.0
13510,Sean Deason,5,Unknown,44.0
13511,Sean Finn,44,Unknown,97.0
13512,Sean Harkness,23,Unknown,22.0
13513,Sean Kingston,75,Unknown,42.0
13514,Sean Lock,21,Unknown,27.0
13515,Sean Paul,83,Unknown,42.0
13516,Sean Roldan,66,Unknown,15.0
13517,Sean Tizzle,55,Unknown,86.0
13518,Seaweed,25,Unknown,70.0
13519,Sebastian Bach,50,Unknown,71.0
13520,Sebastian Ingrosso,67,Unknown,54.0
13521,Sebastian Kamae,58,Unknown,40.0
13522,Sebastian Maniscalco,26,Unknown,27.0
13523,Sebastian Mullaert,17,Unknown,56.0
13524,Sebastian Plano,0,Unknown,37.0
13525,Sebastian Stakset,38,Unknown,114.0
13526,Sebastian Yatra,81,Unknown,87.0
13527,Sebastien,55,Unknown,43.0
13528,Sebastián Escofet,47,Unknown,37.0
13529,Sebjak,52,Unknown,58.0
13530,Sebo K,21,Unknown,56.0
13531,Sebua Tawa Dan Cerita,29,Unknown,72.0
13532,Sech,76,Unknown,106.0
13533,Secondcity,52,Unknown,43.0
13534,Secondhand Serenade,64,Unknown,23.0
13535,Secos & Molhados,42,Unknown,109.0
13536,Secret Agent 23 Skidoo,27,Unknown,
13537,Secret Frequency Crew,10,Unknown,55.0
13538,Secret Garden,58,Unknown,22.0
13539,Section 1,22,Unknown,53.0
13540,See Siang Wong,48,Unknown,23.0
13541,See You Next Tuesday,24,Unknown,65.0
13542,Seeb,0,Unknown,49.0
13543,Seedhe Maut,56,Unknown,1.0
13544,Seefeel,27,Unknown,55.0
13545,Seekae,70,Unknown,37.0
13546,Seether,75,Unknown,63.0
13547,Seething Fuck Patties,24,Unknown,27.0
13548,Sefa,54,Unknown,96.0
13549,Sega Bodega,49,Unknown,41.0
13550,Seguridad Social,61,Unknown,113.0
13551,Sehabe,43,Unknown,116.0
13552,Seikima-II,27,Unknown,73.0
13553,Seiko Matsuda,41,Unknown,101.0
13554,Seiko Oomori,56,Unknown,101.0
13555,Seinabo Sey,65,Unknown,7.0
13556,Seizo,55,Unknown,43.0
13557,Seksendört,39,Unknown,116.0
13558,Sekta Core,41,Unknown,89.0
13559,Sektor Gaza,51,Unknown,80.0
13560,Selda Bağcan,36,Unknown,79.0
13561,Selena,1,Unknown,105.0
13562,Selena Gomez,80,Unknown,42.0
13563,Selena Gomez & The Scene,81,Unknown,42.0
13564,Sella Vie,41,Unknown,34.0
13565,Selma India,58,Unknown,23.0
13566,Selmon,47,Unknown,97.0
13567,Sem Compromisso,44,Unknown,
13568,Sem Reznha,51,Unknown,
13569,Semblant,28,Unknown,67.0
13570,Semisonic,0,Unknown,63.0
13571,Sempre Livre,44,Unknown,6.0
13572,Sena Şener,39,Unknown,102.0
13573,Senri Oe,43,Unknown,102.0
13574,Sensação,40,Unknown,111.0
13575,Sensey,39,Unknown,66.0
13576,Sensimilla Dub,33,Unknown,47.0
13577,Sentenced,45,Unknown,65.0
13578,Seon,68,Unknown,40.0
13579,Seori,61,Unknown,104.0
13580,Sephyx,21,Unknown,53.0
13581,September,66,Unknown,114.0
13582,Septeto Acarey,29,Unknown,110.0
13583,Septicflesh,47,Unknown,65.0
13584,Sepultura,62,Unknown,63.0
13585,Sera Savaş,43,Unknown,32.0
13586,Serani,64,Unknown,86.0
13587,Serap Mutlu Akbulut,39,Unknown,116.0
13588,Serena Assumpção,39,Unknown,109.0
13589,Serena Mendes,26,Unknown,20.0
13590,Serena Rossi,28,Unknown,9.0
13591,Serene & Pax,63,Unknown,35.0
13592,Serge Legran,42,Unknown,69.0
13593,Serge Reggiani,36,Unknown,96.0
13594,Sergei Lemeshev,6,Unknown,30.0
13595,Sergei Prokofiev,0,Unknown,21.0
13596,Sergei Rachmaninoff,0,Unknown,21.0
13597,Sergent Garcia,33,Unknown,96.0
13598,Sergey Nikitin,11,Unknown,30.0
13599,Sergio & Odair Assad,24,Unknown,20.0
13600,Sergio Dalma,31,Unknown,113.0
13601,Sergio Esquivel,35,Unknown,82.0
13602,Sergio Galleguillo Y Los Amigos,44,Unknown,19.0
13603,"Sergio Vega ""El Shaka""",48,Unknown,6.0
13604,Serhat Durmus,67,Unknown,116.0
13605,Serial Killaz,21,Unknown,46.0
13606,Seringai,42,Unknown,72.0
13607,Serkan Kaya,33,Unknown,31.0
13608,Sero,37,Unknown,97.0
13609,Serpentor,25,Unknown,73.0
13610,Serph,41,Unknown,55.0
13611,Serrini,53,Unknown,94.0
13612,Sertab Erener,48,Unknown,102.0
13613,Serum,56,Unknown,46.0
13614,Servando & Florentino,31,Unknown,110.0
13615,Serzo,20,Unknown,53.0
13616,Serú Girán,46,Unknown,63.0
13617,Sesto Sento,38,Unknown,61.0
13618,Set It Off,68,Unknown,50.0
13619,Seth,18,Unknown,64.0
13620,Seth Lakeman,27,Unknown,93.0
13621,Seth Troxler,33,Unknown,44.0
13622,Seth XVI,55,Unknown,96.0
13623,Seu Jorge,53,Unknown,109.0
13624,Seu Pereira e Coletivo 401,43,Unknown,109.0
13625,Seven Kayne,44,Unknown,106.0
13626,Seven Lions,60,Unknown,47.0
13627,SevenDoors,45,Unknown,60.0
13628,Sevendust,32,Unknown,
13629,Sevi Rin,40,Unknown,97.0
13630,Sevyn Streeter,69,Unknown,25.0
13631,Sex Pistols,63,Unknown,80.0
13632,Sex Prisoner,24,Unknown,68.0
13633,Sexion d'Assaut,34,Unknown,96.0
13634,Sexteto Cristal,20,Unknown,115.0
13635,Sexteto Juventud,28,Unknown,110.0
13636,Sexteto Mayor,23,Unknown,115.0
13637,Sexteto Milonguero,24,Unknown,115.0
13638,Seyi Shay,4,Unknown,86.0
13639,Seyyal Taner,43,Unknown,116.0
13640,Sezairi,73,Unknown,32.0
13641,Sezen Aksu,43,Unknown,116.0
13642,Sezja,58,Unknown,35.0
13643,Señor Kino,36,Unknown,80.0
13644,Señor Trepador,54,Unknown,113.0
13645,Sgt. Papers,28,Unknown,79.0
13646,Sha Bro,18,Unknown,107.0
13647,ShaSings,71,Unknown,16.0
13648,Shaan,62,Unknown,15.0
13649,Shaarib Toshi,71,Unknown,15.0
13650,Shabareesh Varma,22,Unknown,107.0
13651,Shabba Ranks,27,Unknown,86.0
13652,Shachina Heggar,46,Unknown,104.0
13653,Shackled,30,Unknown,72.0
13654,Shaddy Danny,30,Unknown,107.0
13655,Shade Empire,18,Unknown,64.0
13656,Shade k,15,Unknown,38.0
13657,Shadowfax,23,Unknown,22.0
13658,Shady Moon,71,Unknown,40.0
13659,Shadya Lan,54,Unknown,108.0
13660,Shae OT,62,Unknown,36.0
13661,Shafqat Amanat Ali,69,Unknown,15.0
13662,Shaggy,79,Unknown,87.0
13663,Shaila Dúrcal,31,Unknown,113.0
13664,Shaka,38,Unknown,51.0
13665,Shaka Ponk,37,Unknown,96.0
13666,Shaker,62,Unknown,7.0
13667,Shakin' Stevens,63,Unknown,82.0
13668,Shakira,90,Unknown,42.0
13669,Shakti Sivamani,42,Unknown,74.0
13670,Shallou,62,Unknown,7.0
13671,Shaman's Harvest,52,Unknown,70.0
13672,Shamanes Crew,46,Unknown,86.0
13673,Shamoon Ismail,51,Unknown,98.0
13674,Shamrain,51,Unknown,67.0
13675,Shane & Shane,53,Unknown,117.0
13676,Shane Mauss,24,Unknown,27.0
13677,Shane O,51,Unknown,86.0
13678,Shaneil Muir,28,Unknown,86.0
13679,Shania Twain,78,Unknown,18.0
13680,Shankar,59,Unknown,21.0
13681,Shankar Mahadevan,67,Unknown,15.0
13682,Shankar-Ehsaan-Loy,68,Unknown,15.0
13683,Shannon & Keast,45,Unknown,24.0
13684,Shannon & The Clams,32,Unknown,52.0
13685,Shantanu Avinashi,46,Unknown,98.0
13686,Shanti People,50,Unknown,50.0
13687,Shapeshifter,27,Unknown,46.0
13688,ShaqStar,27,Unknown,86.0
13689,Sharaktah,39,Unknown,97.0
13690,Sharam Q,37,Unknown,102.0
13691,Sharapov,1,Unknown,69.0
13692,Sharaya J,34,Unknown,41.0
13693,Sharif,36,Unknown,113.0
13694,Sharkbite,31,Unknown,72.0
13695,Sharon Kwan,22,Unknown,108.0
13696,Sharon Van Etten,60,Unknown,103.0
13697,Sharyn,18,Unknown,90.0
13698,Shashk Tiwari,44,Unknown,98.0
13699,Shashwat Singh,7,Unknown,98.0
13700,Shastro,42,Unknown,22.0
13701,Shatta Wale,47,Unknown,86.0
13702,Shaun Escoffery,29,Unknown,93.0
13703,Shaver,25,Unknown,4.0
13704,Shavi,44,Unknown,43.0
13705,Shawn Mendes,86,Unknown,42.0
13706,Shawn Yue,18,Unknown,94.0
13707,She Past Away,38,Unknown,67.0
13708,She/Her/hers,25,Unknown,24.0
13709,Sheba Potts-Wright,39,Unknown,2.0
13710,Sheezay,29,Unknown,107.0
13711,Sheff G,73,Unknown,6.0
13712,Sheila E.,35,Unknown,45.0
13713,Shekhar Ravjiani,60,Unknown,15.0
13714,Sheku Kanneh-Mason,0,Unknown,21.0
13715,Shemdon,24,Unknown,100.0
13716,Shemhamforash,47,Unknown,64.0
13717,Shenseea,62,Unknown,86.0
13718,Sheppard,70,Unknown,19.0
13719,Sherie Rene Scott,29,Unknown,31.0
13720,Sheriff Callie,28,Unknown,9.0
13721,Sheryl Crow,68,Unknown,32.0
13722,Shi Shi,49,Unknown,108.0
13723,Shiba San,52,Unknown,43.0
13724,Shibb,61,Unknown,35.0
13725,Shierro,65,Unknown,5.0
13726,Shift K3Y,66,Unknown,43.0
13727,Shiga Lin,54,Unknown,94.0
13728,Shikao Suga,27,Unknown,24.0
13729,Shiki-TMNS,61,Unknown,91.0
13730,Shiloh Dynasty,74,Unknown,40.0
13731,Shimon,25,Unknown,46.0
13732,Shin Fujishima,31,Unknown,9.0
13733,ShinE,30,Unknown,34.0
13734,Shine,46,Unknown,94.0
13735,Shinedown,69,Unknown,25.0
13736,Shinsei Kamattechan,66,Unknown,63.0
13737,Shinya Miura,38,Unknown,9.0
13738,Shiritsu Ebisu Chugaku,32,Unknown,101.0
13739,Shirley Carvalhaes,44,Unknown,92.0
13740,Shirley Clamp,37,Unknown,114.0
13741,Shirley Kwan,47,Unknown,94.0
13742,Shiro Sagisu,52,Unknown,91.0
13743,Shit Present,39,Unknown,81.0
13744,ShitKid,26,Unknown,67.0
13745,Shiv-R,21,Unknown,
13746,Shivansh Jindal,36,Unknown,32.0
13747,Shivered,1,Unknown,99.0
13748,Shivkumar Sharma,30,Unknown,21.0
13749,Shizuka Kudo,34,Unknown,101.0
13750,Shlømo,47,Unknown,56.0
13751,Shobha Gurtu,29,Unknown,21.0
13752,ShockOne,52,Unknown,46.0
13753,Shocking Blue,64,Unknown,79.0
13754,Shockline,45,Unknown,47.0
13755,Shockwave,21,Unknown,53.0
13756,Shoffy,59,Unknown,40.0
13757,Shogo Hamada,35,Unknown,103.0
13758,Shogun,57,Unknown,58.0
13759,Shoko Nakagawa,56,Unknown,91.0
13760,Shola Ama,26,Unknown,52.0
13761,Shonan No Kaze,50,Unknown,102.0
13762,Shoshana Bean,27,Unknown,31.0
13763,Shota Shimizu,36,Unknown,102.0
13764,Shouse,81,Unknown,54.0
13765,Shout Praises Kids,47,Unknown,26.0
13766,Show Dem Camp,54,Unknown,86.0
13767,Show Of Hands,29,Unknown,93.0
13768,Showtek,56,Unknown,53.0
13769,Shozzy,36,Unknown,36.0
13770,Shpongle,44,Unknown,61.0
13771,Shredder 1984,44,Unknown,41.0
13772,Shrey Singhal,66,Unknown,16.0
13773,Shreya Ghoshal,71,Unknown,15.0
13774,Shreya Jayadeep,25,Unknown,107.0
13775,Shrimp,64,Unknown,66.0
13776,Shuba Music,40,Unknown,48.0
13777,Shubh,83,Unknown,1.0
13778,Shubham Kabra,41,Unknown,32.0
13779,Shuta Sueyoshi,48,Unknown,100.0
13780,ShuuKaRen,24,Unknown,100.0
13781,Si Cranstoun,26,Unknown,84.0
13782,SiM,73,Unknown,103.0
13783,Sia,82,Unknown,42.0
13784,Sian,41,Unknown,60.0
13785,Siavash Amini,9,Unknown,99.0
13786,Sibel Can,40,Unknown,116.0
13787,Sick Individuals,55,Unknown,58.0
13788,Sick Of It All,30,Unknown,72.0
13789,Sick Puppies,66,Unknown,63.0
13790,Sick Thoughts,23,Unknown,52.0
13791,Sickbrain,36,Unknown,66.0
13792,Sickflip,51,Unknown,50.0
13793,Sid,43,Unknown,92.0
13794,Siddhant Bhosle,42,Unknown,74.0
13795,Siddharth Slathia,65,Unknown,16.0
13796,Siddhi Ture,47,Unknown,104.0
13797,Siddhu Kumar,65,Unknown,16.0
13798,Siddiq Ansari,40,Unknown,74.0
13799,Sidecars,0,Unknown,113.0
13800,Sideline,28,Unknown,17.0
13801,Sidezz,35,Unknown,34.0
13802,Sidhu Moose Wala,78,Unknown,1.0
13803,Sidiki Diabaté,0,Unknown,2.0
13804,Sidney Charles,0,Unknown,43.0
13805,Sido,40,Unknown,97.0
13806,Sidonie,55,Unknown,113.0
13807,Siebenbürgen,19,Unknown,64.0
13808,Sielunvihollinen,21,Unknown,64.0
13809,Siempre Asi,0,Unknown,113.0
13810,Siempre Me Dejas,33,Unknown,66.0
13811,Sierra Hull,24,Unknown,17.0
13812,Siesta Beats,41,Unknown,34.0
13813,Sigala,77,Unknown,49.0
13814,Sigh,18,Unknown,64.0
13815,Sight of Emptiness,25,Unknown,65.0
13816,Sighter,35,Unknown,61.0
13817,Sigma,62,Unknown,46.0
13818,Sigmar Solbach,21,Unknown,9.0
13819,Sigmun,27,Unknown,79.0
13820,Signs of the Swarm,22,Unknown,65.0
13821,Sik World,70,Unknown,36.0
13822,Sikdope,54,Unknown,47.0
13823,Sikkil Gurucharan,38,Unknown,21.0
13824,Silambarasan TR,57,Unknown,15.0
13825,Silbermond,39,Unknown,97.0
13826,Silence Wang,60,Unknown,32.0
13827,Silent Circle,55,Unknown,45.0
13828,Silent Knights,60,Unknown,35.0
13829,Silent Ocean,62,Unknown,98.0
13830,Silent Path,0,Unknown,99.0
13831,Silent Poets,50,Unknown,47.0
13832,Silience,54,Unknown,43.0
13833,Silk Boss,25,Unknown,86.0
13834,Silk City,74,Unknown,49.0
13835,Silk Mhake,39,Unknown,34.0
13836,Silk Route,56,Unknown,98.0
13837,Silla,37,Unknown,97.0
13838,Silly Kidz,7,Unknown,
13839,Siloé,60,Unknown,113.0
13840,Silva & Guerra,28,Unknown,110.0
13841,Silva Sax,49,Unknown,34.0
13842,Silvanno Salles,49,Unknown,95.0
13843,Silver Roses,60,Unknown,35.0
13844,Silverchair,65,Unknown,70.0
13845,Silverstein,59,Unknown,72.0
13846,Silvia Infantas Y Los Condores,43,Unknown,19.0
13847,Silvia Kaufmann,24,Unknown,45.0
13848,Sima Jones,33,Unknown,34.0
13849,Simeon Oliver,59,Unknown,35.0
13850,Simina Grigoriu,19,Unknown,56.0
13851,Simon & Garfunkel,75,Unknown,19.0
13852,Simon Casey,48,Unknown,18.0
13853,Simon Doty,37,Unknown,58.0
13854,Simon King,23,Unknown,27.0
13855,Simon Kouskounis,19,Unknown,20.0
13856,Simon Patterson,22,Unknown,61.0
13857,Simon Webbe,58,Unknown,93.0
13858,Simon Wester,48,Unknown,37.0
13859,Simon la Letra,48,Unknown,106.0
13860,Simone,39,Unknown,111.0
13861,Simone & Simaria,51,Unknown,3.0
13862,Simple Minds,74,Unknown,59.0
13863,Simple Plan,72,Unknown,80.0
13864,Simpleton,21,Unknown,100.0
13865,Simply Red,71,Unknown,93.0
13866,Simão,43,Unknown,109.0
13867,Sina Shoaie,0,Unknown,99.0
13868,Sinan Akçıl,37,Unknown,116.0
13869,Sing n Play,48,Unknown,26.0
13870,Single,30,Unknown,113.0
13871,Sinizter,50,Unknown,76.0
13872,Sinoda,65,Unknown,36.0
13873,Sins Of Insanity,25,Unknown,53.0
13874,Sinsinati,60,Unknown,113.0
13875,Sinéad O'Connor,74,Unknown,32.0
13876,Siouxsie and the Banshees,64,Unknown,63.0
13877,Sir Charles Jones,37,Unknown,2.0
13878,Sir Chloe,73,Unknown,11.0
13879,Sir Lord Baltimore,27,Unknown,79.0
13880,Sir Martin Walker,60,Unknown,35.0
13881,Sir Peanut,32,Unknown,34.0
13882,Sirenia,24,Unknown,67.0
13883,SirensCeol,34,Unknown,47.0
13884,Sirkazhi G. Sivachidambaram,30,Unknown,21.0
13885,Sirkazhi Govindarajan,47,Unknown,21.0
13886,Sissel,31,Unknown,29.0
13887,Sissy Bar,17,Unknown,41.0
13888,Sister Machine Gun,21,Unknown,
13889,Sister Nancy,67,Unknown,86.0
13890,Sister Sadie,27,Unknown,17.0
13891,Sister Sledge,71,Unknown,45.0
13892,Sisyfuss,55,Unknown,52.0
13893,Sita Chan,53,Unknown,94.0
13894,Sivarni,57,Unknown,40.0
13895,Sixx:A.M.,62,Unknown,70.0
13896,Sizzla,29,Unknown,86.0
13897,Ska-P,28,Unknown,113.0
13898,Skaldik,35,Unknown,89.0
13899,Skales,55,Unknown,86.0
13900,Skank,45,Unknown,63.0
13901,Skankin' Pickle,34,Unknown,89.0
13902,Skaparapid,30,Unknown,113.0
13903,Skarlett Riot,24,Unknown,67.0
13904,Skay Beilinson,44,Unknown,63.0
13905,Skazi,44,Unknown,61.0
13906,Skeets McDonald,16,Unknown,4.0
13907,Skeez,38,Unknown,97.0
13908,Skegss,29,Unknown,52.0
13909,Skeletal Family,35,Unknown,67.0
13910,Skelly,37,Unknown,66.0
13911,Skeng,59,Unknown,86.0
13912,Ski Aggu,37,Unknown,97.0
13913,Skid Row,70,Unknown,71.0
13914,Skillet,77,Unknown,63.0
13915,Skillibeng,60,Unknown,86.0
13916,Skin On Skin,65,Unknown,60.0
13917,Skindred,59,Unknown,
13918,Skinless,24,Unknown,65.0
13919,Skinny Atlas,67,Unknown,40.0
13920,Skinny Cap,33,Unknown,34.0
13921,Skinny Puppy,22,Unknown,
13922,Skober,19,Unknown,56.0
13923,Skold,20,Unknown,
13924,Skrillex,71,Unknown,49.0
13925,Skrude,50,Unknown,47.0
13926,Skrux,48,Unknown,47.0
13927,Skullcrusher,24,Unknown,65.0
13928,Skunk Anansie,28,Unknown,93.0
13929,Skurken,11,Unknown,55.0
13930,Sky Ferreira,55,Unknown,59.0
13931,Sky McCreery,68,Unknown,40.0
13932,Skyforger,18,Unknown,64.0
13933,Skylab,41,Unknown,62.0
13934,Skylar Grey,73,Unknown,23.0
13935,Skypeace,42,Unknown,102.0
13936,Skyy,33,Unknown,45.0
13937,Slabdragger,21,Unknown,64.0
13938,Slag Boom Van Loon,28,Unknown,55.0
13939,Slam,20,Unknown,56.0
13940,Slank,48,Unknown,63.0
13941,Slap It Out,29,Unknown,72.0
13942,Slapshock,39,Unknown,76.0
13943,Slash,40,Unknown,71.0
13944,"Slaughter Beach, Dog",63,Unknown,66.0
13945,Slaughter to Prevail,60,Unknown,65.0
13946,Slayer,73,Unknown,63.0
13947,Sleep Baby Sleep,51,Unknown,35.0
13948,Sleep Miracle,80,Unknown,35.0
13949,Sleep Recording Sounds,34,Unknown,35.0
13950,Sleep Sound Library,37,Unknown,35.0
13951,Sleep Sounds of Nature,36,Unknown,35.0
13952,Sleep Surgeon,41,Unknown,37.0
13953,Sleep Therapist,59,Unknown,35.0
13954,Sleeperstar,43,Unknown,23.0
13955,Sleeping At Last,73,Unknown,37.0
13956,Sleeping With Sirens,62,Unknown,66.0
13957,Sleeping Wolf,57,Unknown,63.0
13958,Sleepless Eye,65,Unknown,35.0
13959,Sleepy Clouds,67,Unknown,35.0
13960,Sleepy Fish,54,Unknown,40.0
13961,Sleepy Hallow,81,Unknown,6.0
13962,Sleepy Moon,58,Unknown,35.0
13963,Sleepy Sounds,44,Unknown,35.0
13964,Sleepy Times,35,Unknown,35.0
13965,Sless Praismo,45,Unknown,34.0
13966,Slim Cessna's Auto Club,21,Unknown,67.0
13967,Slime,38,Unknown,97.0
13968,Slipknot,80,Unknown,25.0
13969,Slippy,53,Unknown,47.0
13970,Sllash & Doppe,0,Unknown,43.0
13971,Sloan,30,Unknown,78.0
13972,Sloppy Seconds,30,Unknown,78.0
13973,Slot Machine,59,Unknown,11.0
13974,Slow Meadow,57,Unknown,37.0
13975,Slow Pulp,56,Unknown,52.0
13976,Slowgold,32,Unknown,67.0
13977,Slowly Slowly,40,Unknown,66.0
13978,Slugdge,21,Unknown,65.0
13979,Slushii,56,Unknown,51.0
13980,Sly & Robbie,28,Unknown,47.0
13981,Sly & The Family Stone,67,Unknown,79.0
13982,Sly Withers,42,Unknown,66.0
13983,Small Faces,34,Unknown,2.0
13984,Smart Books,58,Unknown,26.0
13985,Smartface,40,Unknown,34.0
13986,Smash Mouth,79,Unknown,63.0
13987,Smash Stereo,44,Unknown,41.0
13988,Smerz,22,Unknown,41.0
13989,Smg,28,Unknown,51.0
13990,Smile on the Sinner,25,Unknown,77.0
13991,Smith & Thell,60,Unknown,114.0
13992,Smitten,37,Unknown,71.0
13993,Smoke City,56,Unknown,62.0
13994,Smokey Robinson,0,Unknown,45.0
13995,Smokey Robinson & The Miracles,0,Unknown,3.0
13996,Smoking Popes,25,Unknown,78.0
13997,Smooth,16,Unknown,46.0
13998,Smyang Piano,57,Unknown,23.0
13999,Snake River Conspiracy,24,Unknown,
14000,Snake-Bite,22,Unknown,84.0
14001,Snakebite,24,Unknown,84.0
14002,Snakehips,58,Unknown,49.0
14003,Snavs,57,Unknown,51.0
14004,Snazzy,58,Unknown,96.0
14005,Sneaker Pimps,55,Unknown,62.0
14006,Sneaky Pete & Cool Cats,23,Unknown,84.0
14007,Snog,23,Unknown,
14008,Snoh Aalegra,1,Unknown,25.0
14009,Snoop Dogg,78,Unknown,3.0
14010,Snot,33,Unknown,
14011,Snow,0,Unknown,87.0
14012,Snow Patrol,80,Unknown,83.0
14013,Snowstorm,36,Unknown,114.0
14014,Snowy White,60,Unknown,2.0
14015,Snøw,64,Unknown,36.0
14016,So Jao,59,Unknown,35.0
14017,So La Lune,36,Unknown,96.0
14018,So Preto Sem Preconceito,42,Unknown,
14019,So Solid Crew,25,Unknown,52.0
14020,SoLeo,29,Unknown,45.0
14021,SoLonely,49,Unknown,66.0
14022,So_nny,48,Unknown,34.0
14023,Soaked Oats,26,Unknown,52.0
14024,Social Distortion,38,Unknown,81.0
14025,Social Kid,37,Unknown,41.0
14026,Soda Stereo,46,Unknown,63.0
14027,Sodagreen,64,Unknown,108.0
14028,Sodhivine,33,Unknown,51.0
14029,Sodom,22,Unknown,64.0
14030,Sofa Surfers,51,Unknown,62.0
14031,Sofia Karlsson,36,Unknown,114.0
14032,Sofia Kourtesis,55,Unknown,51.0
14033,Sofiane,33,Unknown,96.0
14034,Soft Cell,79,Unknown,59.0
14035,Sofía Reyes,79,Unknown,42.0
14036,Soge Culebra,69,Unknown,113.0
14037,Sohail Sen,67,Unknown,15.0
14038,Soham Naik,64,Unknown,16.0
14039,Soheil Soheili,0,Unknown,99.0
14040,Sohn Aelia,74,Unknown,35.0
14041,Sohodolls,64,Unknown,51.0
14042,Sohrab Motabar,0,Unknown,99.0
14043,Soil,57,Unknown,
14044,Soilent Green,21,Unknown,68.0
14045,Soilwork,58,Unknown,65.0
14046,Soko,59,Unknown,96.0
14047,Sokoninaru,42,Unknown,101.0
14048,Sokrat St,44,Unknown,116.0
14049,Sol3 Mio,24,Unknown,29.0
14050,Sola Vimi,60,Unknown,35.0
14051,Solace Her,40,Unknown,11.0
14052,Solange Almeida,44,Unknown,95.0
14053,Solar Fields,48,Unknown,37.0
14054,Solardo,59,Unknown,43.0
14055,Solarstone,48,Unknown,58.0
14056,Soldat Louis,32,Unknown,96.0
14057,Soledad,43,Unknown,19.0
14058,Soledad Villamil,28,Unknown,115.0
14059,Solee,42,Unknown,43.0
14060,Solex,20,Unknown,62.0
14061,Soleá Morente,2,Unknown,113.0
14062,Soli Deo Gloria,27,Unknown,93.0
14063,Solitude,24,Unknown,77.0
14064,Solo Tango Orquesta,19,Unknown,115.0
14065,Solomon Burke,67,Unknown,2.0
14066,Solomun,55,Unknown,51.0
14067,Soltan,41,Unknown,47.0
14068,Solteirões do Forró,39,Unknown,95.0
14069,Soly,40,Unknown,88.0
14070,SomeWhatSuper,40,Unknown,51.0
14071,Something Corporate,0,Unknown,66.0
14072,Something Good,49,Unknown,58.0
14073,Somlata And The Aces,44,Unknown,74.0
14074,Somna,0,Unknown,61.0
14075,Somos Nós A Justiça,46,Unknown,92.0
14076,Son By Four,29,Unknown,110.0
14077,Son Feci Bisiklet,43,Unknown,116.0
14078,Son Mieux,0,Unknown,19.0
14079,Son Palenque,24,Unknown,90.0
14080,Son Tentación,30,Unknown,110.0
14081,Son&Dad,51,Unknown,24.0
14082,Sona Mohapatra,67,Unknown,15.0
14083,Soner Arıca,38,Unknown,116.0
14084,Soner Sarıkabadayı,40,Unknown,116.0
14085,Songs From The Road Band,23,Unknown,17.0
14086,Sonia Rivas,41,Unknown,82.0
14087,Sonic Area,12,Unknown,55.0
14088,Sonic Boom Six,28,Unknown,47.0
14089,Sonic Journey,47,Unknown,47.0
14090,Sonic Syndicate,52,Unknown,65.0
14091,Sonic Wine,27,Unknown,9.0
14092,Sonicdriver,22,Unknown,10.0
14093,Sonidos De Aves,26,Unknown,117.0
14094,Sonmi451,15,Unknown,55.0
14095,Sonny & Cher,65,Unknown,82.0
14096,Sonny Boy Williamson II,60,Unknown,24.0
14097,Sonny Chillingworth,21,Unknown,20.0
14098,Sonny Fodera,67,Unknown,43.0
14099,Sonny Lim,23,Unknown,20.0
14100,Sonora Carruseles,29,Unknown,110.0
14101,Sonora Maracaibo,41,Unknown,82.0
14102,Sonora Ponceña,27,Unknown,110.0
14103,Sonora Skandalera,37,Unknown,89.0
14104,Sonora de Llegar,37,Unknown,80.0
14105,Sons Of Maria,58,Unknown,43.0
14106,Sons of Perdition,21,Unknown,67.0
14107,Sonu Nigam,66,Unknown,15.0
14108,Soo Wincci,21,Unknown,108.0
14109,Soolamangalam Sisters,46,Unknown,21.0
14110,Soolking,79,Unknown,96.0
14111,Sooraj Santhosh,63,Unknown,15.0
14112,Soothe My Soul,58,Unknown,35.0
14113,Soothing Chill Out for Insomnia,39,Unknown,35.0
14114,"Soothing White Noise for Infant Sleeping and Massage, Crying & Colic Relief",39,Unknown,35.0
14115,Soothing White Noise for Relaxation,35,Unknown,35.0
14116,Soothsayers,18,Unknown,90.0
14117,Sophia Anne Caruso,62,Unknown,31.0
14118,Sophia Rain,32,Unknown,35.0
14119,Sophie Chen,59,Unknown,108.0
14120,Sophie Ellis-Bextor,62,Unknown,45.0
14121,Sophie Hutchings,59,Unknown,37.0
14122,Sophie Pecora,61,Unknown,32.0
14123,Sophie and the Giants,0,Unknown,74.0
14124,Sopico,34,Unknown,96.0
14125,Soprano,55,Unknown,96.0
14126,Soraya,60,Unknown,113.0
14127,Soraya Moraes,47,Unknown,92.0
14128,Sore Throat,18,Unknown,68.0
14129,Sorrel Hauer,55,Unknown,23.0
14130,Sorriso Maroto,60,Unknown,
14131,Soró Silva,39,Unknown,95.0
14132,Sosnowski,36,Unknown,2.0
14133,Sotam,52,Unknown,92.0
14134,Sote,12,Unknown,99.0
14135,Soul Asylum,72,Unknown,70.0
14136,Soul II Soul,66,Unknown,93.0
14137,SoulBeatz,41,Unknown,91.0
14138,Soulfly,56,Unknown,69.0
14139,Souljah,44,Unknown,89.0
14140,Souls Of Mischief,71,Unknown,72.0
14141,Soulsearcher,32,Unknown,43.0
14142,Soulwax,0,Unknown,51.0
14143,Souly Had,59,Unknown,40.0
14144,Sound Convoy,38,Unknown,45.0
14145,Sound Ideas,34,Unknown,35.0
14146,Sound Library XL,31,Unknown,35.0
14147,Sound Quelle,53,Unknown,58.0
14148,Sound Rush,52,Unknown,53.0
14149,Sound Sleeping,39,Unknown,35.0
14150,Soundgarden,77,Unknown,63.0
14151,Soundtopia,58,Unknown,35.0
14152,Source Direct,15,Unknown,46.0
14153,Soushi Sakiyama,48,Unknown,103.0
14154,South Austin Jug Band,20,Unknown,17.0
14155,Southern Culture on the Skids,27,Unknown,79.0
14156,Southern Structure,7,Unknown,34.0
14157,Southstylers,22,Unknown,53.0
14158,Soweto,47,Unknown,
14159,Spa,39,Unknown,35.0
14160,Space 92,54,Unknown,96.0
14161,Space Food,41,Unknown,61.0
14162,Space Motion,48,Unknown,51.0
14163,Spacecraft,38,Unknown,37.0
14164,Spacetactular,63,Unknown,35.0
14165,Spade427,41,Unknown,116.0
14166,Spag Heddy,46,Unknown,47.0
14167,Spandau Ballet,69,Unknown,45.0
14168,Sparks,26,Unknown,80.0
14169,Spartaque,35,Unknown,56.0
14170,Spear Of Destiny,23,Unknown,67.0
14171,Special Consensus,29,Unknown,17.0
14172,Special Krew,30,Unknown,53.0
14173,Special M,36,Unknown,61.0
14174,Specimen,22,Unknown,67.0
14175,Specktakel,36,Unknown,57.0
14176,SpectraSoul,46,Unknown,46.0
14177,Spectre,21,Unknown,53.0
14178,Speed Machine,16,Unknown,41.0
14179,Speedometer,22,Unknown,90.0
14180,Speedwolf,17,Unknown,64.0
14181,Speedy West,29,Unknown,20.0
14182,Spektre,45,Unknown,56.0
14183,Spelloppmaker,42,Unknown,18.0
14184,Spencer Brewer,22,Unknown,22.0
14185,Spencer Brown,45,Unknown,58.0
14186,Spencer Crandall,61,Unknown,18.0
14187,Spice,74,Unknown,42.0
14188,Spider ZED,37,Unknown,96.0
14189,Spidergawd,26,Unknown,79.0
14190,Spineshank,28,Unknown,69.0
14191,Spinning Jennies,20,Unknown,78.0
14192,Spirit Architect,32,Unknown,61.0
14193,Spiritbox,56,Unknown,77.0
14194,Spiritualized,54,Unknown,79.0
14195,Spite,23,Unknown,65.0
14196,Spitfire,29,Unknown,81.0
14197,Splender,25,Unknown,70.0
14198,Splinta,43,Unknown,53.0
14199,Split Lip Rayfield,30,Unknown,17.0
14200,Splitloop,11,Unknown,38.0
14201,Spongebob Squarepants,47,Unknown,26.0
14202,Spookie Blue,19,Unknown,
14203,Spootlajtz,34,Unknown,89.0
14204,Spor,21,Unknown,46.0
14205,Sportfreunde Stiller,0,Unknown,97.0
14206,Sportlov,12,Unknown,68.0
14207,Sports,70,Unknown,7.0
14208,Spotlight Musicals,28,Unknown,31.0
14209,Spragga Benz,25,Unknown,86.0
14210,Spuntic,2,Unknown,99.0
14211,Sputnik,39,Unknown,81.0
14212,Squad-E,16,Unknown,10.0
14213,Squash,27,Unknown,86.0
14214,Squash Bowels,15,Unknown,68.0
14215,Squeeze,61,Unknown,78.0
14216,Sr. Bikini,40,Unknown,89.0
14217,Sreevalsan J. Menon,29,Unknown,21.0
14218,Sricharan Pakala,60,Unknown,74.0
14219,Srinivas,57,Unknown,15.0
14220,St. John's Children's Choir,21,Unknown,26.0
14221,St. Lucia,55,Unknown,59.0
14222,St. Vincent,1,Unknown,50.0
14223,Stabbing Westward,23,Unknown,
14224,Stabil,48,Unknown,116.0
14225,Stacey Pullen,12,Unknown,44.0
14226,Staffan Hellstrand,36,Unknown,114.0
14227,Stailok,45,Unknown,87.0
14228,Stain the Canvas,50,Unknown,77.0
14229,Staind,66,Unknown,63.0
14230,Stalag 13,29,Unknown,72.0
14231,Stalk Ashley,0,Unknown,86.0
14232,Stam1na,37,Unknown,73.0
14233,Stan Getz,68,Unknown,5.0
14234,Stand Here Alone,49,Unknown,81.0
14235,Stanton Lanier,28,Unknown,22.0
14236,Stanton Warriors,40,Unknown,38.0
14237,Stap,46,Unknown,116.0
14238,Stapes,42,Unknown,40.0
14239,Star Darlings,38,Unknown,9.0
14240,Star Feminine Band,21,Unknown,90.0
14241,Starfarer,17,Unknown,41.0
14242,Starfield,52,Unknown,117.0
14243,Starla Edney,63,Unknown,74.0
14244,Starley,64,Unknown,43.0
14245,Starlit,36,Unknown,81.0
14246,Starpoint,54,Unknown,45.0
14247,Stars Of The Lid,50,Unknown,37.0
14248,Starsailor,48,Unknown,23.0
14249,Starshooter,32,Unknown,96.0
14250,Start Rap,43,Unknown,92.0
14251,State of Mind,19,Unknown,46.0
14252,State of Sound,48,Unknown,43.0
14253,Stateless,57,Unknown,93.0
14254,Static & Ben El,57,Unknown,102.0
14255,Static-X,64,Unknown,63.0
14256,Status Quo,65,Unknown,2.0
14257,Staut,46,Unknown,18.0
14258,Stavros Sounds,47,Unknown,69.0
14259,Stavros Xarhakos,28,Unknown,20.0
14260,Stavroz,58,Unknown,51.0
14261,Staya Staya,36,Unknown,89.0
14262,Staysick,35,Unknown,47.0
14263,Stealers Wheel,78,Unknown,19.0
14264,Stebin Ben,74,Unknown,16.0
14265,Steel Pulse,55,Unknown,47.0
14266,Steelism,21,Unknown,20.0
14267,Steely Dan,73,Unknown,18.0
14268,Steep Canyon Rangers,23,Unknown,17.0
14269,Stefan Andersson,37,Unknown,114.0
14270,Stefan Peters,32,Unknown,45.0
14271,Stefan Stürmer,29,Unknown,57.0
14272,Stefan Sundström,36,Unknown,102.0
14273,Stefan en Sean,29,Unknown,53.0
14274,Stefanie Sun,62,Unknown,108.0
14275,Steffen Jürgens,31,Unknown,45.0
14276,Stefflon Don,69,Unknown,42.0
14277,Steget,31,Unknown,67.0
14278,Stein,28,Unknown,86.0
14279,Stella Jang,58,Unknown,104.0
14280,Stella Laura,46,Unknown,92.0
14281,Stella Starlight Trio,0,Unknown,5.0
14282,Stendeck,11,Unknown,55.0
14283,Stepfather Fred,32,Unknown,73.0
14284,Stephan Bodzin,50,Unknown,43.0
14285,Stephan Jolk,45,Unknown,60.0
14286,Stephan Moccio,69,Unknown,37.0
14287,Stephanie,39,Unknown,45.0
14288,Stephanie Cheng,48,Unknown,94.0
14289,Stephanie Ho,20,Unknown,94.0
14290,Stephanie Hsu,52,Unknown,31.0
14291,Stephanie J. Block,25,Unknown,31.0
14292,Stephanie Middleton,60,Unknown,23.0
14293,Stephanie Mills,30,Unknown,45.0
14294,Stephen,60,Unknown,11.0
14295,Stephen Barton,42,Unknown,93.0
14296,Stephen Lynch,30,Unknown,27.0
14297,Stephen Sanchez,90,Unknown,16.0
14298,Stephen Sondheim,47,Unknown,31.0
14299,Stephen Speaks,67,Unknown,24.0
14300,Stephen Zechariah,68,Unknown,1.0
14301,Stephy Tang,46,Unknown,94.0
14302,Steppenwolf,73,Unknown,2.0
14303,Stereo Express,45,Unknown,56.0
14304,Stereoact,35,Unknown,97.0
14305,Stereoclip,54,Unknown,51.0
14306,Stereomud,24,Unknown,
14307,Sterkøl,50,Unknown,43.0
14308,Sterling Void,19,Unknown,39.0
14309,"Steve ""Silk"" Hurley",41,Unknown,39.0
14310,Steve Angello,61,Unknown,58.0
14311,Steve Aoki,63,Unknown,49.0
14312,Steve Arrington's Hall Of Fame,29,Unknown,45.0
14313,Steve Brian,55,Unknown,58.0
14314,Steve Bug,20,Unknown,56.0
14315,Steve Byrne,22,Unknown,27.0
14316,Steve Chou,55,Unknown,108.0
14317,Steve Dekay,44,Unknown,61.0
14318,Steve Earle,0,Unknown,63.0
14319,Steve Hofstetter,20,Unknown,27.0
14320,Steve Ivey,13,Unknown,17.0
14321,Steve Kazee,46,Unknown,31.0
14322,Steve Kroeger,56,Unknown,51.0
14323,Steve Martin,25,Unknown,17.0
14324,Steve Miller Band,74,Unknown,2.0
14325,Steve Petrunak,42,Unknown,20.0
14326,Steve Poindexter,15,Unknown,39.0
14327,Steve Pulvers,26,Unknown,24.0
14328,Steve Rannazzisi,25,Unknown,27.0
14329,Steve Reich,0,Unknown,37.0
14330,Steve Vai,54,Unknown,20.0
14331,Steve Winwood,0,Unknown,18.0
14332,Steven Pasquale,29,Unknown,31.0
14333,Steven Price,55,Unknown,93.0
14334,Steven Wilson,47,Unknown,76.0
14335,Stevie Ray Vaughan,67,Unknown,2.0
14336,Stevie Wonder,75,Unknown,3.0
14337,Stick To Your Guns,29,Unknown,72.0
14338,Stiftelsen,38,Unknown,114.0
14339,Stigmata,44,Unknown,77.0
14340,Stil & Bense,0,Unknown,43.0
14341,Still Corners,59,Unknown,40.0
14342,Still Fresh,32,Unknown,96.0
14343,Still Virgin,48,Unknown,66.0
14344,Still Woozy,76,Unknown,11.0
14345,Stimming,42,Unknown,56.0
14346,Stitched Up Heart,23,Unknown,67.0
14347,Stiv Bators,22,Unknown,78.0
14348,Stive Morgan,46,Unknown,22.0
14349,Stochelo Rosenberg,22,Unknown,20.0
14350,Stone Lions,11,Unknown,38.0
14351,Stone Sour,71,Unknown,70.0
14352,Stone Temple Pilots,73,Unknown,63.0
14353,Stonebwoy,55,Unknown,86.0
14354,Stoned Jesus,46,Unknown,79.0
14355,Stonewall Jackson,49,Unknown,4.0
14356,Stoney LaRue,41,Unknown,18.0
14357,StopLock,25,Unknown,34.0
14358,Stormerz,54,Unknown,53.0
14359,Stormlord,17,Unknown,64.0
14360,Story Of The Year,66,Unknown,72.0
14361,StoryBots,0,Unknown,26.0
14362,Stoto,49,Unknown,69.0
14363,Stract,68,Unknown,40.0
14364,Straight Answer,32,Unknown,72.0
14365,Straight Line Stitch,27,Unknown,77.0
14366,Strange,52,Unknown,66.0
14367,Strange Alias,50,Unknown,7.0
14368,Strangled,23,Unknown,65.0
14369,Strapping Young Lad,50,Unknown,65.0
14370,Stratotune,45,Unknown,34.0
14371,Stravaganzza,27,Unknown,113.0
14372,Strawberry Alarm Clock,0,Unknown,52.0
14373,Strawberry Guy,77,Unknown,11.0
14374,Strawberry Switchblade,57,Unknown,67.0
14375,Stray Cats,23,Unknown,84.0
14376,Stray From The Path,22,Unknown,65.0
14377,Stray Kids,82,Unknown,104.0
14378,Stream of Passion,22,Unknown,67.0
14379,Street Academics,46,Unknown,107.0
14380,Streetlight Manifesto,34,Unknown,89.0
14381,Strike,44,Unknown,92.0
14382,Stringbean,30,Unknown,17.0
14383,Stromae,78,Unknown,54.0
14384,Strongilla Irtlach,0,Unknown,30.0
14385,Strung Out,35,Unknown,72.0
14386,Stuart Duncan,23,Unknown,17.0
14387,Stuart Thompson,26,Unknown,27.0
14388,Stuck in the Sound,60,Unknown,96.0
14389,Study Music & Sounds,46,Unknown,35.0
14390,Stumbleine,30,Unknown,55.0
14391,Stupeflip,38,Unknown,96.0
14392,Sturgill Simpson,0,Unknown,25.0
14393,Stwo,61,Unknown,7.0
14394,Styles & Breeze,59,Unknown,10.0
14395,Stylo,42,Unknown,60.0
14396,Stylo G,54,Unknown,86.0
14397,Styx,67,Unknown,71.0
14398,Stéphane Grappelli,0,Unknown,96.0
14399,Suat Suna,38,Unknown,116.0
14400,Sub Focus,67,Unknown,46.0
14401,Sub Sonik,23,Unknown,53.0
14402,Sub Urban,76,Unknown,11.0
14403,Sub Zero Project,63,Unknown,53.0
14404,SubDocta,22,Unknown,48.0
14405,Subheim,29,Unknown,55.0
14406,Subhi,44,Unknown,98.0
14407,Subhira,27,Unknown,90.0
14408,Sublime,78,Unknown,81.0
14409,Sublime Cadaveric Decomposition,16,Unknown,68.0
14410,Submersed,50,Unknown,70.0
14411,Subriser,60,Unknown,96.0
14412,Subtact,45,Unknown,48.0
14413,SubtractiveLAD,9,Unknown,55.0
14414,Subtronics,54,Unknown,48.0
14415,Suburban Knight,16,Unknown,44.0
14416,Suburban Legends,31,Unknown,89.0
14417,Suburban Scum,28,Unknown,72.0
14418,Subze,27,Unknown,113.0
14419,Suchmos,32,Unknown,103.0
14420,Sudario,47,Unknown,
14421,Sudha Ragunathan,32,Unknown,21.0
14422,Sudhanesh,36,Unknown,107.0
14423,Sue Dodge,38,Unknown,28.0
14424,Sued Silva,48,Unknown,92.0
14425,Suel,55,Unknown,
14426,Suellen Brum,47,Unknown,92.0
14427,Suellen Lima,38,Unknown,28.0
14428,Suely Façanha,43,Unknown,92.0
14429,SuenaTron,47,Unknown,25.0
14430,Sueño Latino,27,Unknown,37.0
14431,Suffocation,20,Unknown,65.0
14432,Suffokate,22,Unknown,65.0
14433,Sufjan Stevens,81,Unknown,32.0
14434,Sufle,38,Unknown,116.0
14435,Suga7,12,Unknown,38.0
14436,Sugar Candy Mountain,55,Unknown,52.0
14437,Sugar Kane,34,Unknown,66.0
14438,Sugar Minott,39,Unknown,86.0
14439,Sugar Sammy,25,Unknown,27.0
14440,Sugarland,0,Unknown,18.0
14441,Sugarplum Fairy,39,Unknown,114.0
14442,Suicidal Tendencies,34,Unknown,72.0
14443,Suicide Commando,24,Unknown,
14444,Suicide Silence,60,Unknown,65.0
14445,SuidAkrA,45,Unknown,64.0
14446,Sujatha,48,Unknown,107.0
14447,Sukhbir,60,Unknown,1.0
14448,Sukhwinder Singh,63,Unknown,1.0
14449,Suki Waterhouse,80,Unknown,11.0
14450,Sukima Switch,62,Unknown,91.0
14451,Sukriye Tutkun,38,Unknown,5.0
14452,Sullivan King,57,Unknown,47.0
14453,Sully,23,Unknown,48.0
14454,Sulphur Aeon,17,Unknown,64.0
14455,Sultaan,60,Unknown,1.0
14456,Sultan + Shepard,63,Unknown,51.0
14457,Sultan Khan,45,Unknown,21.0
14458,Sum 41,76,Unknown,81.0
14459,Sumi Jo,19,Unknown,29.0
14460,Sumire Uesaka,43,Unknown,91.0
14461,Sumix,47,Unknown,43.0
14462,Summer Clarke,39,Unknown,34.0
14463,Summer Salt,59,Unknown,52.0
14464,Summerfield United,22,Unknown,57.0
14465,Summersongs,49,Unknown,26.0
14466,Summoning,20,Unknown,64.0
14467,Sumo,50,Unknown,63.0
14468,Sumptuastic,31,Unknown,45.0
14469,Sun Cats,33,Unknown,84.0
14470,Sunanda Sharma,63,Unknown,1.0
14471,Sunbeam Sound Machine,58,Unknown,52.0
14472,Sunday Vibes,45,Unknown,91.0
14473,Sunflower Bean,53,Unknown,78.0
14474,Sungha Jung,42,Unknown,24.0
14475,Sunidhi Chauhan,64,Unknown,15.0
14476,Sunil Ganguly,41,Unknown,98.0
14477,Sunken,18,Unknown,64.0
14478,Sunmoon,52,Unknown,43.0
14479,Sunnery James & Ryan Marciano,47,Unknown,58.0
14480,Sunrise,31,Unknown,72.0
14481,Sunset & Highland,54,Unknown,24.0
14482,Sunterra,21,Unknown,67.0
14483,Sunwoojunga,63,Unknown,11.0
14484,Super Cat,29,Unknown,86.0
14485,Super Flu,47,Unknown,56.0
14486,Super Ratones,41,Unknown,80.0
14487,Super Siah,40,Unknown,
14488,Super Simple Songs,69,Unknown,26.0
14489,Super8 & Tab,50,Unknown,61.0
14490,Superbloom,25,Unknown,70.0
14491,Superchunk,29,Unknown,78.0
14492,Superdrag,23,Unknown,78.0
14493,Superfly,55,Unknown,102.0
14494,Superman Is Dead,38,Unknown,80.0
14495,Supersubmarina,54,Unknown,113.0
14496,Supertramp,75,Unknown,23.0
14497,Supper Moment,46,Unknown,94.0
14498,Suprafive,45,Unknown,69.0
14499,Supreme Beings of Leisure,20,Unknown,62.0
14500,Suprême NTM,8,Unknown,96.0
14501,Surade|3AM VIBES,44,Unknown,98.0
14502,Surf Curse,86,Unknown,11.0
14503,Surf Mesa,77,Unknown,54.0
14504,Surfaces,77,Unknown,7.0
14505,Surgeon,26,Unknown,44.0
14506,Surinder Kaur,33,Unknown,19.0
14507,Surra,34,Unknown,65.0
14508,Sururu Na Roda,38,Unknown,111.0
14509,Survive Said The Prophet,64,Unknown,63.0
14510,Survivor,77,Unknown,71.0
14511,Susan Boyle,52,Unknown,29.0
14512,Susan Egan,66,Unknown,31.0
14513,"Susan Rigvava-Dumas, Carsten Lepper",24,Unknown,31.0
14514,"Susan Rigvava-Dumas, Wietske van Tongeren, Schatten",24,Unknown,31.0
14515,Susana Rinaldi,24,Unknown,115.0
14516,Susanna Kwan,21,Unknown,94.0
14517,Sushant KC,53,Unknown,11.0
14518,Susie Suh,55,Unknown,24.0
14519,Suspect 44,41,Unknown,61.0
14520,Susperia,18,Unknown,64.0
14521,Sussie 4,41,Unknown,106.0
14522,Susumu Yokota,44,Unknown,55.0
14523,Sutton Foster,26,Unknown,31.0
14524,Suy Galvez,30,Unknown,24.0
14525,Suzan Hacigarip,42,Unknown,32.0
14526,Suzonn,57,Unknown,98.0
14527,Suzy,58,Unknown,104.0
14528,Sven & Olav,19,Unknown,56.0
14529,Sven-Ingvars,40,Unknown,114.0
14530,Svenne Rubins,46,Unknown,114.0
14531,Svenska Akademien,32,Unknown,89.0
14532,Sverige,38,Unknown,114.0
14533,Svet,44,Unknown,69.0
14534,Swan Meat,47,Unknown,41.0
14535,Swans,41,Unknown,
14536,Swarathma,34,Unknown,19.0
14537,Swarnalatha,55,Unknown,15.0
14538,Swastik The Band,41,Unknown,98.0
14539,Swattrex,66,Unknown,98.0
14540,Sway Bleu,59,Unknown,40.0
14541,Swedish House Mafia,83,Unknown,42.0
14542,Sweet,60,Unknown,2.0
14543,Sweet Little Band,41,Unknown,26.0
14544,Sweety,54,Unknown,108.0
14545,Swetha,35,Unknown,107.0
14546,Swift Guad,34,Unknown,96.0
14547,Swing,45,Unknown,94.0
14548,Swing & Simpatia,46,Unknown,
14549,Swingin' Utters,35,Unknown,72.0
14550,Swiss & Die Andern,43,Unknown,97.0
14551,Switch - Lock Up,27,Unknown,107.0
14552,SwitchOTR,74,Unknown,40.0
14553,SwuM,55,Unknown,40.0
14554,Syd Barrett,45,Unknown,79.0
14555,Syd Matters,58,Unknown,96.0
14556,Sydney Rose,67,Unknown,32.0
14557,Sydney Woods,60,Unknown,35.0
14558,Sylar,47,Unknown,77.0
14559,Sylence,30,Unknown,53.0
14560,Sylosis,49,Unknown,65.0
14561,Sylow,61,Unknown,43.0
14562,Sylvain Chauveau,53,Unknown,37.0
14563,Sylvester,62,Unknown,45.0
14564,Sylvia Salustti,34,Unknown,9.0
14565,Sylvie Maziarz,25,Unknown,60.0
14566,Symphonix,47,Unknown,61.0
14567,Syn Cole,64,Unknown,43.0
14568,Synapson,64,Unknown,59.0
14569,Sync 3,36,Unknown,69.0
14570,Synergetic Emotion,43,Unknown,61.0
14571,Synkop,35,Unknown,34.0
14572,Synthatic,35,Unknown,61.0
14573,Synthsoldier,20,Unknown,53.0
14574,Synymata,44,Unknown,47.0
14575,System Of A Down,83,Unknown,25.0
14576,Syster Sol,40,Unknown,86.0
14577,Szeukers,31,Unknown,53.0
14578,Szpilki,31,Unknown,45.0
14579,Szumek,33,Unknown,45.0
14580,São Paulo Ska Jazz,22,Unknown,90.0
14581,Säkert!,37,Unknown,114.0
14582,Sérgio Lopes,40,Unknown,28.0
14583,Sérgio Mendes,64,Unknown,111.0
14584,Sérgio Reis,49,Unknown,112.0
14585,Sérgio Reis e Filhos,53,Unknown,112.0
14586,Sérgio Sampaio,36,Unknown,111.0
14587,Síntese,44,Unknown,92.0
14588,Só Pra Contrariar,49,Unknown,
14589,Sólstafir,21,Unknown,64.0
14590,Sözer Sepetçi,41,Unknown,116.0
14591,Sølace,57,Unknown,40.0
14592,Søren Launbjerg,33,Unknown,9.0
14593,T'Pau,34,Unknown,59.0
14594,T-Bone Walker,0,Unknown,2.0
14595,T. Bubba Bechtol,20,Unknown,27.0
14596,T. M. Krishna,33,Unknown,21.0
14597,T. M. Soundararajan,47,Unknown,104.0
14598,T. Power,19,Unknown,46.0
14599,T. R. Mahalingam,39,Unknown,21.0
14600,T. Rex,71,Unknown,2.0
14601,T.A.M.,34,Unknown,72.0
14602,T.K. Soul,40,Unknown,2.0
14603,T.M.Revolution,34,Unknown,91.0
14604,T.O.K,33,Unknown,86.0
14605,T.O.K.,25,Unknown,86.0
14606,T78,54,Unknown,56.0
14607,TACOYAKI RAINBOW,18,Unknown,101.0
14608,TAEIL,62,Unknown,104.0
14609,TAEYEON,72,Unknown,104.0
14610,TAEYONG,71,Unknown,104.0
14611,TAL,42,Unknown,96.0
14612,TANK 呂建忠,49,Unknown,108.0
14613,TB1,39,Unknown,90.0
14614,TBabz,20,Unknown,90.0
14615,TC,16,Unknown,46.0
14616,TCM,60,Unknown,53.0
14617,TCTS,67,Unknown,43.0
14618,TEARS OF TRAGEDY,18,Unknown,101.0
14619,TEE,38,Unknown,102.0
14620,TEEMID,64,Unknown,96.0
14621,TELYKast,60,Unknown,49.0
14622,TEMPOREX,70,Unknown,52.0
14623,TEMPURA KIDZ,19,Unknown,100.0
14624,TENDER,45,Unknown,7.0
14625,TENDRE,0,Unknown,103.0
14626,TERRA,32,Unknown,61.0
14627,TERREVIENTO,35,Unknown,80.0
14628,THE ANXIETY,81,Unknown,25.0
14629,THE CHARM PARK,45,Unknown,102.0
14630,THE MODS,26,Unknown,84.0
14631,THE ORAL CIGARETTES,69,Unknown,91.0
14632,THE RAMPAGE from EXILE TRIBE,37,Unknown,102.0
14633,THIEVES,37,Unknown,51.0
14634,THOUSAND EYES,32,Unknown,65.0
14635,THREE1989,20,Unknown,100.0
14636,THRILL PILL,51,Unknown,66.0
14637,TIA RAY,53,Unknown,102.0
14638,TIAGO IORC,43,Unknown,19.0
14639,TIMBALIVE,28,Unknown,110.0
14640,TINI,3,Unknown,105.0
14641,TJ Cream,26,Unknown,90.0
14642,TJ Hickey,41,Unknown,11.0
14643,TJR,52,Unknown,52.0
14644,TK,33,Unknown,96.0
14645,TK from Ling tosite sigure,73,Unknown,91.0
14646,TM,39,Unknown,97.0
14647,TM NETWORK,38,Unknown,91.0
14648,TMG FRE$H,26,Unknown,36.0
14649,TNK,42,Unknown,116.0
14650,TNT,55,Unknown,53.0
14651,TOB Duke,62,Unknown,40.0
14652,TOKYO ROSE,40,Unknown,41.0
14653,TOMORROW X TOGETHER,78,Unknown,104.0
14654,TOOL,70,Unknown,63.0
14655,TOOMANYLEFTHANDS,0,Unknown,51.0
14656,TOTO,83,Unknown,83.0
14657,TOWNS,33,Unknown,52.0
14658,TR/ST,46,Unknown,59.0
14659,TRANG,62,Unknown,32.0
14660,TRASH,62,Unknown,108.0
14661,TRAVMA,52,Unknown,66.0
14662,TRFN,57,Unknown,54.0
14663,TRUE,56,Unknown,91.0
14664,TRUSTcompany,64,Unknown,70.0
14665,TRiDENT,18,Unknown,101.0
14666,TSHA,58,Unknown,51.0
14667,TSR Crew,38,Unknown,96.0
14668,TT Grace,29,Unknown,84.0
14669,TUBE,41,Unknown,102.0
14670,TV Girl,83,Unknown,11.0
14671,TV On The Radio,57,Unknown,6.0
14672,TWICE,86,Unknown,104.0
14673,TWOPILOTS,71,Unknown,96.0
14674,TWRK,50,Unknown,51.0
14675,TYSM,57,Unknown,50.0
14676,Taarka,23,Unknown,17.0
14677,Taba Chake,53,Unknown,98.0
14678,Taburete,60,Unknown,113.0
14679,Tacocat,28,Unknown,78.0
14680,Taeko Onuki,70,Unknown,91.0
14681,Taha G,50,Unknown,11.0
14682,Tai Chi,20,Unknown,94.0
14683,Tai Ji,20,Unknown,94.0
14684,Tai Verdes,77,Unknown,11.0
14685,Taichi Chishaki,60,Unknown,23.0
14686,Tainy,87,Unknown,105.0
14687,Tairata,64,Unknown,35.0
14688,Taisto Tammi,20,Unknown,115.0
14689,Taiwan MC,54,Unknown,96.0
14690,Taj Mahal,29,Unknown,24.0
14691,Tajdar Junaid,36,Unknown,32.0
14692,Tak Dec,18,Unknown,56.0
14693,Takare Tadame,47,Unknown,23.0
14694,Takatsugu Muramatsu,53,Unknown,91.0
14695,Take/Five,37,Unknown,51.0
14696,Takehara Pistol,34,Unknown,24.0
14697,Takeova,24,Unknown,100.0
14698,Takr,42,Unknown,6.0
14699,Takt32,48,Unknown,97.0
14700,Taku Iwasaki,51,Unknown,91.0
14701,Taladro,44,Unknown,116.0
14702,Talal Qureshi,47,Unknown,11.0
14703,Talamasca,40,Unknown,61.0
14704,Tale Of Us,55,Unknown,43.0
14705,Talented Mr Tipsy,53,Unknown,34.0
14706,Talhain,18,Unknown,56.0
14707,Tali Goya,43,Unknown,106.0
14708,Talib Kweli,0,Unknown,72.0
14709,Talita Barreto,35,Unknown,69.0
14710,Talitha.,52,Unknown,107.0
14711,Talk Talk,70,Unknown,59.0
14712,Talking Heads,78,Unknown,3.0
14713,Talla 2XLC,48,Unknown,97.0
14714,Talos,32,Unknown,19.0
14715,Talstrasse 3-5,28,Unknown,57.0
14716,Tamara Blake,62,Unknown,23.0
14717,Tamara Eden,61,Unknown,23.0
14718,Tamara Tsereteli,1,Unknown,30.0
14719,Tamia,1,Unknown,7.0
14720,Tamio Okuda,47,Unknown,24.0
14721,Tan Bionica,50,Unknown,63.0
14722,Tan Taşçı,47,Unknown,116.0
14723,Tananai,0,Unknown,11.0
14724,Tanay Mimani,33,Unknown,32.0
14725,Tanerman,43,Unknown,116.0
14726,Tang Siu Hau,26,Unknown,94.0
14727,Tangerine Wong,58,Unknown,107.0
14728,Tango Bardo,23,Unknown,115.0
14729,Tango Negro Trio,16,Unknown,115.0
14730,Tani Yuuki,58,Unknown,102.0
14731,Tanir,57,Unknown,11.0
14732,Tanisha Hickman,52,Unknown,23.0
14733,Tanishk Bagchi,78,Unknown,16.0
14734,Tanja Lasch,32,Unknown,45.0
14735,Tanju Okan,40,Unknown,102.0
14736,Tankard,23,Unknown,65.0
14737,Tankurt Manas,41,Unknown,116.0
14738,Tankz,65,Unknown,40.0
14739,Tanmaya Bhatnagar,49,Unknown,98.0
14740,Tano Romano,22,Unknown,73.0
14741,Tanto Metro & Devonte,21,Unknown,100.0
14742,Tantrum Desire,18,Unknown,46.0
14743,Tanveer Evan,67,Unknown,16.0
14744,Tanya Chua,63,Unknown,108.0
14745,Tanya Stephens,27,Unknown,86.0
14746,Tanzeel Khan,67,Unknown,16.0
14747,Tanzmuzik,11,Unknown,55.0
14748,Tapps,35,Unknown,45.0
14749,Taproot,26,Unknown,70.0
14750,Tara Lily,42,Unknown,93.0
14751,TarantisT,0,Unknown,99.0
14752,Tarek K.I.Z,38,Unknown,97.0
14753,Tarik Bouisfi,37,Unknown,41.0
14754,Tarja,23,Unknown,67.0
14755,Tarkan,66,Unknown,116.0
14756,Tarrus Riley,58,Unknown,86.0
14757,Taryn Spilzman,35,Unknown,9.0
14758,Tash Sultana,66,Unknown,87.0
14759,Tasha & Tracie,57,Unknown,3.0
14760,Tasha Cobbs Leonard,0,Unknown,28.0
14761,Tashif,53,Unknown,98.0
14762,Taska Black,55,Unknown,51.0
14763,Taste Of Honey,34,Unknown,45.0
14764,Tat Ming Pair,41,Unknown,94.0
14765,Tatanka,26,Unknown,53.0
14766,Tate McRae,84,Unknown,16.0
14767,Tatiana,37,Unknown,26.0
14768,Tatiana Bulanova,46,Unknown,59.0
14769,Tatiana and Sergey Nikitin,20,Unknown,30.0
14770,Tatik,24,Unknown,100.0
14771,Tatsunoshin,0,Unknown,53.0
14772,Tatsuya Nakazaki,35,Unknown,9.0
14773,Taty Girl,46,Unknown,95.0
14774,Tavares,30,Unknown,45.0
14775,Taxman,16,Unknown,46.0
14776,Tayara Andreza,41,Unknown,95.0
14777,Tayhana,18,Unknown,41.0
14778,Taylor Swift,88,USA,16.0
14779,Tayo,12,Unknown,38.0
14780,Tayo the Little Bus,47,Unknown,26.0
14781,Tayrone,45,Unknown,95.0
14782,Tayrone Cigano,50,Unknown,95.0
14783,Taïro,32,Unknown,96.0
14784,Tchakabum,45,Unknown,3.0
14785,Tchami,64,Unknown,43.0
14786,Tchoupi,34,Unknown,96.0
14787,Tchê Garotos,49,Unknown,112.0
14788,Team Doyobi,9,Unknown,55.0
14789,Team Shadetek,13,Unknown,55.0
14790,Team Syachihoko,19,Unknown,101.0
14791,Tears For Fears,87,Unknown,59.0
14792,Tech N9ne,73,Unknown,1.0
14793,Technikore,24,Unknown,10.0
14794,Technimatic,50,Unknown,46.0
14795,Technoboy,47,Unknown,53.0
14796,Ted Gärdestad,43,Unknown,114.0
14797,Teddy & The Tigers,27,Unknown,84.0
14798,Teddy Beats,53,Unknown,43.0
14799,Teddy Killerz,45,Unknown,46.0
14800,Teddy Pendergrass,30,Unknown,45.0
14801,Teddy Robin,20,Unknown,94.0
14802,Tedua,4,Unknown,74.0
14803,TeeJay Arunachalam,43,Unknown,11.0
14804,Teebee,18,Unknown,46.0
14805,Teebone,24,Unknown,100.0
14806,Teejay,24,Unknown,86.0
14807,Teemu Roivainen,22,Unknown,115.0
14808,Teen Idols,30,Unknown,78.0
14809,Teen Suicide,72,Unknown,66.0
14810,Teena Marie,47,Unknown,45.0
14811,Teenage Bottlerocket,30,Unknown,78.0
14812,Teenage Dads,29,Unknown,52.0
14813,Teenage Fanclub,23,Unknown,78.0
14814,Teenage Mutants,47,Unknown,60.0
14815,Teenage Wrist,50,Unknown,70.0
14816,Teeny Tiny Stevies,33,Unknown,26.0
14817,Teflon Sega,55,Unknown,7.0
14818,Tegh,4,Unknown,99.0
14819,Tegi Pannu,72,Unknown,1.0
14820,Teho,50,Unknown,96.0
14821,Tehosekoitin,38,Unknown,80.0
14822,Teide,63,Unknown,23.0
14823,Teielte,27,Unknown,55.0
14824,Teki Latex,22,Unknown,41.0
14825,Tekir,41,Unknown,116.0
14826,Telefon Tel Aviv,36,Unknown,55.0
14827,Television Personalities,20,Unknown,41.0
14828,Temperance Lloyd,59,Unknown,23.0
14829,Temple Of The Dog,69,Unknown,70.0
14830,Templo Soul,26,Unknown,69.0
14831,Ten City,49,Unknown,39.0
14832,Ten Foot Pole,30,Unknown,72.0
14833,Ten Years After,67,Unknown,2.0
14834,Tenacious D,60,Unknown,27.0
14835,Tenebrax,48,Unknown,41.0
14836,Tenille Arts,72,Unknown,18.0
14837,Tenma,55,Unknown,74.0
14838,Tennessee Ernie Ford,59,Unknown,17.0
14839,Tenno,61,Unknown,40.0
14840,Tension Prophecy,0,Unknown,99.0
14841,Tensnake,66,Unknown,43.0
14842,Tentasamba,45,Unknown,
14843,Tenth Avenue North,57,Unknown,117.0
14844,Teodoro & Sampaio,60,Unknown,112.0
14845,Teoman,47,Unknown,116.0
14846,Tep No,57,Unknown,43.0
14847,Tepki,52,Unknown,116.0
14848,Teqkoi,71,Unknown,40.0
14849,Tequila Baby,43,Unknown,92.0
14850,TerazMy,29,Unknown,45.0
14851,Terence Lam,59,Unknown,94.0
14852,Terence Siufay,54,Unknown,94.0
14853,Teresa Berganza,20,Unknown,29.0
14854,Teresa Cristina,40,Unknown,109.0
14855,Teresa Teng,53,Unknown,108.0
14856,Terno Rei,43,Unknown,109.0
14857,Tero Koponen,29,Unknown,9.0
14858,Terra,33,Unknown,67.0
14859,Terranova,0,Unknown,62.0
14860,Terrence Dixon,19,Unknown,56.0
14861,Terrence Mann,26,Unknown,31.0
14862,Terrence Parker,47,Unknown,44.0
14863,Terrence Woods,37,Unknown,34.0
14864,Terror Squad,67,Unknown,72.0
14865,TerrorClown,31,Unknown,72.0
14866,Terrorgruppe,37,Unknown,80.0
14867,Terrorizer,38,Unknown,68.0
14868,Terry Oldfield,23,Unknown,22.0
14869,Terry Wright,38,Unknown,2.0
14870,Tersivel,16,Unknown,64.0
14871,Terveet Kädet,30,Unknown,72.0
14872,Tess Parks,25,Unknown,79.0
14873,Tessarose,45,Unknown,26.0
14874,Testament,60,Unknown,65.0
14875,Tetê Espíndola,46,Unknown,109.0
14876,Teuterekordz,41,Unknown,97.0
14877,Teuvo Oinas,25,Unknown,115.0
14878,Tex Tex,50,Unknown,63.0
14879,Texabilly Rockets,26,Unknown,79.0
14880,Teyana Taylor,66,Unknown,25.0
14881,Tez Cadey,69,Unknown,43.0
14882,Tha J-SQUAD,38,Unknown,91.0
14883,Tha Playah,49,Unknown,10.0
14884,Thad Fiscella,23,Unknown,22.0
14885,Thaeme & Thiago,45,Unknown,112.0
14886,Thaiane Seghetto,38,Unknown,28.0
14887,Thaikkudam Bridge,47,Unknown,98.0
14888,Thakara,46,Unknown,107.0
14889,Thalapathy Vijay,68,Unknown,16.0
14890,Thales Lessa,42,Unknown,95.0
14891,Thalia,0,Unknown,105.0
14892,Thalia Havenstein,49,Unknown,23.0
14893,Thalles Roberto,47,Unknown,92.0
14894,Thaman S,70,Unknown,15.0
14895,That Girl Lay Lay,50,Unknown,
14896,Thayne Jasperson,65,Unknown,31.0
14897,Thays Calzavara,39,Unknown,28.0
14898,The .357 STring Band,29,Unknown,67.0
14899,The 1975,78,Unknown,63.0
14900,The 20 Belows,33,Unknown,78.0
14901,The 5.6.7.8's,46,Unknown,52.0
14902,The 69 Eyes,27,Unknown,67.0
14903,The 6ths,37,Unknown,41.0
14904,The Abigails,24,Unknown,52.0
14905,The Acacia Strain,29,Unknown,65.0
14906,The Adams,48,Unknown,63.0
14907,The Adventures of Duane & Brando,27,Unknown,27.0
14908,The Afters,56,Unknown,63.0
14909,The Agonist,24,Unknown,65.0
14910,The Agony Scene,22,Unknown,65.0
14911,The Aislers Set,17,Unknown,41.0
14912,The Alarm,24,Unknown,59.0
14913,The Alchemist,72,Unknown,72.0
14914,The All-American Rejects,70,Unknown,80.0
14915,The Almost,0,Unknown,72.0
14916,The American Dollar,53,Unknown,37.0
14917,The Amity Affliction,61,Unknown,77.0
14918,The Analogs,32,Unknown,72.0
14919,The Animals,75,Unknown,2.0
14920,The Aquabats!,35,Unknown,89.0
14921,The Archies,69,Unknown,6.0
14922,The Architect,54,Unknown,47.0
14923,The Ark,34,Unknown,114.0
14924,The Arrivals,22,Unknown,78.0
14925,The Arson Project,12,Unknown,68.0
14926,The Astec Mystic,39,Unknown,44.0
14927,The Atomic Bitchwax,28,Unknown,79.0
14928,The Avalanches,60,Unknown,79.0
14929,The Avener,65,Unknown,43.0
14930,The Avett Brothers,62,Unknown,17.0
14931,The B-52's,0,Unknown,80.0
14932,The BREED,57,Unknown,40.0
14933,The Baboons,23,Unknown,84.0
14934,The Backseat Lovers,78,Unknown,11.0
14935,The Backyardigans,56,Unknown,26.0
14936,The Bad Kids,13,Unknown,
14937,The Bamboos,50,Unknown,90.0
14938,The Band,72,Unknown,2.0
14939,The Band CAMINO,0,Unknown,11.0
14940,The Band Perry,65,Unknown,18.0
14941,The Bangles,68,Unknown,45.0
14942,The Bar-Kays,33,Unknown,45.0
14943,The Barnshakers,24,Unknown,84.0
14944,The Barracudas,24,Unknown,78.0
14945,The Baseballs,31,Unknown,84.0
14946,The Beach Boys,72,Unknown,79.0
14947,The Beanies,32,Unknown,26.0
14948,The Beatles,82,Unknown,93.0
14949,The Beatnuts,72,Unknown,72.0
14950,The Beau Brummels,34,Unknown,52.0
14951,The Beefs,31,Unknown,52.0
14952,The Beholder,20,Unknown,53.0
14953,The Bellamy Brothers,70,Unknown,18.0
14954,The Beloved,64,Unknown,59.0
14955,The Bennies,32,Unknown,52.0
14956,The Berzerker,13,Unknown,68.0
14957,The Big Bopper,58,Unknown,82.0
14958,The Birthday,25,Unknown,52.0
14959,The Birthday Massacre,50,Unknown,
14960,The Black Angels,50,Unknown,52.0
14961,The Black Crowes,72,Unknown,2.0
14962,The Black Dahlia Murder,29,Unknown,65.0
14963,The Black Dog,16,Unknown,55.0
14964,The Black Ghosts,60,Unknown,81.0
14965,The Black Keys,73,Unknown,63.0
14966,The Black Moods,28,Unknown,71.0
14967,The Black Skirts,70,Unknown,11.0
14968,The Blasters,30,Unknown,82.0
14969,The Blaze,67,Unknown,96.0
14970,The Bloody Hollies,25,Unknown,52.0
14971,The Blow Monkeys,26,Unknown,59.0
14972,The Blue Cats,22,Unknown,84.0
14973,The Blue Stones,62,Unknown,2.0
14974,The Bluegrass Album Band,29,Unknown,17.0
14975,The Bluegrass Cardinals,20,Unknown,17.0
14976,The Blues Brothers,0,Unknown,2.0
14977,The Bobbettes,36,Unknown,2.0
14978,The Bobby Fuller Four,60,Unknown,52.0
14979,The Bolshoi,31,Unknown,67.0
14980,The Bombpops,26,Unknown,78.0
14981,The Bones,29,Unknown,82.0
14982,The Bongo Hop,24,Unknown,90.0
14983,The Boo Devils,35,Unknown,84.0
14984,The Boomtown Rats,1,Unknown,89.0
14985,The BossHoss,0,Unknown,97.0
14986,The Bouncing Souls,32,Unknown,72.0
14987,The Boxcars,29,Unknown,17.0
14988,The Boys With The Perpetual Nervousness,21,Unknown,78.0
14989,The Brainkiller,13,Unknown,38.0
14990,The Breakfastaz,17,Unknown,38.0
14991,The Brian Jonestown Massacre,61,Unknown,79.0
14992,The Brian Setzer Orchestra,26,Unknown,84.0
14993,The Bridge City Sinners,33,Unknown,24.0
14994,The Briefs,28,Unknown,52.0
14995,The Brobecks,67,Unknown,23.0
14996,The Broken Circle Breakdown Bluegrass Band,26,Unknown,17.0
14997,The Bronx,34,Unknown,72.0
14998,The Brothers Cazimero,27,Unknown,20.0
14999,The Brothers Comatose,29,Unknown,17.0
15000,The Browning,24,Unknown,65.0
15001,The Buckinghams,28,Unknown,52.0
15002,The Budos Band,52,Unknown,90.0
15003,The Buggles,72,Unknown,59.0
15004,The Buttertones,59,Unknown,52.0
15005,The Byrds,64,Unknown,79.0
15006,The C90s,51,Unknown,45.0
15007,The Cab,63,Unknown,11.0
15008,The Cactus Channel,58,Unknown,69.0
15009,The Cameron Collective,33,Unknown,24.0
15010,The Carburetors,28,Unknown,82.0
15011,The Cardigans,74,Unknown,114.0
15012,The Cars,71,Unknown,71.0
15013,The Carter Family,25,Unknown,17.0
15014,The Cascades,61,Unknown,6.0
15015,The Cassandra Complex,20,Unknown,
15016,The Cat's Miaow,21,Unknown,41.0
15017,The Celtic Tenors,19,Unknown,29.0
15018,The Cemetary Girlz,20,Unknown,67.0
15019,The Chainsmokers,85,Unknown,42.0
15020,The Chameleons,44,Unknown,67.0
15021,The Champs,60,Unknown,82.0
15022,The Changcuters,50,Unknown,2.0
15023,The Chats,35,Unknown,52.0
15024,The Cheetah Girls,24,Unknown,9.0
15025,The Chemical Brothers,65,Unknown,25.0
15026,The Chesterfield Kings,26,Unknown,52.0
15027,The Chicks,71,Unknown,18.0
15028,The Chiffons,29,Unknown,2.0
15029,The Chisel,31,Unknown,52.0
15030,The Circle Session Players,27,Unknown,9.0
15031,The Civil Wars,57,Unknown,24.0
15032,The Clash,80,Unknown,80.0
15033,The Coasters,54,Unknown,2.0
15034,The Coffinshakers,25,Unknown,67.0
15035,The Colourfield,35,Unknown,59.0
15036,The Comet Is Coming,0,Unknown,93.0
15037,The Coming Weak,22,Unknown,72.0
15038,The Communards,68,Unknown,59.0
15039,The Congos,26,Unknown,47.0
15040,The Connells,67,Unknown,102.0
15041,The Contortionist,47,Unknown,65.0
15042,The Cookies,33,Unknown,2.0
15043,The Cooltrane Quartet,0,Unknown,5.0
15044,The Copyrights,26,Unknown,78.0
15045,The Countdown Kids,32,Unknown,26.0
15046,The Country Side Of Harmonica Sam,24,Unknown,20.0
15047,The County Medical Examiners,12,Unknown,68.0
15048,The Covers Duo,36,Unknown,91.0
15049,The Cowboys,25,Unknown,52.0
15050,The Cowsills,57,Unknown,78.0
15051,The Cramps,59,Unknown,2.0
15052,The Cranberries,82,Unknown,83.0
15053,The Creepshow,24,Unknown,84.0
15054,The Crystal Method,50,Unknown,38.0
15055,The Crystals,59,Unknown,82.0
15056,The Crüxshadows,21,Unknown,67.0
15057,The Cult,71,Unknown,71.0
15058,The Cure,77,Unknown,80.0
15059,The Daily Bred,33,Unknown,34.0
15060,The Daktaris,16,Unknown,90.0
15061,The Damned,25,Unknown,67.0
15062,The Dandy Warhols,0,Unknown,63.0
15063,The Darkness,0,Unknown,71.0
15064,The Darkraver,20,Unknown,10.0
15065,The Dave Brubeck Quartet,66,Unknown,5.0
15066,The Day Everything Became Nothing,13,Unknown,68.0
15067,The Dead Brothers,21,Unknown,67.0
15068,The Dead Milkmen,43,Unknown,71.0
15069,The Decemberists,0,Unknown,19.0
15070,The Del Fuegos,32,Unknown,103.0
15071,The Del McCoury Band,31,Unknown,17.0
15072,The Del-Vikings,61,Unknown,84.0
15073,The Deli,65,Unknown,40.0
15074,The Delirians,32,Unknown,89.0
15075,The Delta Bombers,25,Unknown,84.0
15076,The Delta Riggs,37,Unknown,52.0
15077,The Destination,59,Unknown,35.0
15078,The Devil Makes Three,60,Unknown,17.0
15079,The Devil Wears Prada,60,Unknown,76.0
15080,The Diamonds,59,Unknown,82.0
15081,The Dictators,32,Unknown,78.0
15082,The Dillards,25,Unknown,17.0
15083,The Dining Rooms,50,Unknown,62.0
15084,The Dirt Daubers,28,Unknown,67.0
15085,The Dirt Drifters,24,Unknown,4.0
15086,The Disco Boys,31,Unknown,97.0
15087,The Disney Afternoon Studio Chorus,50,Unknown,9.0
15088,The Doc Watson Family,22,Unknown,17.0
15089,The Dollyrots,33,Unknown,78.0
15090,The Donnas,20,Unknown,78.0
15091,The Doobie Brothers,76,Unknown,2.0
15092,The Doors,73,Unknown,79.0
15093,The Dramatics,33,Unknown,45.0
15094,The Dream Academy,0,Unknown,59.0
15095,The Dream Syndicate,23,Unknown,78.0
15096,The Dresden Dolls,72,Unknown,23.0
15097,The Drifters,68,Unknown,6.0
15098,The Dukes Of Stratosphear,21,Unknown,78.0
15099,The Dust Brothers,43,Unknown,60.0
15100,The Dwarf Chorus,20,Unknown,9.0
15101,The Dynamics,53,Unknown,90.0
15102,The Dø,54,Unknown,96.0
15103,The Early November,34,Unknown,66.0
15104,The Echelon Effect,48,Unknown,37.0
15105,The Echo Park Project,38,Unknown,5.0
15106,The Edge Band,43,Unknown,11.0
15107,The Elements,46,Unknown,11.0
15108,The Elgins,44,Unknown,7.0
15109,The Emotions,70,Unknown,45.0
15110,The Encounter,42,Unknown,41.0
15111,The English Concert,0,Unknown,93.0
15112,The Epoxies,23,Unknown,78.0
15113,The Ergs!,30,Unknown,78.0
15114,The Ethiopians,28,Unknown,47.0
15115,The EverLove,65,Unknown,63.0
15116,The Everly Brothers,67,Unknown,6.0
15117,The Exies,57,Unknown,70.0
15118,The Exploding Hearts,22,Unknown,78.0
15119,The Exploited,0,Unknown,72.0
15120,The Falcon,34,Unknown,72.0
15121,The Fastback,46,Unknown,84.0
15122,The Five Satins,41,Unknown,2.0
15123,The Flamingos,65,Unknown,2.0
15124,The Flatliners,36,Unknown,72.0
15125,The Fleetwoods,56,Unknown,82.0
15126,The Fleshtones,24,Unknown,78.0
15127,The Flying Burrito Brothers,0,Unknown,79.0
15128,The Fortunes,0,Unknown,93.0
15129,The Foundations,32,Unknown,6.0
15130,The Fratellis,50,Unknown,52.0
15131,The Fray,80,Unknown,23.0
15132,The Frights,59,Unknown,52.0
15133,The Front Bottoms,71,Unknown,66.0
15134,The Funkees,39,Unknown,90.0
15135,The Future Sound Of London,45,Unknown,38.0
15136,The Fuzztones,24,Unknown,52.0
15137,The Ganja Kru,15,Unknown,46.0
15138,The Gap Band,33,Unknown,45.0
15139,The Gathering,28,Unknown,67.0
15140,The George Kaplan Conspiracy,53,Unknown,96.0
15141,The Ghastly Ones,31,Unknown,67.0
15142,The Ghost Inside,25,Unknown,65.0
15143,The Gibson Brothers,31,Unknown,45.0
15144,The Girl Next Door,64,Unknown,36.0
15145,The Gizmos,26,Unknown,52.0
15146,The Gladiators,30,Unknown,47.0
15147,The Go Getters,21,Unknown,84.0
15148,The Go-Go's,64,Unknown,102.0
15149,The Godfathers,23,Unknown,78.0
15150,The Godfathers Of Deep House SA,26,Unknown,43.0
15151,The Goo Goo Dolls,83,Unknown,83.0
15152,The Good The Bad and The Zugly,30,Unknown,82.0
15153,The Grascals,26,Unknown,17.0
15154,The Great Old Ones,17,Unknown,64.0
15155,The Green,36,Unknown,103.0
15156,The Greencards,21,Unknown,17.0
15157,The Greenhornes,49,Unknown,52.0
15158,The Grogans,30,Unknown,52.0
15159,The Growlers,62,Unknown,52.0
15160,The Guess Who,64,Unknown,79.0
15161,The Gun Club,27,Unknown,79.0
15162,The HU,61,Unknown,76.0
15163,The Hampsters,33,Unknown,
15164,The Handsome Family,56,Unknown,18.0
15165,The Happy Fits,64,Unknown,102.0
15166,The Hard Aches,28,Unknown,52.0
15167,The Harp and the Piano,23,Unknown,9.0
15168,The Haunted,23,Unknown,65.0
15169,The Head And The Heart,67,Unknown,19.0
15170,The Heavy,61,Unknown,2.0
15171,The Herbaliser,58,Unknown,62.0
15172,The Hertz,41,Unknown,94.0
15173,The Hextalls,22,Unknown,78.0
15174,The Hillbilly Moon Explosion,29,Unknown,79.0
15175,The Him,61,Unknown,43.0
15176,The Hit Crew Kids,58,Unknown,26.0
15177,The Hit Parade,40,Unknown,41.0
15178,The Hives,69,Unknown,52.0
15179,The Hollies,71,Unknown,93.0
15180,The Holydrug Couple,54,Unknown,52.0
15181,The Hose,20,Unknown,53.0
15182,The Hub Caps,22,Unknown,84.0
15183,The Human Beinz,60,Unknown,52.0
15184,The Human League,76,Unknown,59.0
15185,The Hush Sound,30,Unknown,23.0
15186,The Infamous Stringdusters,38,Unknown,17.0
15187,The Internet,68,Unknown,7.0
15188,The Interrupters,57,Unknown,89.0
15189,The Intruders,37,Unknown,45.0
15190,The Isaacs,38,Unknown,17.0
15191,The Isley Brothers,61,Unknown,45.0
15192,The J. Geils Band,74,Unknown,2.0
15193,The Jackson 5,77,Unknown,7.0
15194,The Jacksons,71,Unknown,45.0
15195,The Jam,0,Unknown,80.0
15196,The Jamborees,39,Unknown,
15197,The James Hunter Six,28,Unknown,93.0
15198,The Jansen,39,Unknown,81.0
15199,The Japanese House,58,Unknown,7.0
15200,The Jayhawks,51,Unknown,78.0
15201,The Jeff Healey Band,55,Unknown,2.0
15202,The Jerky Boys,21,Unknown,27.0
15203,The Jesus and Mary Chain,61,Unknown,80.0
15204,The Jimmy Castor Bunch,24,Unknown,69.0
15205,The Jon Spencer Blues Explosion,55,Unknown,2.0
15206,The Jones Girls,33,Unknown,45.0
15207,The Jud Conlon Chorus,25,Unknown,9.0
15208,The Kentucky Colonels,26,Unknown,17.0
15209,The Keys,35,Unknown,107.0
15210,The Kgb's,26,Unknown,53.0
15211,The Kiboomers,56,Unknown,26.0
15212,The Kid LAROI,89,Unknown,1.0
15213,The Kiddie Katz,38,Unknown,
15214,The Kill,14,Unknown,68.0
15215,The Killers,86,Unknown,63.0
15216,The Kills,55,Unknown,52.0
15217,The King Khan & BBQ Show,58,Unknown,2.0
15218,The Kingsmen,65,Unknown,52.0
15219,The Kinks,55,Unknown,93.0
15220,The Klingonz,26,Unknown,79.0
15221,The Klinik,22,Unknown,
15222,The Knack,75,Unknown,78.0
15223,The Knife,50,Unknown,67.0
15224,The Knocks,58,Unknown,25.0
15225,The Kooks,1,Unknown,74.0
15226,The Kovenant,20,Unknown,64.0
15227,The LOX,0,Unknown,72.0
15228,The Lancashire Hotpots,22,Unknown,27.0
15229,The Landers,67,Unknown,1.0
15230,The Last Ten Seconds of Life,21,Unknown,65.0
15231,The Laurie Berkner Band,32,Unknown,26.0
15232,The Lawrence Arms,29,Unknown,78.0
15233,The Lay-Backs,62,Unknown,35.0
15234,The Learning Station,55,Unknown,26.0
15235,The Leather Nun,22,Unknown,67.0
15236,The Lemonheads,64,Unknown,78.0
15237,The Libertines,64,Unknown,52.0
15238,The Lil Smokies,32,Unknown,17.0
15239,The Lillingtons,27,Unknown,78.0
15240,The Limit,32,Unknown,45.0
15241,The Little 'uns,46,Unknown,26.0
15242,The Little Sunshine Kids,66,Unknown,26.0
15243,The Little Willies,45,Unknown,19.0
15244,The Local Train,67,Unknown,1.0
15245,The Lonely Heartstring Band,23,Unknown,17.0
15246,The Lonely Island,63,Unknown,27.0
15247,The Lonesome Trio,23,Unknown,17.0
15248,The Louvin Brothers,23,Unknown,17.0
15249,The Love Doctor,31,Unknown,2.0
15250,The Love Unlimited Orchestra,0,Unknown,45.0
15251,The Loved Ones,36,Unknown,72.0
15252,The Lovin' Spoonful,70,Unknown,79.0
15253,The Lumineers,79,Unknown,19.0
15254,The Maccabees,39,Unknown,93.0
15255,The Machine,46,Unknown,53.0
15256,The Maddox Brothers & Rose,14,Unknown,4.0
15257,The Magician,1,Unknown,49.0
15258,The Magnetic Fields,57,Unknown,41.0
15259,The Maile Serenaders,22,Unknown,20.0
15260,The Main Ingredient,32,Unknown,45.0
15261,The Maine,59,Unknown,66.0
15262,The Mamas & The Papas,78,Unknown,19.0
15263,The Manges,27,Unknown,78.0
15264,The Manhattans,32,Unknown,45.0
15265,The Marcels,52,Unknown,2.0
15266,The Marked Men,26,Unknown,52.0
15267,The Marías,0,Unknown,11.0
15268,The Mash,27,Unknown,107.0
15269,The Masked Pianoman,57,Unknown,23.0
15270,The Masochist,27,Unknown,10.0
15271,The Mauskovic Dance Band,18,Unknown,90.0
15272,The Mayries,57,Unknown,24.0
15273,The Meatmen,32,Unknown,72.0
15274,The Memories,56,Unknown,52.0
15275,The Meow Meows,27,Unknown,47.0
15276,The Meteors,23,Unknown,84.0
15277,The Mighty Imperials,23,Unknown,90.0
15278,The Mighty Mighty Bosstones,0,Unknown,80.0
15279,The Millennial Club,59,Unknown,40.0
15280,The Minds Of 99,44,Unknown,80.0
15281,The Minions,63,Unknown,26.0
15282,The Miracles,0,Unknown,2.0
15283,The Mission,25,Unknown,67.0
15284,The Monkees,74,Unknown,19.0
15285,The Monroe Brothers,22,Unknown,17.0
15286,The Montreal Children's Workshop,53,Unknown,26.0
15287,The Moody Blues,68,Unknown,2.0
15288,The Moonglows,29,Unknown,82.0
15289,The Motels,51,Unknown,59.0
15290,The Mr. T Experience,25,Unknown,78.0
15291,The Muffs,24,Unknown,78.0
15292,The Naked And The Dead,22,Unknown,67.0
15293,The Nasty Boyz,25,Unknown,53.0
15294,The National,0,Unknown,74.0
15295,The Native,47,Unknown,37.0
15296,The Neighbourhood,93,Unknown,63.0
15297,The Nerves,27,Unknown,78.0
15298,The New Birth,32,Unknown,45.0
15299,The New Mastersounds,50,Unknown,90.0
15300,The New Pornographers,26,Unknown,78.0
15301,The New Seekers,57,Unknown,82.0
15302,The Nightraver,24,Unknown,10.0
15303,The Nightwriters,38,Unknown,39.0
15304,The Nixons,27,Unknown,70.0
15305,The Notorious B.I.G.,80,Unknown,72.0
15306,The Nursery Rhymes Superstar,8,Unknown,
15307,The O'Jays,70,Unknown,45.0
15308,The Oak Ridge Boys,0,Unknown,18.0
15309,The Ocean Blue,23,Unknown,59.0
15310,The Ocean Waves Sounds,37,Unknown,35.0
15311,The Offspring,81,Unknown,63.0
15312,The Oh Hellos,71,Unknown,19.0
15313,The Olympics,32,Unknown,2.0
15314,The Only Ones,24,Unknown,78.0
15315,The Orb,52,Unknown,37.0
15316,The Orchids,15,Unknown,41.0
15317,The Original Broadway Cast Of School Of Rock,44,Unknown,31.0
15318,The Orwells,25,Unknown,52.0
15319,The Osborne Brothers,23,Unknown,17.0
15320,The Other People Place,34,Unknown,44.0
15321,The Outfield,76,Unknown,78.0
15322,The Outside Agency,20,Unknown,10.0
15323,The Palace Singers,38,Unknown,
15324,The Panasdalam,37,Unknown,2.0
15325,The Paper Kites,64,Unknown,19.0
15326,The Paragons,0,Unknown,47.0
15327,The Party Cats,37,Unknown,
15328,The Peep Tempel,38,Unknown,52.0
15329,The Perishers,51,Unknown,24.0
15330,The Phantoms,53,Unknown,63.0
15331,The Pharcyde,70,Unknown,72.0
15332,The Piano Lover,46,Unknown,21.0
15333,The Pine Box Boys,32,Unknown,67.0
15334,The Pinks,39,Unknown,114.0
15335,The Pirouettes,24,Unknown,59.0
15336,The Pitcher,57,Unknown,53.0
15337,The Plan,33,Unknown,67.0
15338,The Planet Smashers,32,Unknown,89.0
15339,The Platters,65,Unknown,6.0
15340,The Playtones,27,Unknown,84.0
15341,The Plimsouls,27,Unknown,78.0
15342,The Plot In You,76,Unknown,76.0
15343,The Po' Ramblin' Boys,31,Unknown,17.0
15344,The Poets Of Rhythm,57,Unknown,90.0
15345,The Pogues,0,Unknown,19.0
15346,The Pointer Sisters,72,Unknown,45.0
15347,The Polecats,26,Unknown,79.0
15348,The Police,86,Unknown,83.0
15349,The Polyversal Souls,16,Unknown,90.0
15350,The Poppy Family,52,Unknown,79.0
15351,The Posies,23,Unknown,78.0
15352,The Potato Pirates,32,Unknown,89.0
15353,The Power Station,23,Unknown,59.0
15354,The Presets,35,Unknown,51.0
15355,The Presidents Of The United States Of America,43,Unknown,63.0
15356,The Pretty Things,57,Unknown,2.0
15357,The Prodigy,66,Unknown,38.0
15358,The PropheC,72,Unknown,1.0
15359,The Prophet,65,Unknown,10.0
15360,The Prototypes,21,Unknown,46.0
15361,The Psychedelic Furs,66,Unknown,80.0
15362,The Psycho Realm,33,Unknown,72.0
15363,The Qemists,50,Unknown,46.0
15364,The Quantic Soul Orchestra,46,Unknown,62.0
15365,The Queers,31,Unknown,78.0
15366,The R3bels,25,Unknown,53.0
15367,The Raconteurs,70,Unknown,2.0
15368,The Rah Band,74,Unknown,3.0
15369,The Railsplitters,21,Unknown,17.0
15370,The Rain Library,41,Unknown,35.0
15371,The Rare Occasions,83,Unknown,74.0
15372,The Rasmus,70,Unknown,76.0
15373,The Ready Set,0,Unknown,66.0
15374,The Real Thing,22,Unknown,45.0
15375,The Reason Y,31,Unknown,60.0
15376,The Records,20,Unknown,78.0
15377,The Red Chord,23,Unknown,65.0
15378,The Red Jumpsuit Apparatus,76,Unknown,80.0
15379,The Red Pears,52,Unknown,52.0
15380,The Reflectors,19,Unknown,78.0
15381,The Replacements,58,Unknown,78.0
15382,The Rescues,46,Unknown,24.0
15383,The Reverend Horton Heat,28,Unknown,79.0
15384,The Revolutionaries,28,Unknown,47.0
15385,The Rice Brothers,26,Unknown,17.0
15386,The Rides,38,Unknown,2.0
15387,The Righteous Brothers,75,Unknown,6.0
15388,The Rigs,50,Unknown,2.0
15389,The Riptides,21,Unknown,78.0
15390,The Roaring Cadillacs,26,Unknown,84.0
15391,The Rockabilly Rebels,23,Unknown,84.0
15392,The Rockats,21,Unknown,84.0
15393,The Rogue Element,13,Unknown,38.0
15394,The Rolling Stones,80,Unknown,93.0
15395,The Romantics,69,Unknown,78.0
15396,The Roots,56,Unknown,72.0
15397,The Rose,67,Unknown,104.0
15398,The Royal Concept,53,Unknown,114.0
15399,The Rubber Knife Gang,23,Unknown,17.0
15400,The Rubinoos,43,Unknown,78.0
15401,The Run Around,51,Unknown,81.0
15402,The Runaways,69,Unknown,81.0
15403,The Saints,28,Unknown,52.0
15404,The Saxophones,44,Unknown,37.0
15405,The Score,73,Unknown,63.0
15406,The Screaming Jets,45,Unknown,63.0
15407,The Script,80,Unknown,83.0
15408,The Seekers,55,Unknown,93.0
15409,The Seige,61,Unknown,63.0
15410,The Seldom Scene,22,Unknown,17.0
15411,The Servant,47,Unknown,63.0
15412,The Shadows,57,Unknown,93.0
15413,The Shaolin Afronauts,41,Unknown,90.0
15414,The Shapeshifters,64,Unknown,43.0
15415,The Sharks,23,Unknown,84.0
15416,The Shins,0,Unknown,63.0
15417,The Shirelles,64,Unknown,82.0
15418,The Shires,49,Unknown,93.0
15419,The Shivvers,22,Unknown,78.0
15420,The Show Ponies,23,Unknown,17.0
15421,The Sickest Squad,26,Unknown,10.0
15422,The Singing Walrus,49,Unknown,26.0
15423,The Sins Of Thy Beloved,21,Unknown,67.0
15424,The Skatalites,28,Unknown,47.0
15425,The Skints,27,Unknown,47.0
15426,The Sklar Brothers,20,Unknown,27.0
15427,The Skyliners,53,Unknown,82.0
15428,The Slapbacks,22,Unknown,84.0
15429,The Sleep Diaries,22,Unknown,9.0
15430,The Sleep Helpers,38,Unknown,35.0
15431,The Slingers,32,Unknown,52.0
15432,The Smashing Pumpkins,75,Unknown,63.0
15433,The Smith Street Band,38,Unknown,66.0
15434,The Smithereens,41,Unknown,102.0
15435,The Smiths,81,Unknown,80.0
15436,The Soft Boys,24,Unknown,78.0
15437,The Softies,19,Unknown,41.0
15438,The Sonics,56,Unknown,52.0
15439,The Sorcerers,18,Unknown,90.0
15440,The Soul Snatchers,21,Unknown,90.0
15441,The Souljazz Orchestra,20,Unknown,90.0
15442,The Sound Stylistics,21,Unknown,90.0
15443,The Soundtrack Of Our Lives,23,Unknown,67.0
15444,The Spaceshits,28,Unknown,52.0
15445,The Spencer Davis Group,64,Unknown,2.0
15446,The Spencer Lee Band,51,Unknown,3.0
15447,The Spill Canvas,36,Unknown,66.0
15448,The Spinners,65,Unknown,45.0
15449,The Spirit,17,Unknown,64.0
15450,The Spits,29,Unknown,52.0
15451,The Stanley Brothers,27,Unknown,17.0
15452,The Staple Singers,0,Unknown,7.0
15453,The Steel Wheels,25,Unknown,17.0
15454,The Steeldrivers,39,Unknown,17.0
15455,The Stolen Orchestra,37,Unknown,20.0
15456,The Stooges,59,Unknown,2.0
15457,The Stranglers,71,Unknown,80.0
15458,The Streets,28,Unknown,52.0
15459,The String Cheese Incident,22,Unknown,17.0
15460,The Strings Of The Inkas,22,Unknown,20.0
15461,The Strokes,79,Unknown,63.0
15462,The Strumbellas,64,Unknown,19.0
15463,The Struts,71,Unknown,63.0
15464,The Strypes,53,Unknown,52.0
15465,The Stunned Guys,23,Unknown,10.0
15466,The Subways,30,Unknown,52.0
15467,The Sueves,25,Unknown,52.0
15468,The Sugarman 3,18,Unknown,90.0
15469,The Summer Set,56,Unknown,23.0
15470,The Supervillains,31,Unknown,89.0
15471,The Supremes,74,Unknown,45.0
15472,The Swellers,33,Unknown,66.0
15473,The Swinging Blue Jeans,54,Unknown,84.0
15474,The Symposium,58,Unknown,52.0
15475,The Technicolors,66,Unknown,63.0
15476,The Temptations,79,Unknown,3.0
15477,The Ten Tenors,20,Unknown,29.0
15478,The Tenors,23,Unknown,29.0
15479,The Terrys,29,Unknown,52.0
15480,The Texas Tenors,19,Unknown,29.0
15481,The Theorist,45,Unknown,23.0
15482,The Thin Bloods,25,Unknown,52.0
15483,The Third Bardo,31,Unknown,52.0
15484,The Three Degrees,62,Unknown,45.0
15485,The Thrillseekers,54,Unknown,61.0
15486,The Ting Tings,58,Unknown,81.0
15487,The Tiny Boppers,28,Unknown,26.0
15488,The Toasters,35,Unknown,89.0
15489,The Tony Danza Tapdance Extravaganza,19,Unknown,68.0
15490,The Tough Alliance,22,Unknown,67.0
15491,The Trammps,60,Unknown,45.0
15492,The Trashmen,54,Unknown,52.0
15493,The Travelin' McCourys,33,Unknown,17.0
15494,The Troggs,65,Unknown,93.0
15495,The Troops of Doom,24,Unknown,65.0
15496,The Troubled Three,23,Unknown,84.0
15497,The Turtles,76,Unknown,19.0
15498,The Uglyz,43,Unknown,11.0
15499,The Ultimate Seduction,18,Unknown,10.0
15500,The Union Underground,51,Unknown,
15501,The Unthanks,26,Unknown,93.0
15502,The Upbeats,50,Unknown,46.0
15503,The Upsetters,25,Unknown,47.0
15504,The Used,67,Unknown,72.0
15505,The Vacant Lots,41,Unknown,52.0
15506,The Vamps,77,Unknown,42.0
15507,The Vandals,30,Unknown,72.0
15508,The Vanns,28,Unknown,52.0
15509,The Veer Union,49,Unknown,70.0
15510,The Velvet Underground,65,Unknown,63.0
15511,The Ventures,51,Unknown,82.0
15512,The Verve,80,Unknown,63.0
15513,The Verve Pipe,63,Unknown,70.0
15514,The Viceroys,60,Unknown,86.0
15515,The Vines,65,Unknown,52.0
15516,The Viper,30,Unknown,10.0
15517,The Wailers,61,Unknown,47.0
15518,The Wailin' Jennys,44,Unknown,17.0
15519,The Wake,23,Unknown,67.0
15520,The Walker Brothers,0,Unknown,93.0
15521,The Wallflowers,73,Unknown,63.0
15522,The Walters,89,Unknown,74.0
15523,The Wanted,79,Unknown,83.0
15524,The Warning,1,Unknown,76.0
15525,The Warriors,29,Unknown,72.0
15526,The Way Down Wanderers,23,Unknown,17.0
15527,The Waybacks,22,Unknown,17.0
15528,The Weather Girls,64,Unknown,45.0
15529,The Weeknd,91,Canada,16.0
15530,The Weepies,64,Unknown,24.0
15531,The West Coast Pop Art Experimental Band,52,Unknown,79.0
15532,The Whiffs,20,Unknown,78.0
15533,The Whispers,36,Unknown,45.0
15534,The White Stripes,84,Unknown,63.0
15535,The Whitlams,30,Unknown,23.0
15536,The Who,76,Unknown,2.0
15537,The Widdler,22,Unknown,48.0
15538,The Wiggles,61,Unknown,26.0
15539,The Wiseguys,47,Unknown,62.0
15540,The Wolfgang Press,22,Unknown,67.0
15541,The Wombats,0,Unknown,74.0
15542,The Wood Brothers,35,Unknown,17.0
15543,The Word Alive,54,Unknown,77.0
15544,The Wrecks,55,Unknown,80.0
15545,The Yellow Diary,63,Unknown,1.0
15546,The YellowHeads,30,Unknown,56.0
15547,The Young Fresh Fellows,20,Unknown,78.0
15548,The Zombies,59,Unknown,93.0
15549,The dB's,26,Unknown,78.0
15550,The xx,73,Unknown,11.0
15551,TheDoDo,41,Unknown,97.0
15552,TheHxliday,1,Unknown,36.0
15553,TheWickerTwinz,8,Unknown,
15554,Theatre Of Tragedy,21,Unknown,67.0
15555,Theatres Des Vampires,17,Unknown,64.0
15556,Thee Commons,20,Unknown,90.0
15557,Thee Oh Sees,26,Unknown,52.0
15558,Thegust Mc's,44,Unknown,92.0
15559,Theishter,48,Unknown,91.0
15560,Thekidszn,57,Unknown,36.0
15561,Thell Barrio,30,Unknown,72.0
15562,Thelma Houston,31,Unknown,45.0
15563,Thelonious Monk,54,Unknown,23.0
15564,Them,64,Unknown,93.0
15565,Theo Parrish,35,Unknown,44.0
15566,Theo Rubia,49,Unknown,92.0
15567,Theodis Ealey,31,Unknown,2.0
15568,Theory of a Deadman,68,Unknown,70.0
15569,Therapie TAXI,64,Unknown,96.0
15570,There For Tomorrow,62,Unknown,66.0
15571,Therion,26,Unknown,64.0
15572,Thermo,36,Unknown,66.0
15573,These New South Whales,28,Unknown,52.0
15574,Thetahealing,23,Unknown,117.0
15575,Theø,38,Unknown,66.0
15576,Thiago Brado,47,Unknown,92.0
15577,Thiago Brava,50,Unknown,3.0
15578,Thiago França,25,Unknown,90.0
15579,Thiago Jhonathan (TJ),44,Unknown,95.0
15580,Thiago Martins,52,Unknown,
15581,Thiago Ramalho,48,Unknown,92.0
15582,Thiago Soares,45,Unknown,
15583,Thiaguinho,61,Unknown,
15584,Thievery Corporation,58,Unknown,62.0
15585,Thin Lizzy,76,Unknown,2.0
15586,Third Eye Blind,75,Unknown,63.0
15587,Third Person,43,Unknown,60.0
15588,Third World,28,Unknown,47.0
15589,Thirteen,41,Unknown,72.0
15590,Thirteen Senses,58,Unknown,23.0
15591,Thirty Seconds To Mars,76,Unknown,70.0
15592,ThirumaLi,48,Unknown,107.0
15593,This Mortal Coil,22,Unknown,67.0
15594,This Will Destroy You,52,Unknown,37.0
15595,Thiyvya,41,Unknown,107.0
15596,Thom Yorke,59,Unknown,51.0
15597,Thomas & Friends,52,Unknown,93.0
15598,Thomas Anders,31,Unknown,45.0
15599,Thomas Daniel,60,Unknown,24.0
15600,Thomas Day,68,Unknown,32.0
15601,Thomas Dolby,14,Unknown,59.0
15602,Thomas Gold,48,Unknown,58.0
15603,Thomas Jack,56,Unknown,43.0
15604,Thomas Järvheden,36,Unknown,114.0
15605,Thomas Lizzara,29,Unknown,43.0
15606,Thomas Reid,58,Unknown,36.0
15607,Thomas Rhett,70,Unknown,18.0
15608,Thomas Sanders,48,Unknown,31.0
15609,Thomas Schumacher,40,Unknown,56.0
15610,Thompson & Lenoir,13,Unknown,39.0
15611,Thompson Twins,58,Unknown,59.0
15612,Thorbjørn Harr,39,Unknown,9.0
15613,Thorleifs,38,Unknown,114.0
15614,Thornhill,51,Unknown,77.0
15615,Thorns,17,Unknown,64.0
15616,Thorsten Flinck,35,Unknown,114.0
15617,Thousand Foot Krutch,72,Unknown,63.0
15618,Thr13tn,40,Unknown,36.0
15619,Three Days Grace,74,Unknown,63.0
15620,Three Dog Night,0,Unknown,2.0
15621,Three Drives On A Vinyl,58,Unknown,61.0
15622,Three Four Trio,62,Unknown,5.0
15623,Three Graces,20,Unknown,29.0
15624,Three Tall Pines,26,Unknown,17.0
15625,Threesixty Skatepunk,41,Unknown,81.0
15626,Thrice,30,Unknown,72.0
15627,Thriving Ivory,56,Unknown,23.0
15628,Through The Eyes of the Dead,25,Unknown,65.0
15629,Thug Life,58,Unknown,72.0
15630,Thunder,60,Unknown,96.0
15631,Thunder Storm,32,Unknown,35.0
15632,Thunderstorm,34,Unknown,35.0
15633,Thunderstorms,33,Unknown,35.0
15634,Thunderstorms HD,42,Unknown,35.0
15635,Thurisaz,49,Unknown,64.0
15636,Thy Art Is Murder,57,Unknown,65.0
15637,Thy Light,37,Unknown,64.0
15638,Thylacine,50,Unknown,96.0
15639,Thyron,23,Unknown,53.0
15640,Thåström,38,Unknown,81.0
15641,Tiago PZK,82,Unknown,106.0
15642,Tiamat,20,Unknown,64.0
15643,Tiana Major9,0,Unknown,40.0
15644,Tianastacia,47,Unknown,92.0
15645,Tiee,41,Unknown,
15646,Tierra Adentro,44,Unknown,19.0
15647,Tierra Santa,29,Unknown,113.0
15648,Tierra Whack,0,Unknown,25.0
15649,Tierry,50,Unknown,112.0
15650,Tiffany Day,58,Unknown,40.0
15651,Tifita,42,Unknown,23.0
15652,Tig Notaro,21,Unknown,27.0
15653,Tiga,60,Unknown,51.0
15654,Tiger Army,33,Unknown,79.0
15655,Tiger Hu,54,Unknown,108.0
15656,Tiger Movie,35,Unknown,34.0
15657,Tiger Stripes,42,Unknown,60.0
15658,Tiger Trap,22,Unknown,41.0
15659,Tihuana,49,Unknown,92.0
15660,Tijuana Panthers,29,Unknown,52.0
15661,Tiken Jah Fakoly,9,Unknown,96.0
15662,Tikkle Me,69,Unknown,114.0
15663,Till Kahn,58,Unknown,35.0
15664,Tilt,35,Unknown,80.0
15665,Tim Armstrong,30,Unknown,89.0
15666,Tim Atlas,69,Unknown,11.0
15667,Tim Berg,57,Unknown,58.0
15668,Tim Buckley,52,Unknown,79.0
15669,Tim Green,48,Unknown,43.0
15670,Tim Halperin,62,Unknown,24.0
15671,Tim Love Lee,19,Unknown,62.0
15672,Tim Maia,44,Unknown,92.0
15673,Tim McGraw,57,Unknown,18.0
15674,Tim Minchin,24,Unknown,27.0
15675,Tim O'Brien,25,Unknown,17.0
15676,Tim Story,24,Unknown,37.0
15677,Tim Toupet,32,Unknown,45.0
15678,Tim Vantol,28,Unknown,24.0
15679,Tim Wilson,25,Unknown,27.0
15680,Tim Wittig,18,Unknown,56.0
15681,Timal,33,Unknown,96.0
15682,Timaya,65,Unknown,86.0
15683,Timbalada,45,Unknown,
15684,Timbiriche,0,Unknown,105.0
15685,Timbuktu,38,Unknown,89.0
15686,"Time, The Valuator",44,Unknown,77.0
15687,Timeflies,60,Unknown,54.0
15688,Times Of Grace,0,Unknown,77.0
15689,Timmies,70,Unknown,40.0
15690,Timo Maas,50,Unknown,38.0
15691,Timo Rautiainen & Trio Niskalaukaus,28,Unknown,73.0
15692,Timo Räisänen,33,Unknown,67.0
15693,Timoneki,25,Unknown,90.0
15694,Timothy Infinite,55,Unknown,34.0
15695,Tin Ghosts,27,Unknown,34.0
15696,Tina Charles,61,Unknown,45.0
15697,Tina Turner,71,Unknown,45.0
15698,Tinariwen,46,Unknown,2.0
15699,Tinashe,72,Unknown,25.0
15700,Tine Mydland,61,Unknown,35.0
15701,Tineidae,15,Unknown,55.0
15702,Tinlicker,2,Unknown,49.0
15703,Tinoco,47,Unknown,112.0
15704,Tinsel Town Kids,51,Unknown,26.0
15705,Tinyschool,43,Unknown,26.0
15706,Tipe-X,40,Unknown,89.0
15707,Tiphaine Calvet,56,Unknown,23.0
15708,Tipica 73,27,Unknown,110.0
15709,Tippu,63,Unknown,15.0
15710,Tired Lion,25,Unknown,52.0
15711,Tirso Duarte,29,Unknown,110.0
15712,Tisoki,53,Unknown,47.0
15713,Tita Merello,30,Unknown,115.0
15714,"Tito ""El Bambino""",2,Unknown,105.0
15715,Tito Allen,29,Unknown,110.0
15716,Tito Gomez,39,Unknown,110.0
15717,Tito Nieves,35,Unknown,110.0
15718,Tito Puente,34,Unknown,110.0
15719,Tito Rodriguez,32,Unknown,110.0
15720,Tito Rojas,34,Unknown,110.0
15721,Titus1,27,Unknown,47.0
15722,Titãs,47,Unknown,92.0
15723,Tiwa Savage,61,Unknown,86.0
15724,Tiziano Magro,60,Unknown,35.0
15725,Tião Carreiro & Paraíso,47,Unknown,112.0
15726,Tião Carreiro & Pardinho,53,Unknown,112.0
15727,Tiê,48,Unknown,19.0
15728,Tiësto,86,Unknown,42.0
15729,Tjuvjakt,39,Unknown,114.0
15730,Tmsoft’s White Noise Sleep Sounds,45,Unknown,35.0
15731,ToNick,21,Unknown,94.0
15732,Toadies,28,Unknown,70.0
15733,Tobee,36,Unknown,45.0
15734,Tobey Rosen,52,Unknown,24.0
15735,Tobias Berntsson,53,Unknown,20.0
15736,Tobtok,58,Unknown,43.0
15737,Toby Keith,0,Unknown,18.0
15738,Toby Rose,59,Unknown,43.0
15739,TobyMac,0,Unknown,63.0
15740,Toca de Assis,43,Unknown,92.0
15741,Toca do Vale,44,Unknown,95.0
15742,Toca do Vale & Balanço do Forró,44,Unknown,95.0
15743,Todd Barry,20,Unknown,27.0
15744,Todd Carey,47,Unknown,24.0
15745,Todd Glass,23,Unknown,27.0
15746,Todd Rundgren,65,Unknown,78.0
15747,Todd Terry,2,Unknown,43.0
15748,Toddler Fun Learning,54,Unknown,93.0
15749,Toddler Tunes,61,Unknown,26.0
15750,Todos Tus Muertos,37,Unknown,71.0
15751,Together Pangea,27,Unknown,52.0
15752,Toini & The Tomcats,33,Unknown,84.0
15753,Tokimeki Sendenbu,45,Unknown,101.0
15754,Tokyo DisneySea,23,Unknown,9.0
15755,Tokyo Disneyland,30,Unknown,9.0
15756,Tokyo Ghetto Pussy,17,Unknown,10.0
15757,Tokyo Girls' Style,26,Unknown,101.0
15758,Tokyo Machine,56,Unknown,100.0
15759,Tokyo Ska Paradise Orchestra,31,Unknown,89.0
15760,Toledo Heights,50,Unknown,20.0
15761,Tolidos,36,Unknown,80.0
15762,Toly Braun,45,Unknown,69.0
15763,Tom & Jame,57,Unknown,58.0
15764,Tom & Jerry,44,Unknown,46.0
15765,Tom Ameen,31,Unknown,23.0
15766,Tom Ashbrook,50,Unknown,37.0
15767,Tom Browne,29,Unknown,45.0
15768,Tom Budin,41,Unknown,43.0
15769,Tom Cotter,21,Unknown,27.0
15770,Tom Day,46,Unknown,37.0
15771,Tom Ferry,46,Unknown,69.0
15772,Tom Hangs,24,Unknown,58.0
15773,Tom Jones,71,Unknown,93.0
15774,Tom Laws,21,Unknown,56.0
15775,Tom Misch,68,Unknown,102.0
15776,Tom Novy,0,Unknown,45.0
15777,Tom Odell,93,Unknown,40.0
15778,Tom Papa,27,Unknown,27.0
15779,Tom Petty,77,Unknown,19.0
15780,Tom Petty and the Heartbreakers,0,Unknown,19.0
15781,Tom Redwood,53,Unknown,43.0
15782,Tom Rosenthal,81,Unknown,93.0
15783,Tom Stormy Trio,23,Unknown,84.0
15784,Tom Swoon,42,Unknown,58.0
15785,Tom Twers,38,Unknown,97.0
15786,Tom Walker,71,Unknown,19.0
15787,Tom Wopat,21,Unknown,31.0
15788,Tom Zanetti,61,Unknown,43.0
15789,Tomas Andersson Wij,38,Unknown,114.0
15790,Tomas Hilber,41,Unknown,20.0
15791,Tomas Ledin,39,Unknown,114.0
15792,Tomas Lee,55,Unknown,23.0
15793,Tomaso Albinoni,23,Unknown,29.0
15794,Tomato N' Pine,32,Unknown,101.0
15795,Tomberlin,54,Unknown,79.0
15796,Tomcraft,48,Unknown,60.0
15797,Tomgang,45,Unknown,18.0
15798,Tommy Berre,38,Unknown,20.0
15799,Tommy Bolin,33,Unknown,2.0
15800,Tommy Edwards,52,Unknown,82.0
15801,Tommy Emmanuel,44,Unknown,17.0
15802,Tommy Flanagan,40,Unknown,5.0
15803,Tommy Ice,60,Unknown,66.0
15804,Tommy James & The Shondells,58,Unknown,52.0
15805,Tommy Keene,20,Unknown,78.0
15806,Tommy Lee Sparta,42,Unknown,86.0
15807,Tommy Nilsson,36,Unknown,114.0
15808,Tommy Olivencia,0,Unknown,110.0
15809,Tommy Olivencia y Su Orquesta,34,Unknown,110.0
15810,Tommy Roe,0,Unknown,82.0
15811,Tommy Ryman,26,Unknown,27.0
15812,Tommy Tiernan,22,Unknown,27.0
15813,Tommy Tip,32,Unknown,67.0
15814,Tommy Walker,48,Unknown,117.0
15815,Tommy heavenly6,50,Unknown,102.0
15816,Tommyknocker,33,Unknown,10.0
15817,Tomo,61,Unknown,19.0
15818,Tomo Como Rey,38,Unknown,89.0
15819,Tomorrow,69,Unknown,76.0
15820,Tompi,35,Unknown,103.0
15821,Tomppabeats,56,Unknown,40.0
15822,Tomsize,49,Unknown,51.0
15823,Ton Carfi,39,Unknown,28.0
15824,Tone Depth,47,Unknown,60.0
15825,Tone Stith,58,Unknown,40.0
15826,Tonebox,38,Unknown,41.0
15827,Tones On Tail,22,Unknown,
15828,Toneshifterz,70,Unknown,53.0
15829,Toni Braxton,0,Unknown,7.0
15830,Tonic,67,Unknown,70.0
15831,Tonico e Tinoco,47,Unknown,112.0
15832,Toninho Geraes,43,Unknown,
15833,Toninho Horta,21,Unknown,20.0
15834,Tonmoy Krypton,41,Unknown,98.0
15835,Tonny Sabetta,42,Unknown,28.0
15836,Tony Allen,48,Unknown,90.0
15837,Tony Allen With Africa 70,17,Unknown,90.0
15838,Tony Allysson,46,Unknown,92.0
15839,Tony Anderson,54,Unknown,37.0
15840,Tony Bennett,39,Unknown,5.0
15841,Tony Boy,35,Unknown,66.0
15842,Tony Dize,60,Unknown,105.0
15843,Tony Esposito,38,Unknown,45.0
15844,Tony Faline,18,Unknown,38.0
15845,Tony Guerra & Forró Sacode,45,Unknown,95.0
15846,Tony Joe White,0,Unknown,2.0
15847,Tony Junior,52,Unknown,43.0
15848,Tony Landa,31,Unknown,113.0
15849,Tony Matterhorn,23,Unknown,86.0
15850,Tony Molina,27,Unknown,52.0
15851,Tony O'Connor,35,Unknown,22.0
15852,Tony Rice,25,Unknown,17.0
15853,Tony Rice Unit,27,Unknown,17.0
15854,Tony Salmonelli,16,Unknown,10.0
15855,Tony Trischka,30,Unknown,17.0
15856,Tony Vega,37,Unknown,110.0
15857,Tony Yayo,54,Unknown,72.0
15858,Too Far Gone,44,Unknown,18.0
15859,Too Lamb,8,Unknown,34.0
15860,Too Much Joy,19,Unknown,78.0
15861,Toots & The Maytals,35,Unknown,89.0
15862,Top Cat,26,Unknown,46.0
15863,Top Girls,29,Unknown,45.0
15864,Top of the Bus,38,Unknown,
15865,Topic,80,Unknown,49.0
15866,Toploader,77,Unknown,63.0
15867,Topsy Crettz,38,Unknown,69.0
15868,Toque De Prima,43,Unknown,
15869,Toque no Altar,42,Unknown,28.0
15870,Toquinho,40,Unknown,109.0
15871,Torby Brand,42,Unknown,91.0
15872,Tori Amos,33,Unknown,23.0
15873,Toronto Is Broken,41,Unknown,55.0
15874,Torren Foot,46,Unknown,69.0
15875,Torrian Ball,57,Unknown,36.0
15876,Torsson,33,Unknown,89.0
15877,Torsten Kanzler,18,Unknown,56.0
15878,Torture Squad,25,Unknown,65.0
15879,Tosca,47,Unknown,62.0
15880,Toser One,54,Unknown,105.0
15881,Toshihiro Tachibana,21,Unknown,9.0
15882,Total Fucking Destruction,13,Unknown,68.0
15883,Total Jerks,32,Unknown,72.0
15884,Total Science,22,Unknown,46.0
15885,Totally Enormous Extinct Dinosaurs,55,Unknown,45.0
15886,Totally Nothin,38,Unknown,66.0
15887,Totalselfhatred,39,Unknown,64.0
15888,Totenwache,17,Unknown,64.0
15889,Totoy El Frio,1,Unknown,87.0
15890,Totální nasazení,38,Unknown,80.0
15891,Tough Love,4,Unknown,43.0
15892,Tourist,55,Unknown,51.0
15893,Tourneecast 2011,26,Unknown,31.0
15894,Toutant,43,Unknown,41.0
15895,Tove Lo,76,Unknown,50.0
15896,Tove Styrke,55,Unknown,114.0
15897,Tower of Rome,12,Unknown,68.0
15898,Town Mountain,39,Unknown,17.0
15899,Toxic Holocaust,23,Unknown,64.0
15900,Toyboy & Robin,47,Unknown,69.0
15901,Toys That Kill,22,Unknown,78.0
15902,Trace Adkins,0,Unknown,18.0
15903,Tracey Chattaway,38,Unknown,37.0
15904,TrackGonEat,44,Unknown,91.0
15905,Tracy Chapman,78,Unknown,19.0
15906,Tracy Huang,21,Unknown,94.0
15907,Tracy Lawrence,0,Unknown,18.0
15908,Tracy Morgan,22,Unknown,27.0
15909,Traditional,57,Unknown,35.0
15910,Traffic,60,Unknown,2.0
15911,Tragedis,35,Unknown,80.0
15912,Train,82,Unknown,83.0
15913,Traitors,28,Unknown,65.0
15914,Traitrs,54,Unknown,67.0
15915,Trampa,45,Unknown,47.0
15916,Trampled by Turtles,37,Unknown,17.0
15917,Tranceball,19,Unknown,100.0
15918,Tranquility Piano,21,Unknown,9.0
15919,Transmetal,38,Unknown,65.0
15920,Trap Them,19,Unknown,68.0
15921,Trapped Under Ice,28,Unknown,72.0
15922,Trapt,72,Unknown,70.0
15923,Traste Lindéns Kvintett,36,Unknown,114.0
15924,Traumer,0,Unknown,56.0
15925,Traveling Wilburys,73,Unknown,2.0
15926,Travis,69,Unknown,6.0
15927,Travis Bretzer,57,Unknown,52.0
15928,Travis Cottrell,56,Unknown,117.0
15929,Travis Denning,0,Unknown,18.0
15930,Travis Scott,84,Unknown,1.0
15931,Travis Tritt,0,Unknown,18.0
15932,Trazendo a Arca,46,Unknown,92.0
15933,Trbl,21,Unknown,
15934,Tre Oh Fie,43,Unknown,41.0
15935,Tream,73,Unknown,57.0
15936,Trembling Blue Stars,18,Unknown,41.0
15937,Tren Loco,30,Unknown,73.0
15938,Tres Demented,10,Unknown,44.0
15939,Tres Hermanas,32,Unknown,24.0
15940,Trespassed,54,Unknown,72.0
15941,Trevor Daniel,79,Unknown,16.0
15942,Trevor Hall,61,Unknown,24.0
15943,Trevor Something,50,Unknown,59.0
15944,Triac,13,Unknown,68.0
15945,Tribal Rain,52,Unknown,11.0
15946,Tribalistas,45,Unknown,109.0
15947,Tribe Society,53,Unknown,51.0
15948,Tribulation,21,Unknown,65.0
15949,Triciclo Circus Band,52,Unknown,89.0
15950,Trick James,55,Unknown,66.0
15951,Tricker,34,Unknown,91.0
15952,Tricky,55,Unknown,62.0
15953,Trigober,32,Unknown,34.0
15954,Trilha Sonora do Gueto,51,Unknown,92.0
15955,Trille,53,Unknown,97.0
15956,Trilucid,52,Unknown,58.0
15957,Trinix,71,Unknown,96.0
15958,Trio Alexandre,42,Unknown,28.0
15959,Trio Ayacucho,38,Unknown,20.0
15960,Trio Forrozão,39,Unknown,95.0
15961,Trio Hugo Diaz,18,Unknown,115.0
15962,Trio Nascimento,40,Unknown,28.0
15963,Trio Nordestino,38,Unknown,95.0
15964,Trio Parada Dura,55,Unknown,112.0
15965,Trio Sabiá,38,Unknown,95.0
15966,Trio Virgulino,44,Unknown,95.0
15967,Trio de Ferro,41,Unknown,111.0
15968,Triomphe,58,Unknown,96.0
15969,Triplo Max,45,Unknown,54.0
15970,Tripswitch,34,Unknown,37.0
15971,Triptykon,17,Unknown,64.0
15972,Trisha Yearwood,0,Unknown,18.0
15973,Tristam,58,Unknown,40.0
15974,Tristan,41,Unknown,61.0
15975,Tristan Prettyman,51,Unknown,24.0
15976,Tristen Longfellow,51,Unknown,23.0
15977,Tritom,42,Unknown,109.0
15978,Tritonal,61,Unknown,47.0
15979,Trivax,4,Unknown,99.0
15980,Trivecta,50,Unknown,47.0
15981,Trivium,61,Unknown,77.0
15982,Troglauer,33,Unknown,57.0
15983,Trolls,25,Unknown,52.0
15984,Tronic,43,Unknown,80.0
15985,Tropical Bleyage,36,Unknown,61.0
15986,Tropical Florida,50,Unknown,19.0
15987,Tropkillaz,66,Unknown,51.0
15988,Troublemakers,36,Unknown,114.0
15989,Trout Steak Revival,29,Unknown,17.0
15990,TroyBoi,62,Unknown,49.0
15991,Troye Sivan,82,Unknown,42.0
15992,Truchło Strzygi,25,Unknown,64.0
15993,Trudy and the Romance,57,Unknown,52.0
15994,True Gabe,33,Unknown,66.0
15995,Truesound Village,48,Unknown,35.0
15996,Truncate,0,Unknown,56.0
15997,Trye,20,Unknown,53.0
15998,Tryggve Malmberg,60,Unknown,35.0
15999,Tryo,31,Unknown,96.0
16000,Tsjuder,18,Unknown,64.0
16001,Tsunami Bomb,33,Unknown,78.0
16002,Tsunehiko Kamijyou,34,Unknown,9.0
16003,Tsuyoshi Nagabuchi,33,Unknown,103.0
16004,Tube & Berger,54,Unknown,51.0
16005,Tubeway Army,58,Unknown,59.0
16006,Tucka,39,Unknown,2.0
16007,Tuhan,44,Unknown,116.0
16008,Tujamo,69,Unknown,58.0
16009,Tulipa Ruiz,40,Unknown,109.0
16010,Tullycraft,39,Unknown,41.0
16011,Tulsi Kumar,62,Unknown,15.0
16012,Tulus,38,Unknown,102.0
16013,Tunacola,36,Unknown,51.0
16014,Tunai,41,Unknown,109.0
16015,Tuneboy,20,Unknown,53.0
16016,Tungas,36,Unknown,80.0
16017,Tungevaag,66,Unknown,49.0
16018,Tupelo Highshots,36,Unknown,84.0
16019,Turbonegro,29,Unknown,82.0
16020,Turhan James,44,Unknown,51.0
16021,Turma da Pisadinha,45,Unknown,95.0
16022,Turma do Pagode,63,Unknown,
16023,Turn.,43,Unknown,34.0
16024,Turno,27,Unknown,46.0
16025,Turnover,60,Unknown,66.0
16026,Turquoise Palms,57,Unknown,35.0
16027,Tushar Dutta,33,Unknown,21.0
16028,Tutto Durán,55,Unknown,113.0
16029,Tuxedo,52,Unknown,59.0
16030,Tuyo,40,Unknown,109.0
16031,Tweekacore,51,Unknown,10.0
16032,Twenty One Pilots,85,Unknown,83.0
16033,Twiddle,36,Unknown,103.0
16034,Twin Peaks,59,Unknown,52.0
16035,Twin Strings,59,Unknown,98.0
16036,Twinkle Twinkle Little Rock Star,29,Unknown,26.0
16037,Twinkz,46,Unknown,34.0
16038,Twins,47,Unknown,94.0
16039,Twisted Individual,26,Unknown,46.0
16040,Twisted Melodiez,40,Unknown,53.0
16041,Twisted Pine,22,Unknown,17.0
16042,Twisted Sister,75,Unknown,71.0
16043,Two Another,62,Unknown,96.0
16044,Two Feet,78,Unknown,11.0
16045,Two Lone Swordsmen,39,Unknown,55.0
16046,Two Shell,48,Unknown,41.0
16047,Two Without Hats,28,Unknown,43.0
16048,Two Year Vacation,24,Unknown,67.0
16049,Ty Dolla $ign,79,Unknown,42.0
16050,Tycho,58,Unknown,40.0
16051,Tygapaw,16,Unknown,41.0
16052,Tyler Braden,4,Unknown,18.0
16053,Tyler Childers,47,Unknown,18.0
16054,Tyler Farr,45,Unknown,18.0
16055,Tyler Hubbard,1,Unknown,18.0
16056,Tyler Rich,2,Unknown,18.0
16057,Tyler Terrance,45,Unknown,20.0
16058,Tyler Ward,55,Unknown,24.0
16059,Type O Negative,63,Unknown,63.0
16060,Type.Raw,14,Unknown,34.0
16061,Tyree,5,Unknown,39.0
16062,Tyree Cooper,41,Unknown,39.0
16063,Tyrone Wells,58,Unknown,24.0
16064,Tyrävyö,38,Unknown,80.0
16065,Tyson Sidhu,67,Unknown,16.0
16066,Tz da Coronel,52,Unknown,3.0
16067,Tzafu,43,Unknown,41.0
16068,Tzeri,47,Unknown,34.0
16069,Tá Na Mente,52,Unknown,
16070,Téléphone,34,Unknown,96.0
16071,Télépopmusik,63,Unknown,51.0
16072,Tři Sestry,43,Unknown,80.0
16073,U-Roy,57,Unknown,47.0
16074,U.D.O.,49,Unknown,73.0
16075,U137,0,Unknown,37.0
16076,U96,35,Unknown,60.0
16077,UB40,73,Unknown,87.0
16078,UCLÃ,53,Unknown,92.0
16079,UFO,61,Unknown,2.0
16080,UM44K,48,Unknown,109.0
16081,UMEK,50,Unknown,56.0
16082,UMI,69,Unknown,40.0
16083,UN-CUT,16,Unknown,46.0
16084,UNB,44,Unknown,98.0
16085,UNICORN,31,Unknown,103.0
16086,UNIONE,39,Unknown,101.0
16087,UNISON SQUARE GARDEN,60,Unknown,91.0
16088,UNKLE,52,Unknown,62.0
16089,UNSECRET,54,Unknown,2.0
16090,UPSAHL,69,Unknown,11.0
16091,US Agroboy,51,Unknown,112.0
16092,UVERworld,63,Unknown,91.0
16093,UVIQUE,20,Unknown,53.0
16094,UWE! - Der Kreisligatrainer,29,Unknown,57.0
16095,UZI,66,Unknown,116.0
16096,Uada,19,Unknown,64.0
16097,Uberzone,14,Unknown,38.0
16098,Udbhav,51,Unknown,98.0
16099,Udit Narayan,64,Unknown,15.0
16100,Ufo361,39,Unknown,97.0
16101,Ufuk Beydemir,67,Unknown,32.0
16102,Ugly Kid Joe,69,Unknown,71.0
16103,Ugly Valley Boys,27,Unknown,67.0
16104,Ugo Borghetti,32,Unknown,66.0
16105,Ugo Maria Morosi,22,Unknown,9.0
16106,Ulterior Motive,20,Unknown,46.0
16107,Ultimate Party Mixers,30,Unknown,
16108,Ultra Naté,58,Unknown,43.0
16109,Ultrabeat,61,Unknown,60.0
16110,Ultraje a Rigor,45,Unknown,92.0
16111,Ultramen,38,Unknown,111.0
16112,Ultrasonicas,43,Unknown,52.0
16113,Ultravox,62,Unknown,59.0
16114,Um Barril de Rap,49,Unknown,92.0
16115,Umakant Barik,30,Unknown,111.0
16116,Umberto Giordano,22,Unknown,29.0
16117,Umer Farooq,42,Unknown,98.0
16118,Umitaro Abe,53,Unknown,23.0
16119,Umut Dogan,32,Unknown,43.0
16120,Umut Kaya,45,Unknown,116.0
16121,Umut Timur,56,Unknown,116.0
16122,Unanimated,18,Unknown,64.0
16123,Unantastbar,39,Unknown,97.0
16124,Uncle Devin,12,Unknown,
16125,Uncle Earl,24,Unknown,17.0
16126,Uncle Kracker,1,Unknown,18.0
16127,Uncle Sinner,22,Unknown,67.0
16128,Undeath,22,Unknown,65.0
16129,Underaiki,35,Unknown,66.0
16130,Undercatt,50,Unknown,60.0
16131,Underground Resistance,25,Unknown,44.0
16132,Underoath,62,Unknown,77.0
16133,Unders,51,Unknown,51.0
16134,Underwater Deep Sleep White Noise Nature Ocean Sounds,32,Unknown,35.0
16135,Unearth,26,Unknown,65.0
16136,Unexist,23,Unknown,10.0
16137,Unga Scener,35,Unknown,114.0
16138,Ungfell,18,Unknown,64.0
16139,Unha Pintada,49,Unknown,95.0
16140,Unholy,41,Unknown,41.0
16141,Unholy Grave,12,Unknown,68.0
16142,Unifire,21,Unknown,53.0
16143,UniqeCorn,27,Unknown,34.0
16144,UnityTX,28,Unknown,72.0
16145,Universal Frequency,59,Unknown,35.0
16146,Universo,66,Unknown,35.0
16147,Unkle Bob,41,Unknown,24.0
16148,Unknown Brain,65,Unknown,49.0
16149,Unknown Mortal Orchestra,67,Unknown,40.0
16150,Unknöwn Kun,45,Unknown,100.0
16151,Unleash The Archers,28,Unknown,67.0
16152,Unleashed,18,Unknown,64.0
16153,Unlike Pluto,74,Unknown,83.0
16154,Unni Menon,62,Unknown,15.0
16155,Unnikrishnan,61,Unknown,15.0
16156,Unnormal,34,Unknown,57.0
16157,Uno Svenningsson,38,Unknown,114.0
16158,Unodavid,61,Unknown,66.0
16159,Unproven,33,Unknown,72.0
16160,Unresolved,28,Unknown,53.0
16161,Unspoken Tradition,28,Unknown,17.0
16162,Unstable,31,Unknown,61.0
16163,Until I Wake,56,Unknown,76.0
16164,Unwritten Skies,61,Unknown,35.0
16165,"Up, Bustle & Out",18,Unknown,62.0
16166,Upchurch,52,Unknown,18.0
16167,Upgrade,38,Unknown,61.0
16168,Upon A Burning Body,58,Unknown,65.0
16169,Urban Rescue,58,Unknown,117.0
16170,Urgehal,16,Unknown,64.0
16171,Uriah Heep,58,Unknown,79.0
16172,Urszula,31,Unknown,59.0
16173,Us The Duo,64,Unknown,24.0
16174,Usain Bolt,19,Unknown,100.0
16175,Useless ID,38,Unknown,72.0
16176,Usted Señalemelo,42,Unknown,51.0
16177,Utah Jazz,15,Unknown,46.0
16178,Utha Likumahuwa,39,Unknown,102.0
16179,Uttam Singh,58,Unknown,15.0
16180,Uwe Kröger,27,Unknown,31.0
16181,Uzair Jaswal,64,Unknown,16.0
16182,V-Osasto,37,Unknown,81.0
16183,V. Selvaganesh,47,Unknown,21.0
16184,V3K,33,Unknown,107.0
16185,V72,28,Unknown,34.0
16186,V8,33,Unknown,73.0
16187,VAL,55,Unknown,40.0
16188,VARLEY,45,Unknown,97.0
16189,VAX,63,Unknown,114.0
16190,VEERUS,32,Unknown,96.0
16191,VELIAL SQUAD,44,Unknown,66.0
16192,VIBIE,72,Unknown,98.0
16193,VICKY SINGH,47,Unknown,98.0
16194,VINAI,71,Unknown,49.0
16195,VIZE,62,Unknown,97.0
16196,VNV Nation,50,Unknown,
16197,VOLAC,55,Unknown,92.0
16198,VOLB3X,52,Unknown,54.0
16199,VOWWOW,23,Unknown,73.0
16200,VRSTY,28,Unknown,77.0
16201,VTORNIK,77,Unknown,1.0
16202,Vaboh,52,Unknown,66.0
16203,Vacations,83,Unknown,74.0
16204,Vacuum Cleaner White Noise,39,Unknown,35.0
16205,Vader,52,Unknown,64.0
16206,Vadim Kozin,13,Unknown,30.0
16207,Vaibhav Bundhoo,41,Unknown,98.0
16208,Vaibhav Malhotra,39,Unknown,32.0
16209,Vajen van den Bosch,25,Unknown,9.0
16210,Vald,41,Unknown,96.0
16211,Valdeci Aguiar,38,Unknown,28.0
16212,Valdes,34,Unknown,51.0
16213,Valen Hsu,51,Unknown,108.0
16214,Valencia Torres,43,Unknown,20.0
16215,Valentina Lisitsa,49,Unknown,23.0
16216,Valentina Ponomaryova,30,Unknown,30.0
16217,Valentina Romano,59,Unknown,23.0
16218,Valentino Khan,64,Unknown,51.0
16219,Valentín Elizalde,50,Unknown,6.0
16220,Valera,47,Unknown,40.0
16221,Valerie Link,25,Unknown,31.0
16222,Valerio Castilla,55,Unknown,40.0
16223,Valery Obodzinsky,35,Unknown,30.0
16224,Valesca Mayssa,53,Unknown,92.0
16225,Valido,26,Unknown,53.0
16226,Valkyrja,20,Unknown,64.0
16227,Vall,55,Unknown,43.0
16228,Valley,69,Unknown,50.0
16229,Valntn,56,Unknown,40.0
16230,Valonkantajat,30,Unknown,73.0
16231,Valérie Beaumont,45,Unknown,23.0
16232,Vampire Weekend,64,Unknown,11.0
16233,Van Halen,78,Unknown,71.0
16234,Van Morrison,80,Unknown,19.0
16235,Vance Joy,82,Unknown,19.0
16236,Vancouver Sleep Clinic,72,Unknown,19.0
16237,Vandal!sm,32,Unknown,72.0
16238,Vandenberg,46,Unknown,20.0
16239,Vander Lee,49,Unknown,109.0
16240,Vandeta,43,Unknown,61.0
16241,Vanesa Martín,57,Unknown,113.0
16242,Vanessa Bell Armstrong,39,Unknown,28.0
16243,Vanessa Bling,18,Unknown,100.0
16244,Vanessa Carlton,77,Unknown,23.0
16245,Vanessa Da Mata,49,Unknown,109.0
16246,Vanessa Daou,18,Unknown,62.0
16247,Vanessa Mai,38,Unknown,97.0
16248,Vanessa Paradis,65,Unknown,96.0
16249,Vanguart,41,Unknown,109.0
16250,Vanic,43,Unknown,51.0
16251,Vanilda Bordieri,40,Unknown,28.0
16252,Vanilla Beach,41,Unknown,34.0
16253,Vanilla Fudge,51,Unknown,79.0
16254,Vanita,46,Unknown,60.0
16255,Vanja Lind,57,Unknown,23.0
16256,Vanna,28,Unknown,77.0
16257,Vansire,76,Unknown,11.0
16258,Vantroi,34,Unknown,113.0
16259,Vanusa,40,Unknown,102.0
16260,Vargas & Lagola,0,Unknown,114.0
16261,Vargrav,17,Unknown,64.0
16262,Varg²™,43,Unknown,41.0
16263,Varials,25,Unknown,65.0
16264,Varien,63,Unknown,40.0
16265,Varinder Brar,64,Unknown,1.0
16266,Vasantrao Deshpande,40,Unknown,21.0
16267,Vashti Bunyan,50,Unknown,93.0
16268,Vassendgutane,49,Unknown,18.0
16269,Vast,24,Unknown,
16270,Vasu Raina,41,Unknown,98.0
16271,Vasuda Sharma,41,Unknown,19.0
16272,Vaudou Game,20,Unknown,90.0
16273,Vaundy,75,Unknown,102.0
16274,Vector Lovers,16,Unknown,55.0
16275,Vector Seven,43,Unknown,41.0
16276,Ved Sharma,66,Unknown,16.0
16277,Vedavathi Prabhakar,40,Unknown,21.0
16278,Veegas,29,Unknown,45.0
16279,Veena Sahasrabuddhe,37,Unknown,21.0
16280,Veer,15,Unknown,47.0
16281,Vega,54,Unknown,97.0
16282,Vegas (Brasil),40,Unknown,61.0
16283,Vegas (Brazil),48,Unknown,61.0
16284,Vegedream,72,Unknown,96.0
16285,VeggieTales,29,Unknown,26.0
16286,Veil Of Maya,54,Unknown,65.0
16287,Veintiuno,58,Unknown,113.0
16288,Velhas Virgens,39,Unknown,80.0
16289,Velho,21,Unknown,64.0
16290,Velpo Sonols,55,Unknown,35.0
16291,Velvet Crush,22,Unknown,78.0
16292,Velvet Revolver,54,Unknown,70.0
16293,Vendredi,28,Unknown,24.0
16294,Vendredi sur Mer,64,Unknown,96.0
16295,Venemy,37,Unknown,47.0
16296,Venom,10,Unknown,64.0
16297,Venomous Concept,12,Unknown,68.0
16298,Ventania,44,Unknown,92.0
16299,Venus,32,Unknown,45.0
16300,Venz,35,Unknown,66.0
16301,Vera,39,Unknown,116.0
16302,Vera Loca,47,Unknown,92.0
16303,Veracocha,55,Unknown,61.0
16304,Vercetti CG,35,Unknown,66.0
16305,Verge Collection,27,Unknown,52.0
16306,Verjnuarmu,28,Unknown,65.0
16307,Vermilia,17,Unknown,64.0
16308,Vermin Womb,21,Unknown,68.0
16309,Vermont (BR),46,Unknown,61.0
16310,Verna Felton,56,Unknown,9.0
16311,Verney Pépin,62,Unknown,23.0
16312,Vernon Oxford,17,Unknown,4.0
16313,Veronica Maggio,38,Unknown,114.0
16314,Veronica Ra'elle,35,Unknown,2.0
16315,Versos Que Compomos Na Estrada,39,Unknown,109.0
16316,Vertical Worship,64,Unknown,117.0
16317,Veruca Salt,25,Unknown,70.0
16318,Verzache,72,Unknown,40.0
16319,Vesku Jokinen,36,Unknown,81.0
16320,Vessel,41,Unknown,41.0
16321,VetLove,39,Unknown,69.0
16322,Vetusta Morla,60,Unknown,113.0
16323,Veys Colak,45,Unknown,116.0
16324,Vianney,72,Unknown,96.0
16325,Vibronics,25,Unknown,47.0
16326,Vic Vem,26,Unknown,67.0
16327,Vicanes Jay,43,Unknown,107.0
16328,Vicente Amigo,22,Unknown,20.0
16329,Vicente Garcia,0,Unknown,25.0
16330,Vicetone,71,Unknown,49.0
16331,Vicka,47,Unknown,109.0
16332,Vickeblanka,68,Unknown,91.0
16333,Vicky,67,Unknown,16.0
16334,Vicky Arlidge,52,Unknown,93.0
16335,Vicky Chen,62,Unknown,108.0
16336,Victor & Leo,50,Unknown,112.0
16337,Victor Crone,59,Unknown,114.0
16338,Victor Furbacken,21,Unknown,67.0
16339,Victor Leksell,66,Unknown,114.0
16340,Victor Meira,41,Unknown,95.0
16341,Victor Rice,21,Unknown,90.0
16342,Victor Ruiz,42,Unknown,43.0
16343,Victor Wong,55,Unknown,108.0
16344,Victoria de los Ángeles,20,Unknown,29.0
16345,Vida Reluz,52,Unknown,92.0
16346,Vide,49,Unknown,114.0
16347,Videoclub,68,Unknown,96.0
16348,Vidhi Sharma,51,Unknown,19.0
16349,Vidyasagar,55,Unknown,104.0
16350,Vienna State Opera Chorus,23,Unknown,29.0
16351,Viernes Verde,43,Unknown,76.0
16352,Vieux Farka Touré,63,Unknown,2.0
16353,Vieze Jack,33,Unknown,53.0
16354,Vigiland,64,Unknown,51.0
16355,Viikate,27,Unknown,73.0
16356,Vijay,59,Unknown,15.0
16357,Vijay & Sofia Zlatko,47,Unknown,43.0
16358,Vijay Antony,60,Unknown,104.0
16359,Vijay Yesudas,58,Unknown,15.0
16360,Viju Jeremiah Traven,19,Unknown,107.0
16361,Vika Tsyganova,31,Unknown,30.0
16362,Vikadakavi,41,Unknown,107.0
16363,Viken Arman,55,Unknown,51.0
16364,Vikingarna,41,Unknown,114.0
16365,Viktor Kvist,51,Unknown,20.0
16366,Vilas Monnappa,17,Unknown,60.0
16367,Vilen,74,Unknown,1.0
16368,Village,2,Unknown,96.0
16369,Village People,70,Unknown,45.0
16370,Villain of the Story,56,Unknown,77.0
16371,Villem,18,Unknown,46.0
16372,Vilões do Forró e Karkará,44,Unknown,95.0
16373,Vince Gill,1,Unknown,18.0
16374,Vince Guaraldi,29,Unknown,102.0
16375,Vince Guaraldi Trio,1,Unknown,5.0
16376,Vincent,45,Unknown,47.0
16377,Vincent Wong,23,Unknown,94.0
16378,Vincent de Moor,49,Unknown,61.0
16379,Vincenzo Bellini,41,Unknown,29.0
16380,Vincy Chan,41,Unknown,94.0
16381,Vindu,47,Unknown,51.0
16382,Vini Vici,58,Unknown,61.0
16383,Vinny Santa Fé,43,Unknown,
16384,Vinod Rathod,59,Unknown,15.0
16385,Vintersorg,20,Unknown,64.0
16386,Vio,41,Unknown,116.0
16387,Violent Femmes,71,Unknown,24.0
16388,Violent Soho,29,Unknown,52.0
16389,Violet Cold,36,Unknown,64.0
16390,Violet Soda,28,Unknown,70.0
16391,Vipa Music,27,Unknown,86.0
16392,Virg0h,33,Unknown,34.0
16393,Virginia Astley,24,Unknown,37.0
16394,Virginia Lopez,38,Unknown,82.0
16395,Virginia To Vegas,68,Unknown,54.0
16396,Virgo Four,18,Unknown,39.0
16397,Virgoun,42,Unknown,107.0
16398,Virtual Riot,51,Unknown,47.0
16399,Virtue In Vain,34,Unknown,77.0
16400,Virus,47,Unknown,63.0
16401,Virus Syndicate,45,Unknown,47.0
16402,Visage,63,Unknown,59.0
16403,Vishal Casey,66,Unknown,35.0
16404,Vishal Chandrashekhar,73,Unknown,16.0
16405,Vishal Dadlani,65,Unknown,1.0
16406,Vishal Mishra,72,Unknown,16.0
16407,Vishal-Shekhar,72,Unknown,15.0
16408,Vision Video,29,Unknown,67.0
16409,Visions of Atlantis,49,Unknown,67.0
16410,Vismay Patel,68,Unknown,98.0
16411,Vista Versicle,1,Unknown,99.0
16412,Vitalic,55,Unknown,51.0
16413,Viti Ruiz,31,Unknown,110.0
16414,Vitinho,57,Unknown,
16415,Vitinho Imperador,49,Unknown,95.0
16416,Vitor & Cadu,46,Unknown,112.0
16417,Vitor Fernandes,57,Unknown,95.0
16418,Vitor Kley,45,Unknown,92.0
16419,Vitor Limma,52,Unknown,
16420,Vitor e Luan,48,Unknown,112.0
16421,Vitória Souza,41,Unknown,28.0
16422,Viva La Panda,59,Unknown,43.0
16423,Viva Suecia,58,Unknown,113.0
16424,Vivat,29,Unknown,45.0
16425,Viveck Ji,44,Unknown,107.0
16426,Vivek - Mervin,67,Unknown,16.0
16427,Vivian Chow,50,Unknown,94.0
16428,Vivian Hsu,23,Unknown,108.0
16429,Vivian Koo,22,Unknown,94.0
16430,Vivian Lai,52,Unknown,94.0
16431,Vivid Color,52,Unknown,24.0
16432,Vlad in Tears,30,Unknown,67.0
16433,Vladimir Nechaev,1,Unknown,30.0
16434,Vladimir Troshin,29,Unknown,30.0
16435,Vluestar,70,Unknown,40.0
16436,Voicemail,20,Unknown,100.0
16437,Voidax,21,Unknown,53.0
16438,Voilaaa,48,Unknown,90.0
16439,Volbeat,1,Unknown,63.0
16440,Volcano,29,Unknown,72.0
16441,Volkan Konak,38,Unknown,116.0
16442,Volker Anderson,58,Unknown,23.0
16443,Volo,36,Unknown,96.0
16444,Volumes,50,Unknown,77.0
16445,Vomit Forth,23,Unknown,65.0
16446,Vomitory,14,Unknown,68.0
16447,Von Von Bon,49,Unknown,34.0
16448,Vondkreistan,43,Unknown,41.0
16449,Voodoo Glow Skulls,37,Unknown,81.0
16450,Vorsa,53,Unknown,40.0
16451,Vou Zuar,46,Unknown,
16452,Vou pro Sereno,51,Unknown,
16453,Vowe,33,Unknown,72.0
16454,Voz da Verdade,48,Unknown,92.0
16455,Vreid,24,Unknown,64.0
16456,Vrinda Shameek,31,Unknown,107.0
16457,Vroni,31,Unknown,57.0
16458,Vuelta Canela,41,Unknown,106.0
16459,Vulgaires Machins,36,Unknown,80.0
16460,Vulgo FK,51,Unknown,3.0
16461,Vulvodynia,23,Unknown,65.0
16462,Vundabar,82,Unknown,52.0
16463,Vwillz,67,Unknown,36.0
16464,Vxnity,34,Unknown,91.0
16465,VyOk,54,Unknown,66.0
16466,Vybz Kartel,60,Unknown,86.0
16467,Vypsana Fixa,39,Unknown,80.0
16468,Víctor Manuel,0,Unknown,113.0
16469,Víctor Manuelle,35,Unknown,110.0
16470,Víkingur Ólafsson,62,Unknown,23.0
16471,Vómito Nuclear,32,Unknown,72.0
16472,Vũ.,61,Unknown,32.0
16473,W O L F C L U B,40,Unknown,59.0
16474,W&W,66,Unknown,61.0
16475,W.M.L,62,Unknown,108.0
16476,WAAX,31,Unknown,52.0
16477,WALK THE MOON,83,Unknown,63.0
16478,WANDS,35,Unknown,91.0
16479,WANIMA,37,Unknown,102.0
16480,WATEVA,49,Unknown,51.0
16481,WAVE.,63,Unknown,96.0
16482,WC no Beat,44,Unknown,92.0
16483,WE ARE FURY,49,Unknown,47.0
16484,WEAVER,52,Unknown,91.0
16485,WEDNESDAY CAMPANELLA,51,Unknown,100.0
16486,WEISS,60,Unknown,43.0
16487,WHIPPED CREAM,56,Unknown,51.0
16488,WHITENO1SE,54,Unknown,61.0
16489,WHTKD,58,Unknown,43.0
16490,WILDES,44,Unknown,93.0
16491,WILLOW,69,Unknown,16.0
16492,WINNER,64,Unknown,104.0
16493,WNDRLST,24,Unknown,60.0
16494,WORMONO,66,Unknown,98.0
16495,WRATHE,41,Unknown,47.0
16496,Waa Wei,51,Unknown,108.0
16497,Wage War,62,Unknown,76.0
16498,Waguinho,42,Unknown,28.0
16499,Wahlberg,40,Unknown,114.0
16500,Wajid,61,Unknown,1.0
16501,Wakin Chau,24,Unknown,108.0
16502,Waldeck,49,Unknown,62.0
16503,Waldir Azevedo,36,Unknown,111.0
16504,Waldonys,42,Unknown,95.0
16505,Walker & Royce,53,Unknown,43.0
16506,Walker Hayes,77,Unknown,18.0
16507,Walkyria Santos,43,Unknown,95.0
16508,Wallas Arrais,39,Unknown,95.0
16509,Wallows,80,Unknown,11.0
16510,Walls of Jericho,24,Unknown,77.0
16511,Walmir Alencar,54,Unknown,92.0
16512,Walt's Piano,29,Unknown,9.0
16513,Walter Franco,38,Unknown,109.0
16514,Walter Lochmann,28,Unknown,31.0
16515,Walter Murphy,35,Unknown,45.0
16516,Waltteri Torikka,25,Unknown,9.0
16517,Wanda Jackson,56,Unknown,82.0
16518,Wande Coal,63,Unknown,86.0
16519,Wando,44,Unknown,
16520,Wang Chung,68,Unknown,59.0
16521,Wang Feng,54,Unknown,108.0
16522,Wankelmut,51,Unknown,43.0
16523,Wanting,44,Unknown,108.0
16524,War Angel,0,Unknown,99.0
16525,Warcry,31,Unknown,113.0
16526,Warfaze,46,Unknown,76.0
16527,Warmoon Lord,20,Unknown,64.0
16528,Warrant,61,Unknown,71.0
16529,Warren G,65,Unknown,72.0
16530,Warren Smith,29,Unknown,82.0
16531,Warsaw Afrobeat Orchestra,18,Unknown,90.0
16532,Washed Out,63,Unknown,59.0
16533,Washington Brasileiro,48,Unknown,95.0
16534,Wasted Glitter,47,Unknown,34.0
16535,Wasted Penguinz,51,Unknown,53.0
16536,Wasteland,16,Unknown,10.0
16537,Wasting Program,18,Unknown,10.0
16538,Wasuta,22,Unknown,101.0
16539,Watain,43,Unknown,64.0
16540,Watchhouse,69,Unknown,17.0
16541,Water Sound Natural White Noise,76,Unknown,35.0
16542,Waterfall Sounds,36,Unknown,35.0
16543,Waterparks,66,Unknown,80.0
16544,Watkins Family Hour,21,Unknown,17.0
16545,Watt White,65,Unknown,63.0
16546,Wave Sounds For Sleep,42,Unknown,35.0
16547,Waverider,21,Unknown,53.0
16548,Waveum,31,Unknown,34.0
16549,Wavey,56,Unknown,96.0
16550,Wax Tailor,60,Unknown,62.0
16551,WayV,69,Unknown,104.0
16552,Wayne Gratz,24,Unknown,22.0
16553,Wayne Jarrett,27,Unknown,86.0
16554,Wayne Mack,57,Unknown,24.0
16555,Wayr,40,Unknown,48.0
16556,Wazir Patar,62,Unknown,1.0
16557,We Are Magonia,42,Unknown,41.0
16558,We Are The Fallen,49,Unknown,67.0
16559,We Butter The Bread With Butter,34,Unknown,65.0
16560,We Came As Romans,70,Unknown,76.0
16561,We The Heathens,27,Unknown,24.0
16562,We The Kings,49,Unknown,23.0
16563,Weathers,71,Unknown,63.0
16564,Webb Pierce,34,Unknown,4.0
16565,Webb Wilder,26,Unknown,84.0
16566,Wednesday 13,27,Unknown,
16567,Wee Sing,29,Unknown,26.0
16568,Weeekly,71,Unknown,104.0
16569,Weekend Nachos,27,Unknown,68.0
16570,Weeping Willows,35,Unknown,114.0
16571,Weezer,78,Unknown,63.0
16572,Wehbba,42,Unknown,56.0
16573,WeiBird,71,Unknown,108.0
16574,Weichafe,34,Unknown,72.0
16575,Weißes Rauschen HD,67,Unknown,35.0
16576,Weliton O Gordinho,41,Unknown,95.0
16577,Welshly Arms,66,Unknown,63.0
16578,Wendell B,34,Unknown,2.0
16579,Wenight,38,Unknown,34.0
16580,Wes Montgomery,55,Unknown,20.0
16581,Weslei Santos,53,Unknown,92.0
16582,Wesley Safadão,43,Unknown,95.0
16583,West Thebarton,25,Unknown,52.0
16584,Westbam/ML,26,Unknown,60.0
16585,Westbound Train,38,Unknown,89.0
16586,Westend,57,Unknown,43.0
16587,Western Addiction,28,Unknown,78.0
16588,Weston,23,Unknown,78.0
16589,Weston Estate,63,Unknown,40.0
16590,Westside Connection,67,Unknown,3.0
16591,Wet Wet Wet,72,Unknown,6.0
16592,Wett Brain,62,Unknown,66.0
16593,Weval,55,Unknown,56.0
16594,Wganda Kenya,23,Unknown,90.0
16595,Whalebone,26,Unknown,20.0
16596,Whales,73,Unknown,47.0
16597,Wham!,80,Unknown,45.0
16598,What So Not,63,Unknown,51.0
16599,Wheels on the Bus,52,Unknown,26.0
16600,When Chai Met Toast,55,Unknown,19.0
16601,When In Rome,71,Unknown,59.0
16602,Whethan,67,Unknown,49.0
16603,While She Sleeps,55,Unknown,77.0
16604,Whiney,53,Unknown,46.0
16605,Whirr,58,Unknown,70.0
16606,White Lion,61,Unknown,71.0
16607,White Noise Babies,39,Unknown,35.0
16608,White Noise Baby Sleep,85,Unknown,35.0
16609,White Noise Baby Sleep Music,32,Unknown,35.0
16610,White Noise Meditation,44,Unknown,35.0
16611,White Noise Nature Sounds Baby Sleep,33,Unknown,35.0
16612,White Noise Relaxation,35,Unknown,35.0
16613,White Noise Research,36,Unknown,35.0
16614,White Noise Sleep Sounds,47,Unknown,35.0
16615,White Noise Therapy,38,Unknown,35.0
16616,White Noise for Babies,54,Unknown,35.0
16617,White Noise for Deeper Sleep,36,Unknown,35.0
16618,White Panda,52,Unknown,11.0
16619,White Reaper,26,Unknown,52.0
16620,White Ward,38,Unknown,64.0
16621,White Zombie,69,Unknown,63.0
16622,Whitechapel,53,Unknown,65.0
16623,Whitefield Brothers,46,Unknown,90.0
16624,Whitesnake,69,Unknown,2.0
16625,Whitney Cummings,20,Unknown,27.0
16626,WhoMadeWho,60,Unknown,51.0
16627,Whoredom Rife,17,Unknown,64.0
16628,Why Don't We,74,Unknown,42.0
16629,Wibke Komi,51,Unknown,34.0
16630,Wiegedood,25,Unknown,64.0
16631,Wiener Philharmoniker,0,Unknown,21.0
16632,Wietske van Tongeren,26,Unknown,31.0
16633,"Wietske van Tongeren, Schatten",26,Unknown,31.0
16634,"Wietske van Tongeren, Uwe Kröger",24,Unknown,31.0
16635,Wifisfuneral,62,Unknown,66.0
16636,Wig Wam,63,Unknown,76.0
16637,Wiktoria,50,Unknown,114.0
16638,Wilbur Soot,70,Unknown,11.0
16639,Wild Cherry,71,Unknown,45.0
16640,Wild Motherfuckers,19,Unknown,53.0
16641,Wild Wax Combo,22,Unknown,84.0
16642,Wildstylez,58,Unknown,53.0
16643,Wildways,40,Unknown,77.0
16644,Wiley,28,Unknown,86.0
16645,Wilfred Lau,56,Unknown,94.0
16646,Wilian Nascimento,40,Unknown,28.0
16647,Wilkinson,69,Unknown,46.0
16648,Will Ackerman,26,Unknown,22.0
16649,Will Carano,63,Unknown,35.0
16650,Will Connolly,48,Unknown,31.0
16651,Will Joseph Cook,56,Unknown,25.0
16652,Will Moore,48,Unknown,24.0
16653,Will Pan,60,Unknown,108.0
16654,Will Roland,29,Unknown,31.0
16655,WillMan,36,Unknown,114.0
16656,Willemijn Verkaik,59,Unknown,9.0
16657,Willi Herren,30,Unknown,45.0
16658,Willi Wedel,30,Unknown,45.0
16659,William Black,53,Unknown,47.0
16660,William Cas,65,Unknown,23.0
16661,William Christie,23,Unknown,29.0
16662,William Clark Green,49,Unknown,18.0
16663,William Ellwood,22,Unknown,22.0
16664,William Fitzsimmons,55,Unknown,24.0
16665,William Joseph,46,Unknown,22.0
16666,William Luna,38,Unknown,20.0
16667,William Onyeabor,45,Unknown,90.0
16668,William Orbit,48,Unknown,62.0
16669,William Singe,61,Unknown,40.0
16670,William So,45,Unknown,94.0
16671,William Walton,61,Unknown,93.0
16672,Willie Barcena,22,Unknown,27.0
16673,Willie Clayton,33,Unknown,2.0
16674,Willie Colón,39,Unknown,110.0
16675,Willie Gonzalez,36,Unknown,110.0
16676,Willie Nelson,1,Unknown,18.0
16677,Willie Rosario,32,Unknown,110.0
16678,Willy Chirino,29,Unknown,110.0
16679,Willy Garcia,28,Unknown,110.0
16680,Willyecho,52,Unknown,63.0
16681,Wilmer X,38,Unknown,89.0
16682,Wilson Pickett,65,Unknown,3.0
16683,Wilson Piravom,35,Unknown,107.0
16684,Wilson Sideral,42,Unknown,2.0
16685,Wilson Simonal,43,Unknown,109.0
16686,Wim Mertens,26,Unknown,37.0
16687,Windir,21,Unknown,64.0
16688,Winds of Plague,26,Unknown,64.0
16689,Wine Lips,28,Unknown,52.0
16690,Winifred Atwell,18,Unknown,4.0
16691,Winnie Hsin,53,Unknown,108.0
16692,Winona Oak,57,Unknown,114.0
16693,Winterfylleth,17,Unknown,64.0
16694,Winterise,0,Unknown,99.0
16695,Wintersun,54,Unknown,65.0
16696,Wiser Noise,60,Unknown,35.0
16697,Wishbone Ash,50,Unknown,2.0
16698,Wisin & Yandel,83,Unknown,50.0
16699,Wisp,13,Unknown,55.0
16700,Witchery,19,Unknown,64.0
16701,Witchtrap,18,Unknown,64.0
16702,With Confidence,67,Unknown,66.0
16703,Within Destruction,47,Unknown,65.0
16704,Within Temptation,61,Unknown,67.0
16705,Within The Ruins,27,Unknown,65.0
16706,Witness the Existence,0,Unknown,99.0
16707,Witt Lowry,77,Unknown,16.0
16708,Wiz Khalifa,82,Unknown,42.0
16709,Wizboyy,44,Unknown,86.0
16710,Wizkid,75,Unknown,86.0
16711,Wizo,38,Unknown,97.0
16712,Wobble Baby Wobble Baby,38,Unknown,
16713,Woesum,51,Unknown,41.0
16714,Wohnout,39,Unknown,80.0
16715,Wojciech Brzezinski,21,Unknown,9.0
16716,Wojciech Paszkowski,25,Unknown,9.0
16717,Wolf Alice,65,Unknown,63.0
16718,Wolfgang Amadeus Mozart,64,Unknown,21.0
16719,Wolfgang Petry,31,Unknown,57.0
16720,Wolfgang Snow,65,Unknown,35.0
16721,Wolfmother,68,Unknown,63.0
16722,Wolves Club,63,Unknown,35.0
16723,Wolves In The Throne Room,20,Unknown,64.0
16724,Womack & Womack,67,Unknown,45.0
16725,Woo York,39,Unknown,60.0
16726,Wood & Wire,36,Unknown,17.0
16727,Wood Belly,33,Unknown,17.0
16728,Woodbox Gang,26,Unknown,67.0
16729,Woodlock,66,Unknown,19.0
16730,Woods Of Ypres,21,Unknown,64.0
16731,Wooli,48,Unknown,47.0
16732,Worakls,60,Unknown,43.0
16733,World Party,22,Unknown,78.0
16734,World of Pleasure,30,Unknown,72.0
16735,Wormrot,37,Unknown,68.0
16736,Wormwood,22,Unknown,64.0
16737,Worst,30,Unknown,72.0
16738,WowKidz,28,Unknown,26.0
16739,Wraith,18,Unknown,64.0
16740,Wretched,22,Unknown,65.0
16741,Wszyscy Byliśmy Harcerzami,36,Unknown,81.0
16742,Wu Bai,54,Unknown,108.0
16743,Wu-Tang Clan,75,Unknown,72.0
16744,Wuki,59,Unknown,51.0
16745,Wyatt Cenac,26,Unknown,27.0
16746,Wynardtage,25,Unknown,
16747,Wynners,35,Unknown,94.0
16748,Wänderlost,55,Unknown,40.0
16749,X Ambassadors,76,Unknown,63.0
16750,X JAPAN,45,Unknown,73.0
16751,X-Models,37,Unknown,114.0
16752,X-Pander,23,Unknown,53.0
16753,X-RX,27,Unknown,
16754,XANDDY HARMONIA,48,Unknown,3.0
16755,XERXES THE DARK,6,Unknown,99.0
16756,XINCLAIR,34,Unknown,36.0
16757,XO Nomit,26,Unknown,53.0
16758,XSIX,0,Unknown,99.0
16759,XTC,60,Unknown,78.0
16760,XXXTENTACION,87,Unknown,66.0
16761,Xad,54,Unknown,96.0
16762,Xam651,39,Unknown,97.0
16763,Xamã,54,Unknown,92.0
16764,Xande De Pilares,47,Unknown,
16765,Xandl,36,Unknown,69.0
16766,Xandria,39,Unknown,67.0
16767,Xanthochroid,21,Unknown,64.0
16768,Xaon,21,Unknown,65.0
16769,Xaverius Love,60,Unknown,23.0
16770,Xavi The Destroyer,38,Unknown,88.0
16771,Xavier Ortando,65,Unknown,35.0
16772,Xavier Rudd,71,Unknown,19.0
16773,Xenon,28,Unknown,113.0
16774,XiJaro & Pitch,48,Unknown,61.0
16775,Xian Zi,53,Unknown,108.0
16776,Ximena Sariñana,45,Unknown,63.0
16777,Xir,47,Unknown,116.0
16778,Xpansions,28,Unknown,60.0
16779,Xuefei Yang,22,Unknown,20.0
16780,Xuitcasecity,62,Unknown,36.0
16781,Xyclone,26,Unknown,86.0
16782,Xzibit,63,Unknown,72.0
16783,Y.V.E. 48,66,Unknown,43.0
16784,Y2j,0,Unknown,108.0
16785,YBRE,44,Unknown,97.0
16786,YFG Pave,38,Unknown,97.0
16787,YK Kastro,26,Unknown,86.0
16788,YL,0,Unknown,96.0
16789,YNG Martyr,64,Unknown,36.0
16790,YOASOBI,76,Unknown,102.0
16791,YOU LOSE,31,Unknown,72.0
16792,YSA,20,Unknown,9.0
16793,YSB Tril,40,Unknown,36.0
16794,YUI,66,Unknown,102.0
16795,YUKI,35,Unknown,102.0
16796,YUNGBLUD,70,Unknown,93.0
16797,YUZU,52,Unknown,24.0
16798,Yabai T-Shirts Yasan,37,Unknown,102.0
16799,Yael Meyer,35,Unknown,51.0
16800,Yael Naim,59,Unknown,96.0
16801,Yaga & Mackie,40,Unknown,106.0
16802,Yago Oproprio,57,Unknown,92.0
16803,Yagya,21,Unknown,56.0
16804,Yahaira Plasencia,31,Unknown,110.0
16805,Yahoo,42,Unknown,6.0
16806,Yajaira,21,Unknown,73.0
16807,Yaksta,34,Unknown,100.0
16808,Yamal and George,38,Unknown,88.0
16809,Yamazaru,50,Unknown,102.0
16810,Yan Collazo,36,Unknown,110.0
16811,Yandel,1,Unknown,105.0
16812,Yanfourd,31,Unknown,110.0
16813,Yaniss Odua,32,Unknown,96.0
16814,Yann Tiersen,73,Unknown,37.0
16815,Yanni,56,Unknown,22.0
16816,Yao Chen,53,Unknown,23.0
16817,Yarn,26,Unknown,17.0
16818,Yasemin Mori,35,Unknown,103.0
16819,Yashal Shahid,68,Unknown,16.0
16820,Yashraj,63,Unknown,1.0
16821,Yasir Miy,38,Unknown,116.0
16822,Yasmin Santos,50,Unknown,112.0
16823,Yasser Desai,77,Unknown,15.0
16824,Yasuharu Takanashi,56,Unknown,91.0
16825,Yasume,9,Unknown,55.0
16826,Yavuz Çetin,35,Unknown,103.0
16827,Yawning Portal,15,Unknown,41.0
16828,Yazoo,26,Unknown,59.0
16829,Yaşar,43,Unknown,116.0
16830,Yaşar Güvenir,38,Unknown,116.0
16831,Yaşar Kurt,36,Unknown,103.0
16832,Yaşlı Amca,44,Unknown,63.0
16833,Ycee,56,Unknown,86.0
16834,Yeah Yeah Yeahs,68,Unknown,63.0
16835,Years & Years,0,Unknown,49.0
16836,Yedinci Ev,42,Unknown,116.0
16837,Yeinomercy,42,Unknown,88.0
16838,Yello,0,Unknown,60.0
16839,Yellow Claw,64,Unknown,49.0
16840,Yellowcard,74,Unknown,81.0
16841,Yelo Molo,34,Unknown,80.0
16842,Yemi Alade,53,Unknown,86.0
16843,Yeni Türkü,43,Unknown,102.0
16844,Yera,1,Unknown,87.0
16845,Yida Huang,51,Unknown,108.0
16846,Yikii,18,Unknown,41.0
16847,Yimino,14,Unknown,55.0
16848,Yiordano Ignacio,46,Unknown,87.0
16849,Yiruma,71,Unknown,21.0
16850,Yisa Yu,51,Unknown,108.0
16851,Yiyo Sarante,35,Unknown,110.0
16852,Yiğit Seferoğlu,41,Unknown,116.0
16853,Yngwie Malmsteen,50,Unknown,20.0
16854,Yo Lee,44,Unknown,108.0
16855,Yo Speed,14,Unknown,38.0
16856,Yo Trane,35,Unknown,40.0
16857,Yo Yo Honey Singh,69,Unknown,1.0
16858,Yoel Lewis,48,Unknown,61.0
16859,Yoga Lin,54,Unknown,108.0
16860,Yogi B,46,Unknown,107.0
16861,Yoh kamiyama,62,Unknown,102.0
16862,Yohani,82,Unknown,74.0
16863,Yoke Lore,74,Unknown,19.0
16864,Yoko Duo,39,Unknown,55.0
16865,Yoko Takahashi,60,Unknown,91.0
16866,Yonatan Awate,69,Unknown,35.0
16867,Yonca Evcimik,40,Unknown,116.0
16868,Yonder Mountain String Band,39,Unknown,17.0
16869,Yonderboi,19,Unknown,62.0
16870,Yonse,26,Unknown,113.0
16871,Yoon Mirae,72,Unknown,104.0
16872,York,54,Unknown,97.0
16873,Yoshihiro Koseki,44,Unknown,20.0
16874,Yoshihisa Hirano,51,Unknown,91.0
16875,Yoshiki,63,Unknown,102.0
16876,Yoshio Ojima,11,Unknown,55.0
16877,Yosi Horikawa,44,Unknown,55.0
16878,Yoste,51,Unknown,40.0
16879,Yosui Inoue,32,Unknown,24.0
16880,Yot Club,84,Unknown,11.0
16881,Yoth Iria,34,Unknown,64.0
16882,Yotto,52,Unknown,58.0
16883,You Kikkawa,22,Unknown,101.0
16884,You Man,57,Unknown,96.0
16885,You Me At Six,40,Unknown,63.0
16886,You Ya,23,Unknown,108.0
16887,You'll Never Get to Heaven,54,Unknown,37.0
16888,Young,30,Unknown,108.0
16889,Young Cister,43,Unknown,106.0
16890,Young Lex,42,Unknown,66.0
16891,Young Stunna,10,Unknown,7.0
16892,Young Stunners,61,Unknown,1.0
16893,Young Thug,4,Unknown,1.0
16894,Young the Giant,75,Unknown,63.0
16895,Younha,62,Unknown,104.0
16896,Youri,35,Unknown,96.0
16897,Youth Code,20,Unknown,
16898,Youv Dee,34,Unknown,96.0
16899,Yoyo Sham,57,Unknown,94.0
16900,Yppah,54,Unknown,62.0
16901,Ysabelle Cuevas,54,Unknown,24.0
16902,Yu Hayami,35,Unknown,60.0
16903,Yu Takahashi,27,Unknown,24.0
16904,Yugo Kanno,66,Unknown,91.0
16905,Yui Horie,42,Unknown,101.0
16906,Yui Ogura,18,Unknown,101.0
16907,Yuji Kishi,20,Unknown,9.0
16908,Yuji Mitsuya,33,Unknown,9.0
16909,Yuki Hayashi,62,Unknown,91.0
16910,Yuki Kashiwagi,21,Unknown,101.0
16911,Yuki Koyanagi,38,Unknown,102.0
16912,Yuko Ando,60,Unknown,91.0
16913,Yume Miru Adolescence,24,Unknown,101.0
16914,Yumi Matsutoya,40,Unknown,102.0
16915,Yuna,59,Unknown,107.0
16916,Yung Bae,62,Unknown,3.0
16917,Yung Beef,67,Unknown,113.0
16918,Yung Buda,49,Unknown,92.0
16919,Yung Gravy,87,Unknown,1.0
16920,Yung Petsi,26,Unknown,53.0
16921,Yung Pinch,58,Unknown,66.0
16922,Yung Tide,56,Unknown,66.0
16923,Yunggoth✰,62,Unknown,66.0
16924,Yura Yunita,46,Unknown,102.0
16925,Yuri,0,Unknown,105.0
16926,Yuri Buenaventura,0,Unknown,110.0
16927,Yuri Costa,25,Unknown,69.0
16928,Yuri Kane,48,Unknown,61.0
16929,Yuri Morfessi,4,Unknown,30.0
16930,Yuriy Morfessi,0,Unknown,30.0
16931,Yury Pressão,55,Unknown,95.0
16932,Yusei,62,Unknown,40.0
16933,Yusuf / Cat Stevens,77,Unknown,93.0
16934,Yusuf Ekşioğlu,38,Unknown,116.0
16935,Yutaka Yamada,56,Unknown,91.0
16936,Yuu Miyashita,53,Unknown,91.0
16937,Yuuri,73,Unknown,102.0
16938,Yuvan Shankar Raja,74,Unknown,104.0
16939,Yves Larock,63,Unknown,45.0
16940,Yves V,65,Unknown,58.0
16941,Yxng Bane,58,Unknown,86.0
16942,Yxngxr1,65,Unknown,40.0
16943,Yüksek Sadakat,41,Unknown,116.0
16944,Yüzyüzeyken Konuşuruz,44,Unknown,63.0
16945,Yıldıray Gürgen,42,Unknown,116.0
16946,Yıldız Tilbe,39,Unknown,116.0
16947,Z Jocker,42,Unknown,106.0
16948,Z-Chen,56,Unknown,108.0
16949,Z.E.P,30,Unknown,96.0
16950,Z.TAO,47,Unknown,108.0
16951,Z.Z. Hill,35,Unknown,2.0
16952,ZAAC,63,Unknown,3.0
16953,ZABO,55,Unknown,41.0
16954,ZAPEROKO La Resistencia Salsera del Callao,37,Unknown,110.0
16955,ZAQ,65,Unknown,91.0
16956,ZAYN,80,Unknown,42.0
16957,ZICO,78,Unknown,104.0
16958,ZITH,17,Unknown,41.0
16959,ZOH,47,Unknown,50.0
16960,ZOID LAND,63,Unknown,36.0
16961,ZONE,58,Unknown,101.0
16962,ZOOKARADERU,33,Unknown,103.0
16963,ZPU,31,Unknown,113.0
16964,ZRobb,50,Unknown,40.0
16965,ZSK,34,Unknown,80.0
16966,ZUTOMAYO,67,Unknown,102.0
16967,ZZ Top,77,Unknown,2.0
16968,ZaZa,3,Unknown,
16969,Zac Efron,74,Unknown,31.0
16970,Zac Samuel,26,Unknown,43.0
16971,Zach Bryan,89,Unknown,18.0
16972,Zach Diamond,64,Unknown,36.0
16973,Zach Hood,72,Unknown,32.0
16974,Zachary Knowles,57,Unknown,40.0
16975,Zack Knight,69,Unknown,1.0
16976,Zack Tabudlo,75,Unknown,24.0
16977,Zack Zhu,31,Unknown,34.0
16978,Zacke,35,Unknown,114.0
16979,Zackey Force Funk,32,Unknown,59.0
16980,Zaeden,68,Unknown,49.0
16981,Zaini,61,Unknown,40.0
16982,Zak Manley,58,Unknown,24.0
16983,Zakes Bantwini,58,Unknown,43.0
16984,Zakkum,45,Unknown,116.0
16985,Zamdane,35,Unknown,96.0
16986,Zamilska,41,Unknown,41.0
16987,Zanger Kafke,34,Unknown,53.0
16988,Zany,26,Unknown,53.0
16989,Zapp,39,Unknown,45.0
16990,Zara,40,Unknown,116.0
16991,Zara Larsson,78,Unknown,42.0
16992,Zarastruta,51,Unknown,92.0
16993,Zarcort,39,Unknown,91.0
16994,Zareh Kan,26,Unknown,56.0
16995,Zariya,57,Unknown,98.0
16996,Zarobi,58,Unknown,35.0
16997,Zate,42,Unknown,97.0
16998,Zatox,55,Unknown,53.0
16999,Zaunpfahl,39,Unknown,97.0
17000,Zayde Wølf,61,Unknown,63.0
17001,Zealous,27,Unknown,107.0
17002,Zeb Maessen,65,Unknown,35.0
17003,Zebatin,45,Unknown,36.0
17004,Zebulon,34,Unknown,71.0
17005,Zebunissa Bangash,35,Unknown,32.0
17006,Zeca Baleiro,46,Unknown,92.0
17007,Zeca Pagodinho,50,Unknown,
17008,Zed Yun Pavarotti,33,Unknown,96.0
17009,Zedd,80,Unknown,42.0
17010,Zeds Dead,63,Unknown,47.0
17011,Zee Avi,50,Unknown,24.0
17012,Zeki Müren,46,Unknown,19.0
17013,Zella Day,67,Unknown,11.0
17014,Zen Atlas,60,Unknown,35.0
17015,Zeni N,47,Unknown,69.0
17016,Zeph,70,Unknown,11.0
17017,Zephyrtone,48,Unknown,49.0
17018,Zerimar,27,Unknown,86.0
17019,Zero 7,64,Unknown,51.0
17020,Zero Boys,25,Unknown,52.0
17021,Zero T,23,Unknown,46.0
17022,Zeromancer,35,Unknown,
17023,Zespół Starling,30,Unknown,45.0
17024,Zeus X Crona,67,Unknown,49.0
17025,Zevia,64,Unknown,32.0
17026,Zeynep Bastık,65,Unknown,116.0
17027,Zezo,46,Unknown,95.0
17028,Zezé Di Camargo & Luciano,47,Unknown,112.0
17029,Zhang Qing Fang,22,Unknown,108.0
17030,Zhang Yu Sheng,54,Unknown,108.0
17031,Zhang Zhen Yue,57,Unknown,108.0
17032,Zhanna Bichevskaya,12,Unknown,30.0
17033,Zhenya Shevchenko,9,Unknown,30.0
17034,Zhoobin Askarieh,0,Unknown,99.0
17035,Ziggy,42,Unknown,41.0
17036,Zikxo,33,Unknown,96.0
17037,Zil Baii,46,Unknown,34.0
17038,Zimbra,45,Unknown,92.0
17039,Zimmer,54,Unknown,45.0
17040,Zimmz,41,Unknown,60.0
17041,Zion & Lennox,84,Unknown,105.0
17042,Zius Lit,47,Unknown,91.0
17043,Ziv Zaifman,74,Unknown,31.0
17044,Zkr,36,Unknown,96.0
17045,Zmeyev,59,Unknown,40.0
17046,Zodiac Wave,59,Unknown,98.0
17047,Zoe Clark,62,Unknown,32.0
17048,Zoe Wees,77,Unknown,97.0
17049,Zofia Nowakowska,29,Unknown,9.0
17050,Zombie Girl,22,Unknown,
17051,Zombie Nation,64,Unknown,60.0
17052,Zombina & The Skeletones,26,Unknown,67.0
17053,Zomboy,54,Unknown,47.0
17054,Zooey Wonder,49,Unknown,108.0
17055,Zorra,21,Unknown,73.0
17056,Zouzounia,48,Unknown,26.0
17057,Zoé,45,Unknown,63.0
17058,Zpecial,51,Unknown,94.0
17059,Zubeen Garg,61,Unknown,15.0
17060,Zubirkhan,30,Unknown,107.0
17061,Zumbis Do Espaço,32,Unknown,72.0
17062,Zuris,34,Unknown,66.0
17063,Zuukou mayzie,36,Unknown,96.0
17064,Zvlášňý škola,36,Unknown,80.0
17065,Zwette,64,Unknown,97.0
17066,Zyon,21,Unknown,53.0
17067,Zyrtck,40,Unknown,76.0
17068,Zé Bigode Orquestra,18,Unknown,90.0
17069,Zé Cantor,49,Unknown,95.0
17070,Zé Felipe & Miguel,52,Unknown,112.0
17071,Zé Henrique & Gabriel,52,Unknown,112.0
17072,Zé Keti,39,Unknown,111.0
17073,Zé Ramalho,53,Unknown,92.0
17074,Zé Ricardo & Thiago,44,Unknown,112.0
17075,Zé Vaqueiro,52,Unknown,95.0
17076,Zé Vaqueiro Estilizado,41,Unknown,95.0
17077,Zélia Duncan,41,Unknown,109.0
17078,Zülfü Livaneli,41,Unknown,103.0
17079,[:SITD:],22,Unknown,
17080,[Alexandros],57,Unknown,91.0
17081,[bsd.u],61,Unknown,40.0
17082,a crowd of rebellion,43,Unknown,101.0
17083,a-ha,85,Unknown,83.0
17084,admo,57,Unknown,40.0
17085,aespa,78,Unknown,104.0
17086,al'Tyr,34,Unknown,64.0
17087,aleemrk,74,Unknown,1.0
17088,alva noto,41,Unknown,55.0
17089,amazarashi,61,Unknown,91.0
17090,andhim,49,Unknown,43.0
17091,andymori,33,Unknown,52.0
17092,anifi,44,Unknown,91.0
17093,anirap,46,Unknown,6.0
17094,arai tasuku,36,Unknown,55.0
17095,aspidistrafly,54,Unknown,37.0
17096,aswekeepsearching,33,Unknown,37.0
17097,aus,13,Unknown,55.0
17098,awakened souls,21,Unknown,20.0
17099,awfultune,76,Unknown,11.0
17100,ayaka,44,Unknown,32.0
17101,b/t,63,Unknown,40.0
17102,back number,74,Unknown,102.0
17103,badmómzjay,39,Unknown,97.0
17104,bdrmm,57,Unknown,52.0
17105,beabadoobee,77,Unknown,11.0
17106,bekcha,42,Unknown,11.0
17107,benny blanco,87,Unknown,42.0
17108,benny lewis,32,Unknown,34.0
17109,benny mayne,47,Unknown,36.0
17110,beosound,41,Unknown,34.0
17111,blackbear,81,Unknown,50.0
17112,bladecut,42,Unknown,34.0
17113,blessthefall,61,Unknown,76.0
17114,blink-182,83,Unknown,80.0
17115,bloodsimple,54,Unknown,69.0
17116,boom boom kid,40,Unknown,80.0
17117,boppy af,27,Unknown,34.0
17118,boy in skirt,65,Unknown,40.0
17119,brakence,59,Unknown,66.0
17120,brb.,68,Unknown,40.0
17121,buller,34,Unknown,67.0
17122,burger/ink,27,Unknown,47.0
17123,bôa,77,Unknown,11.0
17124,bülow,65,Unknown,50.0
17125,cacique'97,16,Unknown,90.0
17126,cadode,50,Unknown,102.0
17127,caleblrt,46,Unknown,40.0
17128,carolesdaughter,72,Unknown,11.0
17129,cehryl,54,Unknown,40.0
17130,chief.,45,Unknown,40.0
17131,chloe moriondo,0,Unknown,11.0
17132,cinema staff,51,Unknown,103.0
17133,clipping.,46,Unknown,
17134,coldrain,61,Unknown,71.0
17135,conscience,63,Unknown,91.0
17136,convolk,61,Unknown,66.0
17137,crayonine,42,Unknown,34.0
17138,creamy,59,Unknown,40.0
17139,cryy,50,Unknown,40.0
17140,cucu,53,Unknown,40.0
17141,cypherhound,40,Unknown,34.0
17142,cøzybøy,53,Unknown,66.0
17143,dandelion hands,67,Unknown,66.0
17144,dave the band,24,Unknown,52.0
17145,david hugo,62,Unknown,11.0
17146,deadmau5,64,Unknown,51.0
17147,death's dynamic shroud,42,Unknown,41.0
17148,defrag,15,Unknown,55.0
17149,demxntia,71,Unknown,40.0
17150,dhruv,83,Unknown,40.0
17151,disrupt,27,Unknown,68.0
17152,dj Shawny,58,Unknown,41.0
17153,dj funk,30,Unknown,39.0
17154,doVicente,58,Unknown,43.0
17155,downstairs lantern,43,Unknown,34.0
17156,downstreamdream,41,Unknown,34.0
17157,dreissk,13,Unknown,55.0
17158,dusty dexter,41,Unknown,34.0
17159,dvsn,0,Unknown,7.0
17160,dwsdmusic,61,Unknown,40.0
17161,dyl dion,66,Unknown,40.0
17162,eAeon,66,Unknown,50.0
17163,eXterio,37,Unknown,80.0
17164,easy life,0,Unknown,11.0
17165,eery,58,Unknown,40.0
17166,eevee,57,Unknown,40.0
17167,eill,54,Unknown,91.0
17168,eli.,58,Unknown,66.0
17169,escape,57,Unknown,42.0
17170,fenekot,58,Unknown,40.0
17171,filous,57,Unknown,43.0
17172,fishbowl,21,Unknown,101.0
17173,fishkid,44,Unknown,36.0
17174,flipturn,65,Unknown,103.0
17175,flora cash,75,Unknown,19.0
17176,flowtide,51,Unknown,34.0
17177,fogdream,34,Unknown,34.0
17178,for KING & COUNTRY,65,Unknown,63.0
17179,forever grown,46,Unknown,34.0
17180,frad,62,Unknown,91.0
17181,frederic,57,Unknown,102.0
17182,frek!,37,Unknown,34.0
17183,fresh from the oven,42,Unknown,34.0
17184,fun.,77,Unknown,83.0
17185,gavn!,58,Unknown,36.0
17186,gazzzy,71,Unknown,36.0
17187,ginormous,13,Unknown,55.0
17188,giovanni carozza,29,Unknown,60.0
17189,girl in red,80,Unknown,11.0
17190,glass beach,62,Unknown,66.0
17191,gnachos,30,Unknown,34.0
17192,go!go!vanillas,38,Unknown,102.0
17193,gosha,38,Unknown,41.0
17194,grandson,75,Unknown,63.0
17195,graves,64,Unknown,50.0
17196,grentperez,65,Unknown,40.0
17197,guardin,62,Unknown,66.0
17198,guccihighwaters,56,Unknown,66.0
17199,halca,54,Unknown,91.0
17200,half•alive,66,Unknown,63.0
17201,heroku,40,Unknown,34.0
17202,hevel,57,Unknown,40.0
17203,hiperkarma,43,Unknown,19.0
17204,hitomi,20,Unknown,101.0
17205,hope mona,47,Unknown,34.0
17206,huglord,49,Unknown,34.0
17207,iKON,71,Unknown,104.0
17208,iMarkkeyz,32,Unknown,41.0
17209,iamalex,58,Unknown,40.0
17210,iamjakehill,75,Unknown,66.0
17211,if found,42,Unknown,47.0
17212,iio,56,Unknown,45.0
17213,iithe1st,64,Unknown,40.0
17214,ill Nicky,39,Unknown,36.0
17215,ilsey john,31,Unknown,34.0
17216,ilyTOMMY,71,Unknown,66.0
17217,imase,1,Unknown,102.0
17218,inbetweenjobs,28,Unknown,34.0
17219,indigo la End,54,Unknown,102.0
17220,itssvd,76,Unknown,40.0
17221,iwrestledabearonce,0,Unknown,65.0
17222,iyla,64,Unknown,40.0
17223,j'san,62,Unknown,40.0
17224,j-hope,77,Unknown,104.0
17225,jackLNDN,53,Unknown,45.0
17226,jahmiel,53,Unknown,86.0
17227,jassie z,31,Unknown,34.0
17228,jesvn,44,Unknown,40.0
17229,joan,57,Unknown,40.0
17230,jon-YAKITORY,55,Unknown,91.0
17231,joysad,33,Unknown,96.0
17232,joyvegas,60,Unknown,98.0
17233,julie,62,Unknown,70.0
17234,kSaya,25,Unknown,51.0
17235,kahlooa station,46,Unknown,34.0
17236,kamiyado,19,Unknown,101.0
17237,kate gill,56,Unknown,32.0
17238,kenshin kai,39,Unknown,34.0
17239,keshi,75,Unknown,40.0
17240,khai dreams,70,Unknown,11.0
17241,kiLLa Laharl,54,Unknown,66.0
17242,kidolitx,42,Unknown,36.0
17243,kizaru,60,Unknown,66.0
17244,kobasolo,50,Unknown,91.0
17245,krissy & ericka,64,Unknown,24.0
17246,kurochuu.,43,Unknown,91.0
17247,lama,45,Unknown,47.0
17248,le Shuuk,55,Unknown,56.0
17249,levitation room,56,Unknown,52.0
17250,lofi.samurai,66,Unknown,40.0
17251,lola dreams,28,Unknown,34.0
17252,longlost,54,Unknown,36.0
17253,lovelytheband,71,Unknown,63.0
17254,luca.,45,Unknown,40.0
17255,lullaboy,63,Unknown,40.0
17256,luvbyrd,42,Unknown,91.0
17257,luvuto,30,Unknown,34.0
17258,mHz,1,Unknown,99.0
17259,maNga,41,Unknown,116.0
17260,majiko,62,Unknown,91.0
17261,major7th,47,Unknown,34.0
17262,makko,38,Unknown,97.0
17263,marcos g,59,Unknown,40.0
17264,mazie,79,Unknown,11.0
17265,mazurka,27,Unknown,34.0
17266,mc jhenny,22,Unknown,3.0
17267,me7k,62,Unknown,40.0
17268,meadowzz,42,Unknown,34.0
17269,mehro,71,Unknown,32.0
17270,meiyo,60,Unknown,102.0
17271,menores atos,36,Unknown,66.0
17272,metoronori,10,Unknown,55.0
17273,metyou,35,Unknown,66.0
17274,meynus,66,Unknown,40.0
17275,michael holliday,30,Unknown,82.0
17276,mike.,69,Unknown,11.0
17277,milet,66,Unknown,102.0
17278,minnie rock,37,Unknown,57.0
17279,miwa,57,Unknown,91.0
17280,mj apanay,58,Unknown,40.0
17281,mol-74,40,Unknown,103.0
17282,mommy,58,Unknown,40.0
17283,mooncycles,37,Unknown,34.0
17284,moow,61,Unknown,40.0
17285,mor ve ötesi,39,Unknown,116.0
17286,mxmtoon,73,Unknown,11.0
17287,my little airport,50,Unknown,94.0
17288,nan,0,Unknown,104.0
17289,nebulo,10,Unknown,55.0
17290,negatiiv OG,38,Unknown,97.0
17291,neguse.,39,Unknown,102.0
17292,nekoi,57,Unknown,40.0
17293,neon,43,Unknown,40.0
17294,nilöwh.,50,Unknown,40.0
17295,nite sky,63,Unknown,35.0
17296,nobody likes you pat,57,Unknown,32.0
17297,nobodyknows+,62,Unknown,102.0
17298,"nothing,nowhere.",56,Unknown,66.0
17299,nøll,48,Unknown,47.0
17300,o9,22,Unknown,55.0
17301,obnoXIuz,28,Unknown,67.0
17302,offrami,36,Unknown,43.0
17303,ohGr,20,Unknown,
17304,omarr,50,Unknown,40.0
17305,one sonic society,59,Unknown,117.0
17306,pan-tea,0,Unknown,99.0
17307,paniyolo,46,Unknown,20.0
17308,peach tinted,58,Unknown,40.0
17309,per se,45,Unknown,94.0
17310,phonon,40,Unknown,48.0
17311,poofi.,44,Unknown,40.0
17312,potsu,69,Unknown,40.0
17313,prxz,64,Unknown,40.0
17314,quiizzzmeow,57,Unknown,66.0
17315,raspy,57,Unknown,36.0
17316,rasya,46,Unknown,34.0
17317,really big mountains,39,Unknown,34.0
17318,rec.memos,46,Unknown,34.0
17319,rei brown,54,Unknown,40.0
17320,remy,56,Unknown,40.0
17321,rody dünyada,38,Unknown,116.0
17322,sad alex,59,Unknown,11.0
17323,sadeyes,62,Unknown,66.0
17324,sagun,71,Unknown,40.0
17325,sakanaction,33,Unknown,103.0
17326,salem ilese,76,Unknown,11.0
17327,salvia palth,77,Unknown,66.0
17328,sammy rash,64,Unknown,36.0
17329,sasanomaly,56,Unknown,91.0
17330,selfyy,38,Unknown,97.0
17331,shawn pink,41,Unknown,34.0
17332,shirobeats,49,Unknown,91.0
17333,shrub.beats,46,Unknown,34.0
17334,shy martin,68,Unknown,50.0
17335,slchld,66,Unknown,40.0
17336,slipmami,46,Unknown,3.0
17337,slån,45,Unknown,34.0
17338,small query,32,Unknown,34.0
17339,somanshu,41,Unknown,49.0
17340,sonolon,31,Unknown,34.0
17341,sorrow,49,Unknown,36.0
17342,sound butler,38,Unknown,34.0
17343,sourja,33,Unknown,34.0
17344,ssshhhiiittt!,59,Unknown,81.0
17345,static breather,41,Unknown,34.0
17346,suggi,54,Unknown,40.0
17347,sumika,64,Unknown,91.0
17348,supercell,57,Unknown,91.0
17349,surrenderdorothy,62,Unknown,66.0
17350,sweet ARMS,48,Unknown,91.0
17351,syudou,52,Unknown,91.0
17352,t-low,41,Unknown,97.0
17353,tacica,52,Unknown,102.0
17354,ten56.,53,Unknown,77.0
17355,that dog.,25,Unknown,78.0
17356,the Unbreakable,29,Unknown,53.0
17357,the bootleg boy,56,Unknown,40.0
17358,the peggies,62,Unknown,91.0
17359,the quiet room,34,Unknown,103.0
17360,the shes gone,37,Unknown,102.0
17361,thuy,67,Unknown,40.0
17362,tills chills,50,Unknown,91.0
17363,toksi,39,Unknown,97.0
17364,trentemøller,49,Unknown,56.0
17365,tstewart,45,Unknown,55.0
17366,twocolors,72,Unknown,49.0
17367,twoloud,50,Unknown,58.0
17368,tyDi,57,Unknown,58.0
17369,uncles,39,Unknown,34.0
17370,untrusted,66,Unknown,40.0
17371,vaultboy,77,Unknown,16.0
17372,vibe academy,46,Unknown,34.0
17373,voXXclub,34,Unknown,57.0
17374,wacci,41,Unknown,91.0
17375,wander wildner,39,Unknown,80.0
17376,wavcrush,48,Unknown,34.0
17377,wave to earth,60,Unknown,40.0
17378,wet by water,42,Unknown,34.0
17379,whaledontsleep,56,Unknown,102.0
17380,when in NY,39,Unknown,34.0
17381,white noizz,41,Unknown,34.0
17382,willie johns,38,Unknown,34.0
17383,wrldofdunkin,29,Unknown,107.0
17384,xJ-Will,33,Unknown,34.0
17385,yaeow,61,Unknown,40.0
17386,yama,71,Unknown,102.0
17387,yanaginagi,49,Unknown,91.0
17388,yetep,47,Unknown,47.0
17389,yeule,50,Unknown,37.0
17390,yunusemre,38,Unknown,116.0
17391,yutaka hirasaka,46,Unknown,37.0
17392,´Goule,44,Unknown,34.0
17393,µ-Ziq,41,Unknown,55.0
17394,¿Téo?,61,Unknown,7.0
17395,Álvaro De Luna,66,Unknown,113.0
17396,Álvaro Del Castillo,33,Unknown,110.0
17397,Álvaro Tito,35,Unknown,69.0
17398,Ándrue,32,Unknown,51.0
17399,Ángel Vargas,21,Unknown,115.0
17400,Ángeles Del Infierno,37,Unknown,113.0
17401,Árbol,41,Unknown,80.0
17402,Âme,1,Unknown,56.0
17403,Åsa Jinder,35,Unknown,114.0
17404,Çağrı Sertel,37,Unknown,116.0
17405,Çağrı Sinci,42,Unknown,116.0
17406,Çilekeş,40,Unknown,80.0
17407,Èlia Bastida,27,Unknown,113.0
17408,É O Tchan,44,Unknown,3.0
17409,Élise Aucoin,50,Unknown,23.0
17410,Étienne Daho,32,Unknown,96.0
17411,Ícaro e Gilmar,53,Unknown,112.0
17412,Ñejo,46,Unknown,106.0
17413,Ñejo & Dalmata,2,Unknown,105.0
17414,Ólafur Arnalds,65,Unknown,37.0
17415,Órla Fallon,36,Unknown,29.0
17416,ÖTENAZİ,40,Unknown,76.0
17417,Ömer Balık,53,Unknown,43.0
17418,Ömür Göksel,38,Unknown,116.0
17419,Östen Med Resten,37,Unknown,114.0
17420,Östen Warnerbring,34,Unknown,89.0
17421,Österreich,51,Unknown,103.0
17422,Öwnboss,82,Unknown,92.0
17423,Özdemir Erdoğan,38,Unknown,102.0
17424,Özgün,38,Unknown,116.0
17425,Özlem Özdil,43,Unknown,19.0
17426,ØMI,49,Unknown,100.0
17427,ØZI,52,Unknown,108.0
17428,Øfdream,44,Unknown,47.0
17429,Øien,28,Unknown,53.0
17430,Øostil,52,Unknown,60.0
17431,Üm,59,Unknown,96.0
17432,Ümit Besen,39,Unknown,116.0
17433,İkiye On Kala,42,Unknown,116.0
17434,İlhan İrem,44,Unknown,102.0
17435,İmpala,40,Unknown,116.0
17436,İnsan Mıyız,44,Unknown,63.0
17437,İzel,38,Unknown,116.0
17438,Şam,50,Unknown,116.0
17439,Şanışer,47,Unknown,116.0
17440,Şebnem Ferah,44,Unknown,116.0
17441,Şehinşah,49,Unknown,116.0
17442,Şekersiz,40,Unknown,116.0
17443,Şençalar Kardeşler,36,Unknown,79.0
17444,ŠKWOR,42,Unknown,76.0
17445,Štěpán Soukup,37,Unknown,80.0
17446,μ's,37,Unknown,91.0
17447,Автоспорт,50,Unknown,66.0
17448,Автостопом по фазе сна,56,Unknown,66.0
17449,Александр Добронравов,12,Unknown,30.0
17450,Александр Морозов,0,Unknown,30.0
17451,Александр Цфасман,0,Unknown,30.0
17452,Алёша Димитриевич,2,Unknown,30.0
17453,Андрей Петров,8,Unknown,30.0
17454,Аркадий Погодин,0,Unknown,30.0
17455,Валерий Агафонов,0,Unknown,30.0
17456,Вероника Борисенко,0,Unknown,30.0
17457,Виктор Лебедев,1,Unknown,30.0
17458,Владимир Бунчиков,8,Unknown,30.0
17459,Галина Карева,0,Unknown,30.0
17460,Галина Романова (Лёля Белая) и группа Первомайка,0,Unknown,30.0
17461,Где Фантом?,58,Unknown,81.0
17462,"Группа ""Загадка""",13,Unknown,30.0
17463,Дмитрий Харатьян,20,Unknown,30.0
17464,Иван Петров,0,Unknown,30.0
17465,Кето Джапаридзе,0,Unknown,30.0
17466,Кипелов,47,Unknown,73.0
17467,Колыбельная-земля,22,Unknown,117.0
17468,Кэто Джапаридзе,0,Unknown,30.0
17469,Михаил Вавич,0,Unknown,30.0
17470,Надежда Обухова,0,Unknown,30.0
17471,Николай Никитский,0,Unknown,30.0
17472,Николай Рыбников,21,Unknown,30.0
17473,Николай Тимченко,1,Unknown,30.0
17474,Павел Михайлов,14,Unknown,30.0
17475,Перемотка,54,Unknown,81.0
17476,Российский Государственный симфонический оркестр кинематографии,22,Unknown,30.0
17477,Сергей Захаров,0,Unknown,30.0
17478,Сергей Зыков,0,Unknown,30.0
17479,Соня Тимофеева,0,Unknown,30.0
17480,Стронгилла Иртлач,0,Unknown,30.0
17481,Тамара Церетели,1,Unknown,30.0
17482,Татьяна Комова,0,Unknown,30.0
17483,Театр Теней,44,Unknown,73.0
17484,≠ME,36,Unknown,101.0
17485,✦ pink cig ✦,58,Unknown,66.0
17486,『ユイカ』,65,Unknown,102.0
17487,あれくん,54,Unknown,102.0
17488,いとうかなこ,55,Unknown,91.0
17489,すとぷり,37,Unknown,102.0
17490,なとり,78,Unknown,102.0
17491,はてな,52,Unknown,91.0
17492,もさを。,61,Unknown,102.0
17493,オレンジスパイニクラブ,34,Unknown,103.0
17494,ケプラ,36,Unknown,102.0
17495,サザンオールスターズ,44,Unknown,102.0
17496,スカートとPUNPEE,52,Unknown,91.0
17497,スピラ・スピカ,55,Unknown,91.0
17498,トライセラトップス,35,Unknown,103.0
17499,ドリーミング,33,Unknown,91.0
17500,ノースリーブス,34,Unknown,101.0
17501,ハルカミライ,32,Unknown,103.0
17502,ヨルシカ,66,Unknown,102.0
17503,ラックライフ,53,Unknown,102.0
17504,ルサンチマン,35,Unknown,103.0
17505,ロクデナシ,70,Unknown,102.0
17506,ヴィヴィ(Vo.八木海莉),55,Unknown,91.0
17507,中野家の五つ子,54,Unknown,91.0
17508,二口魔菜 Futakuchi Mana,48,Unknown,101.0
17509,于台煙,23,Unknown,108.0
17510,亜咲花,47,Unknown,91.0
17511,伊藤美来,51,Unknown,91.0
17512,佐々木恵梨,50,Unknown,91.0
17513,倫永亮,21,Unknown,94.0
17514,優客李林,28,Unknown,108.0
17515,冰球樂團,51,Unknown,108.0
17516,劉嘉慧,23,Unknown,108.0
17517,劉珺兒,20,Unknown,94.0
17518,劉雅麗,19,Unknown,94.0
17519,卓文萱,54,Unknown,108.0
17520,吳林峰,52,Unknown,94.0
17521,吳青峰,58,Unknown,108.0
17522,告五人,65,Unknown,108.0
17523,和ぬか,57,Unknown,102.0
17524,唐貓 SUGARCAT,55,Unknown,108.0
17525,夜光性アミューズ,32,Unknown,101.0
17526,大原ゆい子,47,Unknown,91.0
17527,姚蘇蓉,24,Unknown,94.0
17528,守夜人,58,Unknown,108.0
17529,小畑貴裕,59,Unknown,91.0
17530,小虎隊,51,Unknown,108.0
17531,尤雅,22,Unknown,94.0
17532,巫啟賢,22,Unknown,108.0
17533,張偉文,23,Unknown,94.0
17534,張德蘭,23,Unknown,94.0
17535,張玉華,42,Unknown,108.0
17536,張芸京,51,Unknown,108.0
17537,彭家麗,27,Unknown,94.0
17538,文章,22,Unknown,94.0
17539,新青年理髮廳,39,Unknown,94.0
17540,方季惟,22,Unknown,108.0
17541,曲奇,20,Unknown,94.0
17542,曾路得,23,Unknown,94.0
17543,木吉他,22,Unknown,108.0
17544,本間芽衣子（CV.茅野愛衣）,56,Unknown,102.0
17545,朱咪咪,21,Unknown,94.0
17546,李凱馨,36,Unknown,108.0
17547,李千那,0,Unknown,108.0
17548,李炳文,25,Unknown,94.0
17549,李茂山,23,Unknown,108.0
17550,李龍基,29,Unknown,94.0
17551,林凡,54,Unknown,108.0
17552,林姍姍,27,Unknown,94.0
17553,林宇中,21,Unknown,108.0
17554,林師傑,20,Unknown,94.0
17555,林志炫,50,Unknown,108.0
17556,林慧萍,25,Unknown,108.0
17557,林淑容,21,Unknown,94.0
17558,林隆璇,53,Unknown,108.0
17559,柳影虹,20,Unknown,94.0
17560,桶狭間ありさ,46,Unknown,91.0
17561,梁文福,21,Unknown,108.0
17562,梁釗峰,22,Unknown,94.0
17563,梶浦 由記,51,Unknown,91.0
17564,楊培安,52,Unknown,108.0
17565,楊宗憲,27,Unknown,108.0
17566,楊芳儀,25,Unknown,108.0
17567,櫻坂46,40,Unknown,102.0
17568,沈文程,25,Unknown,108.0
17569,沈雁,20,Unknown,94.0
17570,渕上 舞,58,Unknown,91.0
17571,湯寶如,19,Unknown,94.0
17572,溫兆倫,19,Unknown,94.0
17573,潘安邦,24,Unknown,94.0
17574,照井順政,35,Unknown,91.0
17575,物語シリーズ,50,Unknown,91.0
17576,王瑞霞,25,Unknown,108.0
17577,理想混蛋,63,Unknown,108.0
17578,理想混蛋 雞丁,60,Unknown,108.0
17579,畠中 祐,49,Unknown,91.0
17580,白銀御行(CV:古川慎),57,Unknown,91.0
17581,盧業瑂,22,Unknown,94.0
17582,神崎エルザ,35,Unknown,91.0
17583,秀蘭瑪雅,23,Unknown,108.0
17584,羅賓,24,Unknown,108.0
17585,美波,71,Unknown,91.0
17586,翁倩玉,21,Unknown,94.0
17587,老王樂隊,52,Unknown,108.0
17588,胡66,54,Unknown,108.0
17589,艾薇,60,Unknown,108.0
17590,花冷え。,52,Unknown,101.0
17591,花譜,46,Unknown,102.0
17592,茅原実里,48,Unknown,91.0
17593,菲道尔,55,Unknown,108.0
17594,葉佳修,23,Unknown,108.0
17595,葉啟田,24,Unknown,108.0
17596,葉玉卿,18,Unknown,94.0
17597,蔡國權,21,Unknown,94.0
17598,蔡楓華,22,Unknown,94.0
17599,蔡秋鳳,24,Unknown,108.0
17600,蔣志光,19,Unknown,94.0
17601,蕭秉治,55,Unknown,108.0
17602,藤川千愛,49,Unknown,91.0
17603,虹のコンキスタドール,20,Unknown,101.0
17604,袁鳳瑛,44,Unknown,94.0
17605,西卿,28,Unknown,108.0
17606,許光漢,53,Unknown,108.0
17607,許冠英,21,Unknown,94.0
17608,許慧欣,45,Unknown,108.0
17609,許景淳,22,Unknown,108.0
17610,詹雅雯,31,Unknown,108.0
17611,詹雯婷,69,Unknown,32.0
17612,那英,56,Unknown,108.0
17613,邰正宵,22,Unknown,108.0
17614,郭小霖,21,Unknown,94.0
17615,郭金發,22,Unknown,108.0
17616,鄭進一,21,Unknown,108.0
17617,金莎,50,Unknown,108.0
17618,鈴木鈴木,1,Unknown,102.0
17619,阿吉仔,25,Unknown,108.0
17620,阿涵,61,Unknown,108.0
17621,陳中,26,Unknown,108.0
17622,陳健安,49,Unknown,94.0
17623,陳卓賢 Ian,67,Unknown,94.0
17624,陳威全,23,Unknown,108.0
17625,陳思安,25,Unknown,108.0
17626,陳慧珊,0,Unknown,94.0
17627,陳浩德,22,Unknown,94.0
17628,陳潔玲,23,Unknown,94.0
17629,陳百潭,29,Unknown,108.0
17630,陳盈潔,27,Unknown,108.0
17631,陳秀雯,22,Unknown,94.0
17632,陳秋霞,23,Unknown,94.0
17633,陳美玲,26,Unknown,94.0
17634,陳艾玲,25,Unknown,108.0
17635,陳芬蘭,23,Unknown,108.0
17636,陶晶瑩,54,Unknown,108.0
17637,音樂磁場,27,Unknown,108.0
17638,須田景凪,63,Unknown,102.0
17639,颜慧萍,23,Unknown,108.0
17640,風格童星組合,42,Unknown,26.0
17641,高木さん(CV:高橋李依),49,Unknown,91.0
17642,高爾宣 OSN,63,Unknown,108.0
17643,魏嘉瑩 Arrow Wei,24,Unknown,108.0
17644,麗莎,23,Unknown,94.0
17645,黃仲崑,27,Unknown,108.0
17646,黃妃,25,Unknown,108.0
17647,黃小琥,56,Unknown,108.0
17648,黃敏華,20,Unknown,94.0
17649,龍藏Ryuzo,23,Unknown,20.0
